Account,date,daily PnL per trader,Avg Trade Size,Num of Trades,win rate,Long Ratio,Short Ratio,classification,value
0x083384f897ee0f19899168e3b1bec365f52a9012,2024-11-11,0.0,5089.718248587571,177,0.3596123624934521,0.0,1.0,Extreme Greed,76
0x083384f897ee0f19899168e3b1bec365f52a9012,2024-11-17,0.0,7976.664411764705,68,0.3596123624934521,0.0,1.0,Extreme Greed,90
0x083384f897ee0f19899168e3b1bec365f52a9012,2024-11-18,0.0,23734.5,40,0.3596123624934521,0.0,1.0,Extreme Greed,83
0x083384f897ee0f19899168e3b1bec365f52a9012,2024-11-22,-21227.0,28186.666666666668,12,0.3596123624934521,1.0,0.0,Extreme Greed,94
0x083384f897ee0f19899168e3b1bec365f52a9012,2024-11-26,1603.1,17248.14814814815,27,0.3596123624934521,0.4444444444444444,0.5555555555555556,Extreme Greed,79
0x083384f897ee0f19899168e3b1bec365f52a9012,2024-11-28,-132271.0,16058.536341463414,82,0.3596123624934521,1.0,0.0,Extreme Greed,77
0x083384f897ee0f19899168e3b1bec365f52a9012,2024-11-30,0.0,48561.68565217392,23,0.3596123624934521,0.0,1.0,Extreme Greed,84
0x083384f897ee0f19899168e3b1bec365f52a9012,2024-12-06,-175611.00005600002,36736.36242424243,33,0.3596123624934521,1.0,0.0,Greed,72
0x083384f897ee0f19899168e3b1bec365f52a9012,2025-01-19,71393.964098,11410.954021505377,465,0.3596123624934521,0.24086021505376345,0.7591397849462366,Extreme Greed,77
0x083384f897ee0f19899168e3b1bec365f52a9012,2025-01-20,40218.599998,9400.588039215687,51,0.3596123624934521,0.5490196078431373,0.45098039215686275,Extreme Greed,76
0x083384f897ee0f19899168e3b1bec365f52a9012,2025-02-02,76710.0,185847.0,10,0.3596123624934521,0.9,0.1,Greed,60
0x083384f897ee0f19899168e3b1bec365f52a9012,2025-02-03,101011.685664,23593.019856972587,839,0.3596123624934521,0.4171632896305125,0.5828367103694875,Fear,44
0x083384f897ee0f19899168e3b1bec365f52a9012,2025-02-04,375620.270243,10576.687156308852,531,0.3596123624934521,0.20903954802259886,0.7909604519774012,Greed,72
0x083384f897ee0f19899168e3b1bec365f52a9012,2025-02-05,44400.9058,26585.06338095238,210,0.3596123624934521,0.37142857142857144,0.6285714285714286,Neutral,54
0x083384f897ee0f19899168e3b1bec365f52a9012,2025-02-09,30897.0887,10161.056241134751,141,0.3596123624934521,0.9361702127659575,0.06382978723404255,Neutral,46
0x083384f897ee0f19899168e3b1bec365f52a9012,2025-02-10,55086.0,32032.5,48,0.3596123624934521,0.3333333333333333,0.6666666666666666,Fear,43
0x083384f897ee0f19899168e3b1bec365f52a9012,2025-02-11,0.0,134600.00166666668,6,0.3596123624934521,0.0,1.0,Neutral,47
0x083384f897ee0f19899168e3b1bec365f52a9012,2025-02-24,10152.12224,27178.041694915253,59,0.3596123624934521,0.5254237288135594,0.4745762711864407,Neutral,49
0x083384f897ee0f19899168e3b1bec365f52a9012,2025-02-25,115445.395538,13233.776894977169,219,0.3596123624934521,0.4246575342465753,0.5753424657534246,Fear,25
0x083384f897ee0f19899168e3b1bec365f52a9012,2025-02-28,115287.0,24958.908545454546,55,0.3596123624934521,0.01818181818181818,0.9818181818181818,Extreme Fear,16
0x083384f897ee0f19899168e3b1bec365f52a9012,2025-03-01,9482.221441,2985.797555555556,45,0.3596123624934521,0.8,0.2,Extreme Fear,20
0x083384f897ee0f19899168e3b1bec365f52a9012,2025-03-03,533974.662903,8371.136099843994,641,0.3596123624934521,0.8424336973478939,0.15756630265210608,Fear,33
0x083384f897ee0f19899168e3b1bec365f52a9012,2025-03-24,40200.0,79640.0,5,0.3596123624934521,0.8,0.2,Neutral,45
0x083384f897ee0f19899168e3b1bec365f52a9012,2025-04-12,307855.80341,21491.640322580646,31,0.3596123624934521,1.0,0.0,Fear,43
0x23e7a7f8d14b550961925fbfdaa92f5d195ba5bd,2024-11-30,11715.94323,2469.9509090909087,55,0.4427197802197802,0.14545454545454545,0.8545454545454545,Extreme Greed,84
0x23e7a7f8d14b550961925fbfdaa92f5d195ba5bd,2024-12-01,0.0,0.06,1,0.4427197802197802,0.0,1.0,Extreme Greed,81
0x23e7a7f8d14b550961925fbfdaa92f5d195ba5bd,2024-12-06,0.0,1426.8700000000001,34,0.4427197802197802,1.0,0.0,Greed,72
0x23e7a7f8d14b550961925fbfdaa92f5d195ba5bd,2024-12-07,3515.031065,2001.101153846154,26,0.4427197802197802,0.0,1.0,Extreme Greed,75
0x23e7a7f8d14b550961925fbfdaa92f5d195ba5bd,2024-12-09,0.0,1131.888695652174,46,0.4427197802197802,1.0,0.0,Extreme Greed,78
0x23e7a7f8d14b550961925fbfdaa92f5d195ba5bd,2024-12-10,2517.787385,852.88625,64,0.4427197802197802,0.0,1.0,Extreme Greed,78
0x23e7a7f8d14b550961925fbfdaa92f5d195ba5bd,2024-12-18,1613.165903,1913.523898305085,59,0.4427197802197802,0.7457627118644068,0.2542372881355932,Extreme Greed,81
0x23e7a7f8d14b550961925fbfdaa92f5d195ba5bd,2024-12-19,0.0,0.11,1,0.4427197802197802,0.0,1.0,Extreme Greed,75
0x23e7a7f8d14b550961925fbfdaa92f5d195ba5bd,2024-12-20,1245.51851,10051.199411764705,34,0.4427197802197802,0.38235294117647056,0.6176470588235294,Greed,74
0x23e7a7f8d14b550961925fbfdaa92f5d195ba5bd,2025-01-13,0.0,2845.9646153846156,13,0.4427197802197802,1.0,0.0,Greed,61
0x23e7a7f8d14b550961925fbfdaa92f5d195ba5bd,2025-01-17,4493.232479,2440.6282352941175,17,0.4427197802197802,0.0,1.0,Extreme Greed,75
0x23e7a7f8d14b550961925fbfdaa92f5d195ba5bd,2025-01-18,1047.030992,2154.3915384615384,39,0.4427197802197802,0.2564102564102564,0.7435897435897436,Extreme Greed,77
0x23e7a7f8d14b550961925fbfdaa92f5d195ba5bd,2025-01-19,4842.054317,2194.294758064516,124,0.4427197802197802,0.3467741935483871,0.6532258064516129,Extreme Greed,77
0x23e7a7f8d14b550961925fbfdaa92f5d195ba5bd,2025-01-24,1693.493165,1737.369557522124,339,0.4427197802197802,0.415929203539823,0.584070796460177,Extreme Greed,75
0x23e7a7f8d14b550961925fbfdaa92f5d195ba5bd,2025-01-25,4221.156399,2398.331666666667,54,0.4427197802197802,0.9259259259259259,0.07407407407407407,Extreme Greed,75
0x23e7a7f8d14b550961925fbfdaa92f5d195ba5bd,2025-01-27,0.0,1519.465681818182,44,0.4427197802197802,1.0,0.0,Greed,71
0x23e7a7f8d14b550961925fbfdaa92f5d195ba5bd,2025-01-28,6899.2458320000005,1317.0667857142857,56,0.4427197802197802,0.0,1.0,Greed,72
0x23e7a7f8d14b550961925fbfdaa92f5d195ba5bd,2025-01-29,0.0,1602.9452173913044,46,0.4427197802197802,1.0,0.0,Greed,72
0x23e7a7f8d14b550961925fbfdaa92f5d195ba5bd,2025-01-30,7372.485101,1474.6896363636365,55,0.4427197802197802,0.0,1.0,Greed,70
0x23e7a7f8d14b550961925fbfdaa92f5d195ba5bd,2025-02-01,1162.002541,2094.719358974359,78,0.4427197802197802,0.6794871794871795,0.32051282051282054,Greed,68
0x23e7a7f8d14b550961925fbfdaa92f5d195ba5bd,2025-02-02,6352.452613,2792.42166344294,517,0.4427197802197802,0.5222437137330754,0.47775628626692457,Greed,60
0x23e7a7f8d14b550961925fbfdaa92f5d195ba5bd,2025-02-11,-12346.990829,612.1092741935485,124,0.4427197802197802,0.0,1.0,Neutral,47
0x23e7a7f8d14b550961925fbfdaa92f5d195ba5bd,2025-02-12,355.5854,2687.4032704402516,159,0.4427197802197802,0.1949685534591195,0.8050314465408805,Neutral,46
0x23e7a7f8d14b550961925fbfdaa92f5d195ba5bd,2025-02-24,1129.8489260000001,1641.2224999999999,160,0.4427197802197802,0.675,0.325,Neutral,49
0x23e7a7f8d14b550961925fbfdaa92f5d195ba5bd,2025-02-25,-6820.76955,82910.81,1,0.4427197802197802,0.0,1.0,Fear,25
0x23e7a7f8d14b550961925fbfdaa92f5d195ba5bd,2025-02-28,0.0,1462.824423076923,52,0.4427197802197802,1.0,0.0,Extreme Fear,16
0x23e7a7f8d14b550961925fbfdaa92f5d195ba5bd,2025-03-03,2480.902379,1999.099181818182,110,0.4427197802197802,0.5454545454545454,0.45454545454545453,Fear,33
0x23e7a7f8d14b550961925fbfdaa92f5d195ba5bd,2025-03-04,-3169.3554679999997,1756.5103076923076,65,0.4427197802197802,0.8461538461538461,0.15384615384615385,Extreme Fear,15
0x23e7a7f8d14b550961925fbfdaa92f5d195ba5bd,2025-03-07,0.0,1499.4978378378378,37,0.4427197802197802,1.0,0.0,Fear,34
0x23e7a7f8d14b550961925fbfdaa92f5d195ba5bd,2025-03-08,2099.019688,1225.1170212765958,47,0.4427197802197802,0.0,1.0,Fear,28
0x23e7a7f8d14b550961925fbfdaa92f5d195ba5bd,2025-03-09,656.540742,2676.518153846154,65,0.4427197802197802,0.12307692307692308,0.8769230769230769,Fear,27
0x23e7a7f8d14b550961925fbfdaa92f5d195ba5bd,2025-03-10,-1065.797583,3326.2756603773582,53,0.4427197802197802,0.018867924528301886,0.9811320754716981,Extreme Fear,20
0x23e7a7f8d14b550961925fbfdaa92f5d195ba5bd,2025-03-12,1591.753271,2184.328113207547,53,0.4427197802197802,0.018867924528301886,0.9811320754716981,Fear,34
0x23e7a7f8d14b550961925fbfdaa92f5d195ba5bd,2025-03-13,-2315.377191,4259.311481481482,27,0.4427197802197802,0.6296296296296297,0.37037037037037035,Neutral,45
0x23e7a7f8d14b550961925fbfdaa92f5d195ba5bd,2025-03-28,0.0,1460.115,42,0.4427197802197802,1.0,0.0,Fear,44
0x23e7a7f8d14b550961925fbfdaa92f5d195ba5bd,2025-03-29,-5018.466447,580.479381443299,97,0.4427197802197802,0.0,1.0,Fear,26
0x23e7a7f8d14b550961925fbfdaa92f5d195ba5bd,2025-03-31,716.143949,730.8744516129032,155,0.4427197802197802,0.4645161290322581,0.535483870967742,Fear,34
0x23e7a7f8d14b550961925fbfdaa92f5d195ba5bd,2025-04-03,0.0,54768.6,1,0.4427197802197802,1.0,0.0,Fear,25
0x23e7a7f8d14b550961925fbfdaa92f5d195ba5bd,2025-04-15,0.0,16.37,1,0.4427197802197802,1.0,0.0,Fear,38
0x23e7a7f8d14b550961925fbfdaa92f5d195ba5bd,2025-04-16,-95.985744,780.4484090909092,88,0.4427197802197802,0.0,1.0,Fear,29
0x23e7a7f8d14b550961925fbfdaa92f5d195ba5bd,2025-04-17,-133.41237,730.92608,125,0.4427197802197802,0.48,0.52,Fear,30
0x23e7a7f8d14b550961925fbfdaa92f5d195ba5bd,2025-04-18,951.934443,766.7829027576198,689,0.4427197802197802,0.4528301886792453,0.5471698113207547,Fear,33
0x23e7a7f8d14b550961925fbfdaa92f5d195ba5bd,2025-04-19,371.503,552.0850851581508,411,0.4427197802197802,0.29683698296836986,0.7031630170316302,Fear,32
0x23e7a7f8d14b550961925fbfdaa92f5d195ba5bd,2025-04-20,-1892.58947,963.6022222222223,603,0.4427197802197802,0.4925373134328358,0.5074626865671642,Fear,37
0x23e7a7f8d14b550961925fbfdaa92f5d195ba5bd,2025-04-21,3434.689308,887.6931958762888,97,0.4427197802197802,0.0,1.0,Fear,39
0x23e7a7f8d14b550961925fbfdaa92f5d195ba5bd,2025-04-23,2654.14315,2593.2515492957746,568,0.4427197802197802,0.3855633802816901,0.6144366197183099,Greed,72
0x23e7a7f8d14b550961925fbfdaa92f5d195ba5bd,2025-04-24,1867.252909,1679.7829852941175,680,0.4427197802197802,0.5088235294117647,0.49117647058823527,Greed,63
0x23e7a7f8d14b550961925fbfdaa92f5d195ba5bd,2025-04-25,1969.39321,3782.839757575757,330,0.4427197802197802,0.4909090909090909,0.509090909090909,Greed,60
0x23e7a7f8d14b550961925fbfdaa92f5d195ba5bd,2025-04-26,-4648.8710550000005,284.5678402366864,338,0.4427197802197802,0.0,1.0,Greed,65
0x23e7a7f8d14b550961925fbfdaa92f5d195ba5bd,2025-04-27,0.0,1435.3307462686569,67,0.4427197802197802,1.0,0.0,Greed,61
0x23e7a7f8d14b550961925fbfdaa92f5d195ba5bd,2025-04-30,5179.772745,1221.0467469879518,83,0.4427197802197802,0.0,1.0,Greed,56
0x23e7a7f8d14b550961925fbfdaa92f5d195ba5bd,2025-05-01,1243.853569,815.50576,250,0.4427197802197802,0.676,0.324,Neutral,53
0x271b280974205ca63b716753467d5a371de622ab,2024-07-15,-1.0,6070.2,5,0.3019165135206091,0.4,0.6,Neutral,52
0x271b280974205ca63b716753467d5a371de622ab,2024-11-29,1584.342755,1584.35,1,0.3019165135206091,0.0,1.0,Extreme Greed,78
0x271b280974205ca63b716753467d5a371de622ab,2024-12-05,208.81746,39530.9875,4,0.3019165135206091,0.75,0.25,Extreme Greed,84
0x271b280974205ca63b716753467d5a371de622ab,2025-04-09,16706.884912,6131.710464240904,797,0.3019165135206091,0.3450439146800502,0.6549560853199499,Extreme Fear,18
0x271b280974205ca63b716753467d5a371de622ab,2025-04-10,13264.043303999999,21898.95651917404,339,0.3019165135206091,0.6814159292035398,0.3185840707964602,Fear,39
0x271b280974205ca63b716753467d5a371de622ab,2025-04-19,5942.547242,8678.024504792333,313,0.3019165135206091,0.12779552715654952,0.8722044728434505,Fear,32
0x271b280974205ca63b716753467d5a371de622ab,2025-04-20,8277.307357,3079.8473348783314,863,0.3019165135206091,0.4843568945538818,0.5156431054461182,Fear,37
0x271b280974205ca63b716753467d5a371de622ab,2025-04-21,2638.012587,1965.9329745042492,353,0.3019165135206091,0.17280453257790368,0.8271954674220963,Fear,39
0x271b280974205ca63b716753467d5a371de622ab,2025-04-22,-19037.340561,8110.89095959596,594,0.3019165135206091,0.39225589225589225,0.6077441077441077,Neutral,47
0x271b280974205ca63b716753467d5a371de622ab,2025-04-23,-108176.9187,20030.785479744136,469,0.3019165135206091,0.5031982942430704,0.4968017057569296,Greed,72
0x271b280974205ca63b716753467d5a371de622ab,2025-04-24,8157.112326,15603.565285714287,70,0.3019165135206091,0.9571428571428572,0.04285714285714286,Greed,63
0x271b280974205ca63b716753467d5a371de622ab,2025-04-25,0.0,0.17,1,0.3019165135206091,0.0,1.0,Greed,60
0x28736f43f1e871e6aa8b1148d38d4994275d72c4,2024-11-16,159.100072,373.7049462365591,93,0.43858462925400044,0.5268817204301075,0.4731182795698925,Extreme Greed,86
0x28736f43f1e871e6aa8b1148d38d4994275d72c4,2024-11-17,161.289904,353.5228421052631,95,0.43858462925400044,0.47368421052631576,0.5263157894736842,Extreme Greed,90
0x28736f43f1e871e6aa8b1148d38d4994275d72c4,2024-11-18,147.410285,666.941975308642,162,0.43858462925400044,0.4382716049382716,0.5617283950617284,Extreme Greed,83
0x28736f43f1e871e6aa8b1148d38d4994275d72c4,2024-11-19,233.36546,895.9638028169014,213,0.43858462925400044,0.539906103286385,0.460093896713615,Extreme Greed,90
0x28736f43f1e871e6aa8b1148d38d4994275d72c4,2024-11-20,-316.245208,2149.553218673219,407,0.43858462925400044,0.4619164619164619,0.538083538083538,Extreme Greed,83
0x28736f43f1e871e6aa8b1148d38d4994275d72c4,2024-11-21,780.001314,729.007130044843,446,0.43858462925400044,0.5,0.5,Extreme Greed,82
0x28736f43f1e871e6aa8b1148d38d4994275d72c4,2024-11-22,141.21958999999998,422.0099076212471,433,0.43858462925400044,0.48036951501154734,0.5196304849884527,Extreme Greed,94
0x28736f43f1e871e6aa8b1148d38d4994275d72c4,2024-11-23,673.6312,333.45923076923077,156,0.43858462925400044,0.48717948717948717,0.5128205128205128,Extreme Greed,93
0x28736f43f1e871e6aa8b1148d38d4994275d72c4,2024-11-24,108.321127,200.7391304347826,69,0.43858462925400044,0.782608695652174,0.21739130434782608,Extreme Greed,80
0x28736f43f1e871e6aa8b1148d38d4994275d72c4,2024-11-25,464.281002,324.3673333333333,225,0.43858462925400044,0.4711111111111111,0.5288888888888889,Extreme Greed,82
0x28736f43f1e871e6aa8b1148d38d4994275d72c4,2024-11-26,-508.290641,1012.5778341013826,217,0.43858462925400044,0.5852534562211982,0.4147465437788018,Extreme Greed,79
0x28736f43f1e871e6aa8b1148d38d4994275d72c4,2024-11-27,193.66415899999998,1110.83224852071,169,0.43858462925400044,0.40828402366863903,0.591715976331361,Extreme Greed,75
0x28736f43f1e871e6aa8b1148d38d4994275d72c4,2024-11-28,165.532644,946.0768115942029,207,0.43858462925400044,0.5603864734299517,0.4396135265700483,Extreme Greed,77
0x28736f43f1e871e6aa8b1148d38d4994275d72c4,2024-11-29,9551.73423,388.948786407767,206,0.43858462925400044,0.4223300970873786,0.5776699029126213,Extreme Greed,78
0x28736f43f1e871e6aa8b1148d38d4994275d72c4,2024-11-30,5590.528248,315.52253246753247,154,0.43858462925400044,0.38961038961038963,0.6103896103896104,Extreme Greed,84
0x28736f43f1e871e6aa8b1148d38d4994275d72c4,2024-12-01,4458.25495,247.12725388601035,193,0.43858462925400044,0.34196891191709844,0.6580310880829016,Extreme Greed,81
0x28736f43f1e871e6aa8b1148d38d4994275d72c4,2024-12-02,1283.846047,140.36935714285713,140,0.43858462925400044,0.5,0.5,Extreme Greed,80
0x28736f43f1e871e6aa8b1148d38d4994275d72c4,2024-12-03,1190.358719,92.37217948717948,78,0.43858462925400044,0.358974358974359,0.6410256410256411,Extreme Greed,76
0x28736f43f1e871e6aa8b1148d38d4994275d72c4,2024-12-04,9066.169646,165.78285714285715,112,0.43858462925400044,0.26785714285714285,0.7321428571428571,Extreme Greed,78
0x28736f43f1e871e6aa8b1148d38d4994275d72c4,2024-12-05,14685.787664,259.2459183673469,98,0.43858462925400044,0.336734693877551,0.6632653061224489,Extreme Greed,84
0x28736f43f1e871e6aa8b1148d38d4994275d72c4,2024-12-06,389.176232,129.80536231884057,69,0.43858462925400044,0.391304347826087,0.6086956521739131,Greed,72
0x28736f43f1e871e6aa8b1148d38d4994275d72c4,2024-12-07,4008.012049,159.67825581395348,86,0.43858462925400044,0.23255813953488372,0.7674418604651163,Extreme Greed,75
0x28736f43f1e871e6aa8b1148d38d4994275d72c4,2024-12-08,554.009942,77.67176470588235,102,0.43858462925400044,0.30392156862745096,0.696078431372549,Extreme Greed,79
0x28736f43f1e871e6aa8b1148d38d4994275d72c4,2024-12-09,768.430838,88.1318309859155,213,0.43858462925400044,0.7934272300469484,0.20657276995305165,Extreme Greed,78
0x28736f43f1e871e6aa8b1148d38d4994275d72c4,2024-12-10,980.557461,119.62222929936306,157,0.43858462925400044,0.7452229299363057,0.25477707006369427,Extreme Greed,78
0x28736f43f1e871e6aa8b1148d38d4994275d72c4,2024-12-11,1582.001112,124.41204301075268,93,0.43858462925400044,0.17204301075268819,0.8279569892473119,Greed,74
0x28736f43f1e871e6aa8b1148d38d4994275d72c4,2024-12-12,5806.86932,150.14530612244897,147,0.43858462925400044,0.19047619047619047,0.8095238095238095,Extreme Greed,83
0x28736f43f1e871e6aa8b1148d38d4994275d72c4,2024-12-13,1522.284412,88.59193548387097,155,0.43858462925400044,0.535483870967742,0.4645161290322581,Extreme Greed,76
0x28736f43f1e871e6aa8b1148d38d4994275d72c4,2024-12-14,13281.73126,187.5361038961039,154,0.43858462925400044,0.2922077922077922,0.7077922077922078,Extreme Greed,83
0x28736f43f1e871e6aa8b1148d38d4994275d72c4,2024-12-15,5389.96219,125.00722627737227,137,0.43858462925400044,0.44525547445255476,0.5547445255474452,Extreme Greed,80
0x28736f43f1e871e6aa8b1148d38d4994275d72c4,2024-12-16,13190.248859,131.2383043478261,230,0.43858462925400044,0.3695652173913043,0.6304347826086957,Extreme Greed,83
0x28736f43f1e871e6aa8b1148d38d4994275d72c4,2024-12-17,4454.939378,112.67668508287292,181,0.43858462925400044,0.5414364640883977,0.4585635359116022,Extreme Greed,87
0x28736f43f1e871e6aa8b1148d38d4994275d72c4,2024-12-18,3624.489655,124.92068062827224,191,0.43858462925400044,0.5340314136125655,0.46596858638743455,Extreme Greed,81
0x28736f43f1e871e6aa8b1148d38d4994275d72c4,2024-12-19,1525.329937,197.00485294117647,204,0.43858462925400044,0.7794117647058824,0.22058823529411764,Extreme Greed,75
0x28736f43f1e871e6aa8b1148d38d4994275d72c4,2024-12-20,7812.716373,289.6046907216495,194,0.43858462925400044,0.32989690721649484,0.6701030927835051,Greed,74
0x28736f43f1e871e6aa8b1148d38d4994275d72c4,2024-12-21,7465.899936,215.33785046728974,107,0.43858462925400044,0.24299065420560748,0.7570093457943925,Greed,73
0x28736f43f1e871e6aa8b1148d38d4994275d72c4,2024-12-22,1174.025529,174.83481012658228,79,0.43858462925400044,0.569620253164557,0.43037974683544306,Greed,73
0x28736f43f1e871e6aa8b1148d38d4994275d72c4,2024-12-23,122.889996,212.30473684210526,95,0.43858462925400044,0.9052631578947369,0.09473684210526316,Greed,70
0x28736f43f1e871e6aa8b1148d38d4994275d72c4,2024-12-24,1555.956456,282.42354166666667,48,0.43858462925400044,0.1875,0.8125,Greed,73
0x28736f43f1e871e6aa8b1148d38d4994275d72c4,2024-12-25,1530.919365,284.1157575757576,66,0.43858462925400044,0.18181818181818182,0.8181818181818182,Greed,73
0x28736f43f1e871e6aa8b1148d38d4994275d72c4,2024-12-26,101.860928,223.8904761904762,84,0.43858462925400044,0.8571428571428571,0.14285714285714285,Extreme Greed,79
0x28736f43f1e871e6aa8b1148d38d4994275d72c4,2024-12-27,388.366016,221.81794520547948,73,0.43858462925400044,0.547945205479452,0.4520547945205479,Greed,74
0x28736f43f1e871e6aa8b1148d38d4994275d72c4,2024-12-28,506.512551,166.3415873015873,63,0.43858462925400044,0.5555555555555556,0.4444444444444444,Greed,72
0x28736f43f1e871e6aa8b1148d38d4994275d72c4,2024-12-29,115.51218300000001,140.99176470588236,34,0.43858462925400044,0.20588235294117646,0.7941176470588235,Greed,73
0x28736f43f1e871e6aa8b1148d38d4994275d72c4,2024-12-30,255.808312,455.63544,125,0.43858462925400044,0.872,0.128,Greed,65
0x28736f43f1e871e6aa8b1148d38d4994275d72c4,2024-12-31,496.221792,1121.107570093458,107,0.43858462925400044,0.5327102803738317,0.4672897196261682,Greed,64
0x28736f43f1e871e6aa8b1148d38d4994275d72c4,2025-01-01,109.82694000000001,263.3476271186441,59,0.43858462925400044,0.7457627118644068,0.2542372881355932,Greed,66
0x28736f43f1e871e6aa8b1148d38d4994275d72c4,2025-01-02,416.546688,217.69336633663366,101,0.43858462925400044,0.24752475247524752,0.7524752475247525,Greed,70
0x28736f43f1e871e6aa8b1148d38d4994275d72c4,2025-01-03,250.581483,217.15115942028987,69,0.43858462925400044,0.4927536231884058,0.5072463768115942,Greed,74
0x28736f43f1e871e6aa8b1148d38d4994275d72c4,2025-01-04,232.66549799999999,156.68296296296296,81,0.43858462925400044,0.3950617283950617,0.6049382716049383,Greed,73
0x28736f43f1e871e6aa8b1148d38d4994275d72c4,2025-01-05,87.752181,101.1840243902439,82,0.43858462925400044,0.47560975609756095,0.524390243902439,Greed,72
0x28736f43f1e871e6aa8b1148d38d4994275d72c4,2025-01-06,114.68421000000001,82.075375,80,0.43858462925400044,0.225,0.775,Extreme Greed,76
0x28736f43f1e871e6aa8b1148d38d4994275d72c4,2025-01-07,267.846227,103.70087378640777,103,0.43858462925400044,0.8446601941747572,0.1553398058252427,Extreme Greed,78
0x28736f43f1e871e6aa8b1148d38d4994275d72c4,2025-01-08,651.469355,489.99302013422823,149,0.43858462925400044,0.7449664429530202,0.2550335570469799,Greed,70
0x28736f43f1e871e6aa8b1148d38d4994275d72c4,2025-01-09,571.688942,728.4078640776698,103,0.43858462925400044,0.6213592233009708,0.3786407766990291,Greed,69
0x28736f43f1e871e6aa8b1148d38d4994275d72c4,2025-01-10,401.706348,522.1204761904762,84,0.43858462925400044,0.40476190476190477,0.5952380952380952,Neutral,50
0x28736f43f1e871e6aa8b1148d38d4994275d72c4,2025-01-11,157.228232,484.2756756756757,37,0.43858462925400044,0.4864864864864865,0.5135135135135135,Greed,69
0x28736f43f1e871e6aa8b1148d38d4994275d72c4,2025-01-12,274.773033,446.3861904761905,63,0.43858462925400044,0.4603174603174603,0.5396825396825397,Greed,62
0x28736f43f1e871e6aa8b1148d38d4994275d72c4,2025-01-13,53.846609,561.3780327868852,61,0.43858462925400044,0.8032786885245902,0.19672131147540983,Greed,61
0x28736f43f1e871e6aa8b1148d38d4994275d72c4,2025-01-14,894.564828,995.6730952380951,42,0.43858462925400044,0.09523809523809523,0.9047619047619048,Greed,63
0x28736f43f1e871e6aa8b1148d38d4994275d72c4,2025-01-15,55.137803,240.01052631578946,19,0.43858462925400044,0.5263157894736842,0.47368421052631576,Greed,70
0x28736f43f1e871e6aa8b1148d38d4994275d72c4,2025-01-16,238.995461,136.35540229885058,87,0.43858462925400044,0.27586206896551724,0.7241379310344828,Extreme Greed,75
0x28736f43f1e871e6aa8b1148d38d4994275d72c4,2025-01-17,168.92152,118.53914285714285,70,0.43858462925400044,0.5285714285714286,0.4714285714285714,Extreme Greed,75
0x28736f43f1e871e6aa8b1148d38d4994275d72c4,2025-01-18,594.135892,195.20691119691122,259,0.43858462925400044,0.4942084942084942,0.5057915057915058,Extreme Greed,77
0x28736f43f1e871e6aa8b1148d38d4994275d72c4,2025-01-19,102.504343,155.71684782608696,184,0.43858462925400044,0.31521739130434784,0.6847826086956522,Extreme Greed,77
0x28736f43f1e871e6aa8b1148d38d4994275d72c4,2025-01-20,608.885905,169.7668047337278,169,0.43858462925400044,0.6804733727810651,0.31952662721893493,Extreme Greed,76
0x28736f43f1e871e6aa8b1148d38d4994275d72c4,2025-01-21,428.3738,262.3486170212766,94,0.43858462925400044,0.5106382978723404,0.48936170212765956,Extreme Greed,76
0x28736f43f1e871e6aa8b1148d38d4994275d72c4,2025-01-22,589.467131,120.82616071428572,112,0.43858462925400044,0.5089285714285714,0.49107142857142855,Extreme Greed,84
0x28736f43f1e871e6aa8b1148d38d4994275d72c4,2025-01-23,229.609892,128.88065573770493,122,0.43858462925400044,0.7377049180327869,0.26229508196721313,Extreme Greed,75
0x28736f43f1e871e6aa8b1148d38d4994275d72c4,2025-01-24,347.22838,145.0465,120,0.43858462925400044,0.49166666666666664,0.5083333333333333,Extreme Greed,75
0x28736f43f1e871e6aa8b1148d38d4994275d72c4,2025-01-25,124.70498799999999,241.47220338983053,118,0.43858462925400044,0.6186440677966102,0.3813559322033898,Extreme Greed,75
0x28736f43f1e871e6aa8b1148d38d4994275d72c4,2025-01-26,273.211119,334.20924528301884,106,0.43858462925400044,0.5377358490566038,0.46226415094339623,Greed,73
0x28736f43f1e871e6aa8b1148d38d4994275d72c4,2025-01-27,838.930696,1223.7995522388057,268,0.43858462925400044,0.5746268656716418,0.4253731343283582,Greed,71
0x28736f43f1e871e6aa8b1148d38d4994275d72c4,2025-01-28,1019.55769,624.2161589403973,151,0.43858462925400044,0.46357615894039733,0.5364238410596026,Greed,72
0x28736f43f1e871e6aa8b1148d38d4994275d72c4,2025-01-29,152.618804,340.8880952380952,42,0.43858462925400044,0.5238095238095238,0.47619047619047616,Greed,72
0x28736f43f1e871e6aa8b1148d38d4994275d72c4,2025-01-30,1234.2072,394.06465116279065,86,0.43858462925400044,0.29069767441860467,0.7093023255813954,Greed,70
0x28736f43f1e871e6aa8b1148d38d4994275d72c4,2025-01-31,755.916254,374.2630612244898,49,0.43858462925400044,0.22448979591836735,0.7755102040816326,Extreme Greed,76
0x28736f43f1e871e6aa8b1148d38d4994275d72c4,2025-02-01,3.536668000000001,1057.5154901960784,51,0.43858462925400044,0.5882352941176471,0.4117647058823529,Greed,68
0x28736f43f1e871e6aa8b1148d38d4994275d72c4,2025-02-02,-1416.906536,1328.6620879120878,91,0.43858462925400044,0.8791208791208791,0.12087912087912088,Greed,60
0x28736f43f1e871e6aa8b1148d38d4994275d72c4,2025-02-03,439.634046,1251.5914666666667,75,0.43858462925400044,0.36,0.64,Fear,44
0x28736f43f1e871e6aa8b1148d38d4994275d72c4,2025-02-04,1291.500575,1139.6597916666667,48,0.43858462925400044,0.6458333333333334,0.3541666666666667,Greed,72
0x28736f43f1e871e6aa8b1148d38d4994275d72c4,2025-02-05,696.8107239999999,912.4063855421687,83,0.43858462925400044,0.5421686746987951,0.4578313253012048,Neutral,54
0x28736f43f1e871e6aa8b1148d38d4994275d72c4,2025-02-06,358.877096,1453.7044444444446,45,0.43858462925400044,0.6222222222222222,0.37777777777777777,Neutral,49
0x28736f43f1e871e6aa8b1148d38d4994275d72c4,2025-02-07,932.4458159999999,596.832037037037,54,0.43858462925400044,0.3333333333333333,0.6666666666666666,Fear,44
0x28736f43f1e871e6aa8b1148d38d4994275d72c4,2025-02-08,0.0,630.2528125,32,0.43858462925400044,1.0,0.0,Fear,44
0x28736f43f1e871e6aa8b1148d38d4994275d72c4,2025-02-09,31.14195,685.0323529411764,17,0.43858462925400044,0.35294117647058826,0.6470588235294118,Neutral,46
0x28736f43f1e871e6aa8b1148d38d4994275d72c4,2025-02-10,436.833818,1075.9925581395348,43,0.43858462925400044,0.32558139534883723,0.6744186046511628,Fear,43
0x28736f43f1e871e6aa8b1148d38d4994275d72c4,2025-02-11,593.326371,984.2039024390244,41,0.43858462925400044,0.5365853658536586,0.4634146341463415,Neutral,47
0x28736f43f1e871e6aa8b1148d38d4994275d72c4,2025-02-12,198.780392,717.646779661017,59,0.43858462925400044,0.4745762711864407,0.5254237288135594,Neutral,46
0x28736f43f1e871e6aa8b1148d38d4994275d72c4,2025-02-13,287.27875,647.7471428571429,42,0.43858462925400044,0.6428571428571429,0.35714285714285715,Neutral,50
0x28736f43f1e871e6aa8b1148d38d4994275d72c4,2025-02-14,404.813032,536.6263829787234,47,0.43858462925400044,0.10638297872340426,0.8936170212765957,Neutral,48
0x28736f43f1e871e6aa8b1148d38d4994275d72c4,2025-02-15,64.653448,257.83222222222224,9,0.43858462925400044,0.2222222222222222,0.7777777777777778,Neutral,50
0x28736f43f1e871e6aa8b1148d38d4994275d72c4,2025-02-16,59.664989,503.33272727272725,11,0.43858462925400044,0.5454545454545454,0.45454545454545453,Neutral,54
0x28736f43f1e871e6aa8b1148d38d4994275d72c4,2025-02-17,115.824682,466.69214285714287,28,0.43858462925400044,0.6071428571428571,0.39285714285714285,Neutral,51
0x28736f43f1e871e6aa8b1148d38d4994275d72c4,2025-02-18,45.659497,404.88444444444445,36,0.43858462925400044,0.9166666666666666,0.08333333333333333,Neutral,47
0x28736f43f1e871e6aa8b1148d38d4994275d72c4,2025-02-19,20.62415,508.5995454545455,22,0.43858462925400044,0.6363636363636364,0.36363636363636365,Fear,44
0x28736f43f1e871e6aa8b1148d38d4994275d72c4,2025-02-20,278.142839,429.3352830188679,53,0.43858462925400044,0.4716981132075472,0.5283018867924528,Neutral,49
0x28736f43f1e871e6aa8b1148d38d4994275d72c4,2025-02-21,591.659533,320.8220430107527,93,0.43858462925400044,0.3655913978494624,0.6344086021505376,Greed,55
0x28736f43f1e871e6aa8b1148d38d4994275d72c4,2025-02-22,408.03639799999996,523.8093103448275,58,0.43858462925400044,0.5862068965517241,0.41379310344827586,Neutral,49
0x28736f43f1e871e6aa8b1148d38d4994275d72c4,2025-02-23,39.91436,550.5720833333334,24,0.43858462925400044,0.4166666666666667,0.5833333333333334,Neutral,50
0x28736f43f1e871e6aa8b1148d38d4994275d72c4,2025-02-24,180.244855,282.4104918032787,61,0.43858462925400044,0.9344262295081968,0.06557377049180328,Neutral,49
0x28736f43f1e871e6aa8b1148d38d4994275d72c4,2025-02-25,168.27053,883.3975510204082,49,0.43858462925400044,0.8367346938775511,0.16326530612244897,Fear,25
0x28736f43f1e871e6aa8b1148d38d4994275d72c4,2025-02-26,64.59776,242.27088235294116,34,0.43858462925400044,0.7352941176470589,0.2647058823529412,Extreme Fear,21
0x28736f43f1e871e6aa8b1148d38d4994275d72c4,2025-02-27,71.919819,765.107,30,0.43858462925400044,0.6,0.4,Extreme Fear,10
0x28736f43f1e871e6aa8b1148d38d4994275d72c4,2025-02-28,-3425.450348,1611.6066666666666,81,0.43858462925400044,0.6419753086419753,0.35802469135802467,Extreme Fear,16
0x28736f43f1e871e6aa8b1148d38d4994275d72c4,2025-03-01,557.9358,840.2127027027027,37,0.43858462925400044,0.4864864864864865,0.5135135135135135,Extreme Fear,20
0x28736f43f1e871e6aa8b1148d38d4994275d72c4,2025-03-02,8330.21747,1432.3072602739728,73,0.43858462925400044,0.2465753424657534,0.7534246575342466,Fear,26
0x28736f43f1e871e6aa8b1148d38d4994275d72c4,2025-03-03,494.669357,536.928448275862,58,0.43858462925400044,0.8275862068965517,0.1724137931034483,Fear,33
0x28736f43f1e871e6aa8b1148d38d4994275d72c4,2025-03-04,163.73415,1091.9493023255814,43,0.43858462925400044,0.9767441860465116,0.023255813953488372,Extreme Fear,15
0x28736f43f1e871e6aa8b1148d38d4994275d72c4,2025-03-05,437.35445200000004,1109.076923076923,26,0.43858462925400044,0.34615384615384615,0.6538461538461539,Extreme Fear,20
0x28736f43f1e871e6aa8b1148d38d4994275d72c4,2025-03-06,291.46926,856.63,21,0.43858462925400044,0.47619047619047616,0.5238095238095238,Fear,25
0x28736f43f1e871e6aa8b1148d38d4994275d72c4,2025-03-07,411.824274,748.432,40,0.43858462925400044,0.65,0.35,Fear,34
0x28736f43f1e871e6aa8b1148d38d4994275d72c4,2025-03-08,173.811132,698.2522857142857,35,0.43858462925400044,0.6571428571428571,0.34285714285714286,Fear,28
0x28736f43f1e871e6aa8b1148d38d4994275d72c4,2025-03-09,140.953497,1118.493611111111,36,0.43858462925400044,0.8611111111111112,0.1388888888888889,Fear,27
0x28736f43f1e871e6aa8b1148d38d4994275d72c4,2025-03-10,-4026.754395,838.0596774193548,31,0.43858462925400044,0.4838709677419355,0.5161290322580645,Extreme Fear,20
0x28736f43f1e871e6aa8b1148d38d4994275d72c4,2025-03-11,0.0,538.44125,24,0.43858462925400044,1.0,0.0,Extreme Fear,24
0x28736f43f1e871e6aa8b1148d38d4994275d72c4,2025-03-12,33.01095,851.8611111111111,9,0.43858462925400044,0.5555555555555556,0.4444444444444444,Fear,34
0x28736f43f1e871e6aa8b1148d38d4994275d72c4,2025-03-13,465.046501,881.3063636363636,22,0.43858462925400044,0.4090909090909091,0.5909090909090909,Neutral,45
0x28736f43f1e871e6aa8b1148d38d4994275d72c4,2025-03-14,0.0,262.4975,4,0.43858462925400044,0.75,0.25,Fear,27
0x28736f43f1e871e6aa8b1148d38d4994275d72c4,2025-03-16,106.912886,618.9422222222222,27,0.43858462925400044,0.3333333333333333,0.6666666666666666,Fear,30
0x28736f43f1e871e6aa8b1148d38d4994275d72c4,2025-03-17,0.0,653.5999999999999,2,0.43858462925400044,1.0,0.0,Fear,32
0x28736f43f1e871e6aa8b1148d38d4994275d72c4,2025-03-18,40.9165,703.816,15,0.43858462925400044,0.8,0.2,Fear,34
0x28736f43f1e871e6aa8b1148d38d4994275d72c4,2025-03-19,54.9718,539.8872727272727,33,0.43858462925400044,0.09090909090909091,0.9090909090909091,Fear,32
0x28736f43f1e871e6aa8b1148d38d4994275d72c4,2025-03-20,144.656157,1620.353,20,0.43858462925400044,0.3,0.7,Neutral,49
0x28736f43f1e871e6aa8b1148d38d4994275d72c4,2025-03-21,0.5844,187.86083333333332,12,0.43858462925400044,0.8333333333333334,0.16666666666666666,Fear,31
0x28736f43f1e871e6aa8b1148d38d4994275d72c4,2025-03-22,132.087931,559.405294117647,17,0.43858462925400044,0.35294117647058826,0.6470588235294118,Fear,32
0x28736f43f1e871e6aa8b1148d38d4994275d72c4,2025-03-23,79.086899,840.6328571428572,14,0.43858462925400044,0.07142857142857142,0.9285714285714286,Fear,30
0x28736f43f1e871e6aa8b1148d38d4994275d72c4,2025-03-24,808.135252,1334.7422222222222,45,0.43858462925400044,0.24444444444444444,0.7555555555555555,Neutral,45
0x28736f43f1e871e6aa8b1148d38d4994275d72c4,2025-03-25,417.38885700000003,530.670303030303,33,0.43858462925400044,0.6060606060606061,0.3939393939393939,Neutral,46
0x28736f43f1e871e6aa8b1148d38d4994275d72c4,2025-03-26,379.04079,637.0742857142857,35,0.43858462925400044,0.4857142857142857,0.5142857142857142,Neutral,47
0x28736f43f1e871e6aa8b1148d38d4994275d72c4,2025-03-27,-133.035992,1857.9734210526317,38,0.43858462925400044,0.7631578947368421,0.23684210526315788,Fear,40
0x28736f43f1e871e6aa8b1148d38d4994275d72c4,2025-03-28,-21.766132,876.1812195121952,41,0.43858462925400044,0.9024390243902439,0.0975609756097561,Fear,44
0x28736f43f1e871e6aa8b1148d38d4994275d72c4,2025-03-29,28.499012000000004,468.65066666666667,15,0.43858462925400044,1.0,0.0,Fear,26
0x28736f43f1e871e6aa8b1148d38d4994275d72c4,2025-03-30,-743.288757,726.7522727272727,44,0.43858462925400044,0.7045454545454546,0.29545454545454547,Fear,32
0x28736f43f1e871e6aa8b1148d38d4994275d72c4,2025-03-31,3.5652170000000005,375.1351923076923,52,0.43858462925400044,0.7692307692307693,0.23076923076923078,Fear,34
0x28736f43f1e871e6aa8b1148d38d4994275d72c4,2025-04-01,768.351892,422.4107317073171,41,0.43858462925400044,0.34146341463414637,0.6585365853658537,Fear,34
0x28736f43f1e871e6aa8b1148d38d4994275d72c4,2025-04-02,669.381363,414.13428571428574,70,0.43858462925400044,0.38571428571428573,0.6142857142857143,Fear,44
0x28736f43f1e871e6aa8b1148d38d4994275d72c4,2025-04-03,149.51234499999998,453.3190588235294,85,0.43858462925400044,0.7529411764705882,0.24705882352941178,Fear,25
0x28736f43f1e871e6aa8b1148d38d4994275d72c4,2025-04-04,498.73528200000004,280.5443,100,0.43858462925400044,0.33,0.67,Fear,28
0x28736f43f1e871e6aa8b1148d38d4994275d72c4,2025-04-05,177.049662,331.27535714285716,56,0.43858462925400044,0.32142857142857145,0.6785714285714286,Fear,30
0x28736f43f1e871e6aa8b1148d38d4994275d72c4,2025-04-06,-476.77056300000004,387.5243243243243,74,0.43858462925400044,0.5405405405405406,0.4594594594594595,Fear,34
0x28736f43f1e871e6aa8b1148d38d4994275d72c4,2025-04-07,-19833.530157,830.2844666666666,150,0.43858462925400044,0.26666666666666666,0.7333333333333333,Extreme Fear,23
0x28736f43f1e871e6aa8b1148d38d4994275d72c4,2025-04-08,230.103259,279.894,65,0.43858462925400044,0.5538461538461539,0.4461538461538462,Extreme Fear,24
0x28736f43f1e871e6aa8b1148d38d4994275d72c4,2025-04-09,94.077376,244.56867924528302,53,0.43858462925400044,0.6415094339622641,0.3584905660377358,Extreme Fear,18
0x28736f43f1e871e6aa8b1148d38d4994275d72c4,2025-04-10,73.76740699999999,166.24727272727273,22,0.43858462925400044,0.45454545454545453,0.5454545454545454,Fear,39
0x28736f43f1e871e6aa8b1148d38d4994275d72c4,2025-04-11,67.00618399999999,335.15785714285715,14,0.43858462925400044,0.5,0.5,Fear,25
0x28736f43f1e871e6aa8b1148d38d4994275d72c4,2025-04-12,10.499265,78.19,3,0.43858462925400044,0.0,1.0,Fear,43
0x28736f43f1e871e6aa8b1148d38d4994275d72c4,2025-04-13,-902.0714839999999,269.5942105263158,19,0.43858462925400044,0.2631578947368421,0.7368421052631579,Neutral,45
0x28736f43f1e871e6aa8b1148d38d4994275d72c4,2025-04-14,27.177561,180.60857142857142,14,0.43858462925400044,0.21428571428571427,0.7857142857142857,Fear,31
0x28736f43f1e871e6aa8b1148d38d4994275d72c4,2025-04-15,-48.794434,186.68235294117648,17,0.43858462925400044,0.35294117647058826,0.6470588235294118,Fear,38
0x28736f43f1e871e6aa8b1148d38d4994275d72c4,2025-04-16,8.738942,32.69,9,0.43858462925400044,0.3333333333333333,0.6666666666666666,Fear,29
0x28736f43f1e871e6aa8b1148d38d4994275d72c4,2025-04-17,-15.688322,162.429,10,0.43858462925400044,0.7,0.3,Fear,30
0x28736f43f1e871e6aa8b1148d38d4994275d72c4,2025-04-18,22.793679,160.54125,8,0.43858462925400044,0.5,0.5,Fear,33
0x28736f43f1e871e6aa8b1148d38d4994275d72c4,2025-04-19,40.803149000000005,75.5942857142857,7,0.43858462925400044,0.2857142857142857,0.7142857142857143,Fear,32
0x28736f43f1e871e6aa8b1148d38d4994275d72c4,2025-04-20,7.707293999999999,87.145,2,0.43858462925400044,0.0,1.0,Fear,37
0x28736f43f1e871e6aa8b1148d38d4994275d72c4,2025-04-21,19.956089,78.33833333333334,6,0.43858462925400044,0.6666666666666666,0.3333333333333333,Fear,39
0x28736f43f1e871e6aa8b1148d38d4994275d72c4,2025-04-22,11.839106000000001,58.678,5,0.43858462925400044,0.0,1.0,Neutral,47
0x28736f43f1e871e6aa8b1148d38d4994275d72c4,2025-04-23,50.899228,91.10846153846154,13,0.43858462925400044,0.0,1.0,Greed,72
0x28736f43f1e871e6aa8b1148d38d4994275d72c4,2025-04-24,1.023851,182.34,1,0.43858462925400044,0.0,1.0,Greed,63
0x28736f43f1e871e6aa8b1148d38d4994275d72c4,2025-04-27,0.265698,49.96,1,0.43858462925400044,1.0,0.0,Greed,61
0x28736f43f1e871e6aa8b1148d38d4994275d72c4,2025-04-28,-0.08516699999999999,156.87,8,0.43858462925400044,0.0,1.0,Neutral,54
0x28736f43f1e871e6aa8b1148d38d4994275d72c4,2025-05-01,16.923621,135.32,2,0.43858462925400044,0.0,1.0,Neutral,53
0x2c229d22b100a7beb69122eed721cee9b24011dd,2024-10-31,-2.5534149999999998,3327.722222222222,9,0.5199135535659154,0.6666666666666666,0.3333333333333333,Extreme Greed,77
0x2c229d22b100a7beb69122eed721cee9b24011dd,2024-11-01,-0.09906000000000104,2139.280714285714,14,0.5199135535659154,0.42857142857142855,0.5714285714285714,Extreme Greed,75
0x2c229d22b100a7beb69122eed721cee9b24011dd,2024-11-06,-3.41119,666.84,3,0.5199135535659154,0.3333333333333333,0.6666666666666666,Greed,70
0x2c229d22b100a7beb69122eed721cee9b24011dd,2024-11-08,-710.786946,2003.9206666666666,15,0.5199135535659154,0.3333333333333333,0.6666666666666666,Extreme Greed,75
0x2c229d22b100a7beb69122eed721cee9b24011dd,2024-11-13,-17.60528,582.841,10,0.5199135535659154,0.3,0.7,Extreme Greed,84
0x2c229d22b100a7beb69122eed721cee9b24011dd,2024-11-14,2215.402997,1825.0886956521738,69,0.5199135535659154,0.7971014492753623,0.2028985507246377,Extreme Greed,88
0x2c229d22b100a7beb69122eed721cee9b24011dd,2024-11-15,2137.203852,1024.2048484848485,33,0.5199135535659154,0.3333333333333333,0.6666666666666666,Extreme Greed,80
0x2c229d22b100a7beb69122eed721cee9b24011dd,2024-11-16,1484.528402,1292.3377272727273,22,0.5199135535659154,0.4090909090909091,0.5909090909090909,Extreme Greed,86
0x2c229d22b100a7beb69122eed721cee9b24011dd,2024-11-18,-8.138354999999999,393.86333333333334,15,0.5199135535659154,0.4666666666666667,0.5333333333333333,Extreme Greed,83
0x2c229d22b100a7beb69122eed721cee9b24011dd,2024-11-20,2626.800865,2627.9109210526312,76,0.5199135535659154,0.34210526315789475,0.6578947368421053,Extreme Greed,83
0x2c229d22b100a7beb69122eed721cee9b24011dd,2024-11-21,-0.15074600000000027,1508.5563636363636,22,0.5199135535659154,0.3181818181818182,0.6818181818181818,Extreme Greed,82
0x2c229d22b100a7beb69122eed721cee9b24011dd,2024-11-22,-260.909686,7077.548245614035,57,0.5199135535659154,0.45614035087719296,0.543859649122807,Extreme Greed,94
0x2c229d22b100a7beb69122eed721cee9b24011dd,2024-11-29,31.04129,525.317,10,0.5199135535659154,0.1,0.9,Extreme Greed,78
0x2c229d22b100a7beb69122eed721cee9b24011dd,2024-11-30,59.744873999999996,6943.03,6,0.5199135535659154,0.6666666666666666,0.3333333333333333,Extreme Greed,84
0x2c229d22b100a7beb69122eed721cee9b24011dd,2024-12-02,16196.864846,2348.7403773584906,53,0.5199135535659154,0.4339622641509434,0.5660377358490566,Extreme Greed,80
0x2c229d22b100a7beb69122eed721cee9b24011dd,2024-12-03,121.535562,1685.5867796610169,59,0.5199135535659154,0.559322033898305,0.4406779661016949,Extreme Greed,76
0x2c229d22b100a7beb69122eed721cee9b24011dd,2024-12-04,7591.307059,3426.9959459459456,37,0.5199135535659154,0.32432432432432434,0.6756756756756757,Extreme Greed,78
0x2c229d22b100a7beb69122eed721cee9b24011dd,2024-12-05,2069.92634,890.1048484848485,33,0.5199135535659154,0.09090909090909091,0.9090909090909091,Extreme Greed,84
0x2c229d22b100a7beb69122eed721cee9b24011dd,2024-12-06,-123.870122,2324.0444444444447,9,0.5199135535659154,0.5555555555555556,0.4444444444444444,Greed,72
0x2c229d22b100a7beb69122eed721cee9b24011dd,2024-12-10,130.883691,1585.4033333333334,12,0.5199135535659154,0.4166666666666667,0.5833333333333334,Extreme Greed,78
0x2c229d22b100a7beb69122eed721cee9b24011dd,2024-12-11,8544.6855,6550.684736842106,19,0.5199135535659154,0.47368421052631576,0.5263157894736842,Greed,74
0x2c229d22b100a7beb69122eed721cee9b24011dd,2024-12-12,7639.595794,5565.801451612903,62,0.5199135535659154,0.3709677419354839,0.6290322580645161,Extreme Greed,83
0x2c229d22b100a7beb69122eed721cee9b24011dd,2024-12-13,1966.9289449999999,1823.863492063492,63,0.5199135535659154,0.2222222222222222,0.7777777777777778,Extreme Greed,76
0x2c229d22b100a7beb69122eed721cee9b24011dd,2024-12-17,214.770101,1000.812,15,0.5199135535659154,0.26666666666666666,0.7333333333333333,Extreme Greed,87
0x2c229d22b100a7beb69122eed721cee9b24011dd,2024-12-20,305.55784,2609.3063636363636,11,0.5199135535659154,0.09090909090909091,0.9090909090909091,Greed,74
0x2c229d22b100a7beb69122eed721cee9b24011dd,2024-12-23,6.476289999999996,7631.325517241379,29,0.5199135535659154,0.20689655172413793,0.7931034482758621,Greed,70
0x2c229d22b100a7beb69122eed721cee9b24011dd,2024-12-24,343.63336100000004,2630.031818181818,11,0.5199135535659154,0.45454545454545453,0.5454545454545454,Greed,73
0x2c229d22b100a7beb69122eed721cee9b24011dd,2024-12-30,0.19908,34.21,2,0.5199135535659154,0.5,0.5,Greed,65
0x2c229d22b100a7beb69122eed721cee9b24011dd,2024-12-31,2243.319777,4127.501224489796,49,0.5199135535659154,0.02040816326530612,0.9795918367346939,Greed,64
0x2c229d22b100a7beb69122eed721cee9b24011dd,2025-01-10,21980.47249,2289.4099264705883,136,0.5199135535659154,0.08088235294117647,0.9191176470588235,Neutral,50
0x2c229d22b100a7beb69122eed721cee9b24011dd,2025-01-11,-2.454844,1785.1328571428571,7,0.5199135535659154,0.5714285714285714,0.42857142857142855,Greed,69
0x2c229d22b100a7beb69122eed721cee9b24011dd,2025-01-15,-18.998214,1943.5483333333332,12,0.5199135535659154,0.25,0.75,Greed,70
0x2c229d22b100a7beb69122eed721cee9b24011dd,2025-01-17,913.985947,6517.080175438597,57,0.5199135535659154,0.3333333333333333,0.6666666666666666,Extreme Greed,75
0x2c229d22b100a7beb69122eed721cee9b24011dd,2025-01-18,-33.4413,116.66499999999999,2,0.5199135535659154,0.5,0.5,Extreme Greed,77
0x2c229d22b100a7beb69122eed721cee9b24011dd,2025-01-19,11437.823511999999,7532.947432432432,74,0.5199135535659154,0.3783783783783784,0.6216216216216216,Extreme Greed,77
0x2c229d22b100a7beb69122eed721cee9b24011dd,2025-01-20,1535.55008,8402.275975609757,82,0.5199135535659154,0.6341463414634146,0.36585365853658536,Extreme Greed,76
0x2c229d22b100a7beb69122eed721cee9b24011dd,2025-01-21,59.672564,125.14200000000001,15,0.5199135535659154,0.6,0.4,Extreme Greed,76
0x2c229d22b100a7beb69122eed721cee9b24011dd,2025-01-22,12769.669401000001,1080.5076419213974,229,0.5199135535659154,0.5633187772925764,0.4366812227074236,Extreme Greed,84
0x2c229d22b100a7beb69122eed721cee9b24011dd,2025-01-23,3776.64959,2468.1846153846154,104,0.5199135535659154,0.3557692307692308,0.6442307692307693,Extreme Greed,75
0x2c229d22b100a7beb69122eed721cee9b24011dd,2025-01-24,363.482456,2124.9794736842105,38,0.5199135535659154,0.3157894736842105,0.6842105263157895,Extreme Greed,75
0x2c229d22b100a7beb69122eed721cee9b24011dd,2025-01-25,2167.17715,5537.374905660377,53,0.5199135535659154,0.37735849056603776,0.6226415094339622,Extreme Greed,75
0x2c229d22b100a7beb69122eed721cee9b24011dd,2025-01-30,159.201612,4589.114666666666,15,0.5199135535659154,0.6,0.4,Greed,70
0x2c229d22b100a7beb69122eed721cee9b24011dd,2025-01-31,14418.18988,5257.4305303030305,132,0.5199135535659154,0.12878787878787878,0.8712121212121212,Extreme Greed,76
0x2c229d22b100a7beb69122eed721cee9b24011dd,2025-02-01,88.50699399999999,5610.000952380952,21,0.5199135535659154,0.23809523809523808,0.7619047619047619,Greed,68
0x2c229d22b100a7beb69122eed721cee9b24011dd,2025-02-06,-639.3510530000001,3750.11868852459,61,0.5199135535659154,0.2786885245901639,0.7213114754098361,Neutral,49
0x2c229d22b100a7beb69122eed721cee9b24011dd,2025-02-07,-1145.924392,2135.150268456376,149,0.5199135535659154,0.31543624161073824,0.6845637583892618,Fear,44
0x2c229d22b100a7beb69122eed721cee9b24011dd,2025-02-13,17378.569333,3578.9056074766354,321,0.5199135535659154,0.3582554517133956,0.6417445482866043,Neutral,50
0x2c229d22b100a7beb69122eed721cee9b24011dd,2025-02-15,590.06989,1285.8944680851064,47,0.5199135535659154,0.3191489361702128,0.6808510638297872,Neutral,50
0x2c229d22b100a7beb69122eed721cee9b24011dd,2025-02-20,3057.28245,5680.961208053691,149,0.5199135535659154,0.053691275167785234,0.9463087248322147,Neutral,49
0x2c229d22b100a7beb69122eed721cee9b24011dd,2025-02-21,8502.805925,2810.3466666666664,60,0.5199135535659154,0.5666666666666667,0.43333333333333335,Greed,55
0x2c229d22b100a7beb69122eed721cee9b24011dd,2025-02-25,169.617628,1016.4883333333333,24,0.5199135535659154,0.25,0.75,Fear,25
0x2c229d22b100a7beb69122eed721cee9b24011dd,2025-02-26,25.30602,156.53799999999998,10,0.5199135535659154,0.1,0.9,Extreme Fear,21
0x2c229d22b100a7beb69122eed721cee9b24011dd,2025-03-05,11113.173067,2537.6704494382025,89,0.5199135535659154,0.34831460674157305,0.651685393258427,Extreme Fear,20
0x2c229d22b100a7beb69122eed721cee9b24011dd,2025-03-06,279.152034,1287.3273333333334,15,0.5199135535659154,0.26666666666666666,0.7333333333333333,Fear,25
0x2c229d22b100a7beb69122eed721cee9b24011dd,2025-03-07,1.17533,972.65,3,0.5199135535659154,0.6666666666666666,0.3333333333333333,Fear,34
0x2c229d22b100a7beb69122eed721cee9b24011dd,2025-03-11,276.7687,3849.383076923077,13,0.5199135535659154,0.23076923076923078,0.7692307692307693,Extreme Fear,24
0x2c229d22b100a7beb69122eed721cee9b24011dd,2025-03-13,924.898908,4074.8460000000005,25,0.5199135535659154,0.64,0.36,Neutral,45
0x2c229d22b100a7beb69122eed721cee9b24011dd,2025-03-21,1215.774424,1528.0594594594593,74,0.5199135535659154,0.28378378378378377,0.7162162162162162,Fear,31
0x2c229d22b100a7beb69122eed721cee9b24011dd,2025-03-23,514.5145660000001,919.33,15,0.5199135535659154,0.4,0.6,Fear,30
0x2c229d22b100a7beb69122eed721cee9b24011dd,2025-03-25,-3323.090682,2000.0732701421803,211,0.5199135535659154,0.6587677725118484,0.3412322274881517,Neutral,46
0x2c229d22b100a7beb69122eed721cee9b24011dd,2025-03-26,2323.99174,1894.7783076923076,65,0.5199135535659154,0.24615384615384617,0.7538461538461538,Neutral,47
0x2c229d22b100a7beb69122eed721cee9b24011dd,2025-04-01,1334.414834,1193.0444444444445,9,0.5199135535659154,0.5555555555555556,0.4444444444444444,Fear,34
0x2c229d22b100a7beb69122eed721cee9b24011dd,2025-04-02,1.1031579999999999,395.24,6,0.5199135535659154,0.5,0.5,Fear,44
0x2c229d22b100a7beb69122eed721cee9b24011dd,2025-04-03,160.127816,739.3319230769231,26,0.5199135535659154,0.2692307692307692,0.7307692307692307,Fear,25
0x2c229d22b100a7beb69122eed721cee9b24011dd,2025-04-11,1419.922474,1310.5517777777777,45,0.5199135535659154,0.24444444444444444,0.7555555555555555,Fear,25
0x2c229d22b100a7beb69122eed721cee9b24011dd,2025-04-14,18.103863,133.5325,8,0.5199135535659154,0.125,0.875,Fear,31
0x2c229d22b100a7beb69122eed721cee9b24011dd,2025-04-18,11.209037,74.56857142857143,7,0.5199135535659154,0.14285714285714285,0.8571428571428571,Fear,33
0x2c229d22b100a7beb69122eed721cee9b24011dd,2025-04-23,29.8368,1284.69,2,0.5199135535659154,0.5,0.5,Greed,72
0x2c229d22b100a7beb69122eed721cee9b24011dd,2025-04-25,0.18414,47.086666666666666,3,0.5199135535659154,0.3333333333333333,0.6666666666666666,Greed,60
0x3998f134d6aaa2b6a5f723806d00fd2bbbbce891,2023-05-01,0.0,159.0,3,0.45521472392638035,1.0,0.0,Greed,63
0x3998f134d6aaa2b6a5f723806d00fd2bbbbce891,2024-01-11,0.0,23066.935,2,0.45521472392638035,1.0,0.0,Extreme Greed,76
0x3998f134d6aaa2b6a5f723806d00fd2bbbbce891,2024-01-15,152.85358,69.98444444444445,9,0.45521472392638035,0.0,1.0,Neutral,52
0x3998f134d6aaa2b6a5f723806d00fd2bbbbce891,2024-01-16,-3238.8,10580.346666666666,6,0.45521472392638035,0.6666666666666666,0.3333333333333333,Greed,64
0x3998f134d6aaa2b6a5f723806d00fd2bbbbce891,2024-01-28,-2478.06972,1646.2754545454545,11,0.45521472392638035,0.0,1.0,Neutral,54
0x3998f134d6aaa2b6a5f723806d00fd2bbbbce891,2024-04-16,0.0,91.08,1,0.45521472392638035,0.0,1.0,Greed,65
0x3998f134d6aaa2b6a5f723806d00fd2bbbbce891,2024-05-29,0.0,6113.468,5,0.45521472392638035,1.0,0.0,Greed,72
0x3998f134d6aaa2b6a5f723806d00fd2bbbbce891,2024-07-24,0.0,0.4266666666666667,3,0.45521472392638035,0.0,1.0,Greed,69
0x3998f134d6aaa2b6a5f723806d00fd2bbbbce891,2024-07-26,0.0,0.81,1,0.45521472392638035,0.0,1.0,Greed,68
0x3998f134d6aaa2b6a5f723806d00fd2bbbbce891,2024-08-01,0.0,0.74,1,0.45521472392638035,0.0,1.0,Neutral,52
0x3998f134d6aaa2b6a5f723806d00fd2bbbbce891,2024-08-03,0.0,0.65,1,0.45521472392638035,0.0,1.0,Fear,37
0x3998f134d6aaa2b6a5f723806d00fd2bbbbce891,2024-08-04,0.0,0.01,1,0.45521472392638035,0.0,1.0,Fear,34
0x3998f134d6aaa2b6a5f723806d00fd2bbbbce891,2024-08-06,215.754798,28.555555555555557,27,0.45521472392638035,0.037037037037037035,0.9629629629629629,Extreme Fear,17
0x3998f134d6aaa2b6a5f723806d00fd2bbbbce891,2024-08-07,0.0,0.0036363636363636364,11,0.45521472392638035,0.0,1.0,Fear,29
0x3998f134d6aaa2b6a5f723806d00fd2bbbbce891,2024-08-17,0.0,1035.7675862068966,29,0.45521472392638035,1.0,0.0,Fear,25
0x3998f134d6aaa2b6a5f723806d00fd2bbbbce891,2024-08-30,0.0,0.69,1,0.45521472392638035,0.0,1.0,Fear,34
0x3998f134d6aaa2b6a5f723806d00fd2bbbbce891,2024-09-05,0.0,0.84,1,0.45521472392638035,0.0,1.0,Fear,29
0x3998f134d6aaa2b6a5f723806d00fd2bbbbce891,2024-11-18,48.185146,116.12333333333333,6,0.45521472392638035,0.16666666666666666,0.8333333333333334,Extreme Greed,83
0x3998f134d6aaa2b6a5f723806d00fd2bbbbce891,2024-11-19,0.0,0.01,1,0.45521472392638035,0.0,1.0,Extreme Greed,90
0x3998f134d6aaa2b6a5f723806d00fd2bbbbce891,2024-11-29,17511.326788,1817.6805357142857,56,0.45521472392638035,0.30357142857142855,0.6964285714285714,Extreme Greed,78
0x3998f134d6aaa2b6a5f723806d00fd2bbbbce891,2024-11-30,19050.661786,2556.5420512820515,39,0.45521472392638035,0.1794871794871795,0.8205128205128205,Extreme Greed,84
0x3998f134d6aaa2b6a5f723806d00fd2bbbbce891,2024-12-01,13.566929,11.366666666666667,3,0.45521472392638035,0.3333333333333333,0.6666666666666666,Extreme Greed,81
0x3998f134d6aaa2b6a5f723806d00fd2bbbbce891,2024-12-02,0.0,0.0,1,0.45521472392638035,0.0,1.0,Extreme Greed,80
0x3998f134d6aaa2b6a5f723806d00fd2bbbbce891,2024-12-14,0.0,5555.551944444444,36,0.45521472392638035,1.0,0.0,Extreme Greed,83
0x3998f134d6aaa2b6a5f723806d00fd2bbbbce891,2024-12-15,346.827642,117.02833333333335,6,0.45521472392638035,0.16666666666666666,0.8333333333333334,Extreme Greed,80
0x3998f134d6aaa2b6a5f723806d00fd2bbbbce891,2024-12-16,0.0,0.0,4,0.45521472392638035,0.0,1.0,Extreme Greed,83
0x3998f134d6aaa2b6a5f723806d00fd2bbbbce891,2024-12-20,22.80272,15.183333333333332,3,0.45521472392638035,0.3333333333333333,0.6666666666666666,Greed,74
0x3998f134d6aaa2b6a5f723806d00fd2bbbbce891,2025-01-20,0.0,183.07999999999998,2,0.45521472392638035,1.0,0.0,Extreme Greed,76
0x3998f134d6aaa2b6a5f723806d00fd2bbbbce891,2025-01-23,-5978.38652,6.186666666666667,3,0.45521472392638035,0.0,1.0,Extreme Greed,75
0x3998f134d6aaa2b6a5f723806d00fd2bbbbce891,2025-01-24,0.0,0.005,2,0.45521472392638035,0.0,1.0,Extreme Greed,75
0x3998f134d6aaa2b6a5f723806d00fd2bbbbce891,2025-02-14,19.530304,25.39,2,0.45521472392638035,0.0,1.0,Neutral,48
0x3998f134d6aaa2b6a5f723806d00fd2bbbbce891,2025-02-21,-350.632694,184.87857142857143,7,0.45521472392638035,0.2857142857142857,0.7142857142857143,Greed,55
0x3998f134d6aaa2b6a5f723806d00fd2bbbbce891,2025-03-06,600.008922,1400.675945945946,37,0.45521472392638035,0.0,1.0,Fear,25
0x3998f134d6aaa2b6a5f723806d00fd2bbbbce891,2025-03-10,-8224.491085,1653.866153846154,26,0.45521472392638035,0.0,1.0,Extreme Fear,20
0x3998f134d6aaa2b6a5f723806d00fd2bbbbce891,2025-03-11,-58444.949486,1948.151092436975,119,0.45521472392638035,0.0,1.0,Extreme Fear,24
0x3998f134d6aaa2b6a5f723806d00fd2bbbbce891,2025-04-06,0.0,2105.072105263158,19,0.45521472392638035,0.0,1.0,Fear,34
0x3998f134d6aaa2b6a5f723806d00fd2bbbbce891,2025-04-07,9485.86,1811.634426229508,61,0.45521472392638035,0.3442622950819672,0.6557377049180327,Extreme Fear,23
0x3998f134d6aaa2b6a5f723806d00fd2bbbbce891,2025-04-09,0.0,1333.3193333333334,30,0.45521472392638035,0.0,1.0,Extreme Fear,18
0x3998f134d6aaa2b6a5f723806d00fd2bbbbce891,2025-04-12,2466.604719,1105.835625,32,0.45521472392638035,1.0,0.0,Fear,43
0x3998f134d6aaa2b6a5f723806d00fd2bbbbce891,2025-04-13,1076.778732,2341.0022222222224,9,0.45521472392638035,1.0,0.0,Neutral,45
0x3998f134d6aaa2b6a5f723806d00fd2bbbbce891,2025-04-21,-3533.6725370000004,1459.0874193548386,124,0.45521472392638035,0.06451612903225806,0.9354838709677419,Fear,39
0x3998f134d6aaa2b6a5f723806d00fd2bbbbce891,2025-04-22,0.0,0.01,1,0.45521472392638035,0.0,1.0,Neutral,47
0x3998f134d6aaa2b6a5f723806d00fd2bbbbce891,2025-04-25,34.63999,826.7301369863014,73,0.45521472392638035,0.0,1.0,Greed,60
0x39cef799f8b69da1995852eea189df24eb5cae3c,2024-11-12,0.0,5195.3,2,0.32766787405962666,1.0,0.0,Extreme Greed,80
0x39cef799f8b69da1995852eea189df24eb5cae3c,2024-11-20,-808.158708,10882.16,2,0.32766787405962666,0.5,0.5,Extreme Greed,83
0x39cef799f8b69da1995852eea189df24eb5cae3c,2024-12-01,0.0,199.81,1,0.32766787405962666,0.0,1.0,Extreme Greed,81
0x39cef799f8b69da1995852eea189df24eb5cae3c,2024-12-03,0.0,209.94,1,0.32766787405962666,0.0,1.0,Extreme Greed,76
0x39cef799f8b69da1995852eea189df24eb5cae3c,2024-12-05,0.0,10238.081666666667,6,0.32766787405962666,1.0,0.0,Extreme Greed,84
0x39cef799f8b69da1995852eea189df24eb5cae3c,2024-12-06,0.0,1657.5529999999999,20,0.32766787405962666,0.25,0.75,Greed,72
0x39cef799f8b69da1995852eea189df24eb5cae3c,2024-12-09,483.662076,603.1,8,0.32766787405962666,1.0,0.0,Extreme Greed,78
0x39cef799f8b69da1995852eea189df24eb5cae3c,2024-12-10,0.0,22522.036666666667,3,0.32766787405962666,1.0,0.0,Extreme Greed,78
0x39cef799f8b69da1995852eea189df24eb5cae3c,2024-12-11,3721.345649,40012.55,4,0.32766787405962666,0.0,1.0,Greed,74
0x39cef799f8b69da1995852eea189df24eb5cae3c,2024-12-13,1116.8006,2954.652692307692,26,0.32766787405962666,0.5,0.5,Extreme Greed,76
0x39cef799f8b69da1995852eea189df24eb5cae3c,2024-12-14,1898.178342,6591.46,1,0.32766787405962666,0.0,1.0,Extreme Greed,83
0x39cef799f8b69da1995852eea189df24eb5cae3c,2024-12-15,6623.483154,1993.9885714285715,28,0.32766787405962666,0.17857142857142858,0.8214285714285714,Extreme Greed,80
0x39cef799f8b69da1995852eea189df24eb5cae3c,2024-12-16,6942.186825,5866.705,14,0.32766787405962666,0.35714285714285715,0.6428571428571429,Extreme Greed,83
0x39cef799f8b69da1995852eea189df24eb5cae3c,2024-12-18,136.054186,679.3075,12,0.32766787405962666,0.75,0.25,Extreme Greed,81
0x39cef799f8b69da1995852eea189df24eb5cae3c,2024-12-20,1676.3027260000001,2837.6875,4,0.32766787405962666,0.5,0.5,Greed,74
0x39cef799f8b69da1995852eea189df24eb5cae3c,2024-12-24,14849.788861,17744.187894736842,19,0.32766787405962666,0.15789473684210525,0.8421052631578947,Greed,73
0x39cef799f8b69da1995852eea189df24eb5cae3c,2025-01-01,-9655.676981,15270.597499999998,12,0.32766787405962666,0.5,0.5,Greed,66
0x39cef799f8b69da1995852eea189df24eb5cae3c,2025-01-03,0.0,6217.48,1,0.32766787405962666,1.0,0.0,Greed,74
0x39cef799f8b69da1995852eea189df24eb5cae3c,2025-01-14,0.0,800.29,3,0.32766787405962666,0.0,1.0,Greed,63
0x39cef799f8b69da1995852eea189df24eb5cae3c,2025-01-19,-1584.55781,15271.743333333334,3,0.32766787405962666,0.0,1.0,Extreme Greed,77
0x39cef799f8b69da1995852eea189df24eb5cae3c,2025-01-20,-401.2638,14949.164999999999,4,0.32766787405962666,0.25,0.75,Extreme Greed,76
0x39cef799f8b69da1995852eea189df24eb5cae3c,2025-01-23,0.0,11250.0,4,0.32766787405962666,1.0,0.0,Extreme Greed,75
0x39cef799f8b69da1995852eea189df24eb5cae3c,2025-02-23,2.9205,2401.1383333333333,6,0.32766787405962666,0.8333333333333334,0.16666666666666666,Neutral,50
0x39cef799f8b69da1995852eea189df24eb5cae3c,2025-03-04,863.956464,3213.5458730158734,63,0.32766787405962666,0.5238095238095238,0.47619047619047616,Extreme Fear,15
0x39cef799f8b69da1995852eea189df24eb5cae3c,2025-03-05,8187.59426,3514.7537209302327,43,0.32766787405962666,0.4418604651162791,0.5581395348837209,Extreme Fear,20
0x39cef799f8b69da1995852eea189df24eb5cae3c,2025-03-10,-37230.786609,48134.545,2,0.32766787405962666,0.0,1.0,Extreme Fear,20
0x39cef799f8b69da1995852eea189df24eb5cae3c,2025-03-12,0.0,2549.7482051282054,39,0.32766787405962666,0.0,1.0,Fear,34
0x39cef799f8b69da1995852eea189df24eb5cae3c,2025-03-17,17926.355742,1908.0640975609756,205,0.32766787405962666,0.5219512195121951,0.47804878048780486,Fear,32
0x39cef799f8b69da1995852eea189df24eb5cae3c,2025-03-18,238.31419899999997,2061.155088339223,283,0.32766787405962666,0.18021201413427562,0.8197879858657244,Fear,34
0x39cef799f8b69da1995852eea189df24eb5cae3c,2025-03-19,909.907336,2421.7106722689077,119,0.32766787405962666,0.01680672268907563,0.9831932773109243,Fear,32
0x39cef799f8b69da1995852eea189df24eb5cae3c,2025-03-20,0.0,607.7802439024391,82,0.32766787405962666,0.0,1.0,Neutral,49
0x39cef799f8b69da1995852eea189df24eb5cae3c,2025-03-21,0.0,10058.62,3,0.32766787405962666,1.0,0.0,Fear,31
0x39cef799f8b69da1995852eea189df24eb5cae3c,2025-03-23,4988.749429,4121.473548387096,93,0.32766787405962666,0.5591397849462365,0.44086021505376344,Fear,30
0x39cef799f8b69da1995852eea189df24eb5cae3c,2025-03-24,3896.627832,1703.6174999999998,20,0.32766787405962666,0.0,1.0,Neutral,45
0x39cef799f8b69da1995852eea189df24eb5cae3c,2025-03-25,0.0,100176.1,1,0.32766787405962666,0.0,1.0,Neutral,46
0x39cef799f8b69da1995852eea189df24eb5cae3c,2025-03-26,3782.33025,2294.2153571428576,28,0.32766787405962666,1.0,0.0,Neutral,47
0x39cef799f8b69da1995852eea189df24eb5cae3c,2025-03-27,6504.316844999999,1543.4331460674157,178,0.32766787405962666,0.16853932584269662,0.8314606741573034,Fear,40
0x39cef799f8b69da1995852eea189df24eb5cae3c,2025-04-03,0.0,4742.898943661972,142,0.32766787405962666,0.0,1.0,Fear,25
0x39cef799f8b69da1995852eea189df24eb5cae3c,2025-04-04,266.39774,19800.740588235294,34,0.32766787405962666,1.0,0.0,Fear,28
0x39cef799f8b69da1995852eea189df24eb5cae3c,2025-04-06,24553.541149999997,2824.8166176470586,68,0.32766787405962666,0.3088235294117647,0.6911764705882353,Fear,34
0x39cef799f8b69da1995852eea189df24eb5cae3c,2025-04-07,25941.716413,3895.6048546824545,929,0.32766787405962666,0.5145317545748116,0.48546824542518835,Extreme Fear,23
0x39cef799f8b69da1995852eea189df24eb5cae3c,2025-04-08,3366.444714,10183.131428571429,14,0.32766787405962666,1.0,0.0,Extreme Fear,24
0x39cef799f8b69da1995852eea189df24eb5cae3c,2025-04-09,-77308.420095,4099.378930307941,617,0.32766787405962666,0.8184764991896273,0.18152350081037277,Extreme Fear,18
0x39cef799f8b69da1995852eea189df24eb5cae3c,2025-04-10,-831.2396219999999,5795.6883333333335,306,0.32766787405962666,0.3954248366013072,0.6045751633986928,Fear,39
0x39cef799f8b69da1995852eea189df24eb5cae3c,2025-04-13,3271.3693780000003,20019.11111111111,135,0.32766787405962666,0.5259259259259259,0.4740740740740741,Neutral,45
0x39cef799f8b69da1995852eea189df24eb5cae3c,2025-04-14,128.67829,844654.19,1,0.32766787405962666,0.0,1.0,Fear,31
0x3f9a0aadc7f04a7c9d75dc1b5a6ddd6e36486cf6,2024-10-03,100.375782,2585.338,5,0.4759036144578313,0.4,0.6,Fear,37
0x3f9a0aadc7f04a7c9d75dc1b5a6ddd6e36486cf6,2024-11-03,0.0,9530.66,2,0.4759036144578313,1.0,0.0,Greed,74
0x3f9a0aadc7f04a7c9d75dc1b5a6ddd6e36486cf6,2024-11-04,540.05911,1960.1330000000003,10,0.4759036144578313,0.0,1.0,Greed,70
0x3f9a0aadc7f04a7c9d75dc1b5a6ddd6e36486cf6,2024-11-07,503.46257599999996,1929.28125,16,0.4759036144578313,0.3125,0.6875,Extreme Greed,77
0x3f9a0aadc7f04a7c9d75dc1b5a6ddd6e36486cf6,2024-11-10,0.0,9836.88,1,0.4759036144578313,1.0,0.0,Extreme Greed,78
0x3f9a0aadc7f04a7c9d75dc1b5a6ddd6e36486cf6,2024-11-11,393.07947,2557.49,4,0.4759036144578313,0.0,1.0,Extreme Greed,76
0x3f9a0aadc7f04a7c9d75dc1b5a6ddd6e36486cf6,2024-11-12,0.0,1319.1399999999999,4,0.4759036144578313,1.0,0.0,Extreme Greed,80
0x3f9a0aadc7f04a7c9d75dc1b5a6ddd6e36486cf6,2024-11-13,135.09947,1860.1075,8,0.4759036144578313,0.125,0.875,Extreme Greed,84
0x3f9a0aadc7f04a7c9d75dc1b5a6ddd6e36486cf6,2024-11-15,0.0,930.75,35,0.4759036144578313,1.0,0.0,Extreme Greed,80
0x3f9a0aadc7f04a7c9d75dc1b5a6ddd6e36486cf6,2024-11-19,245.44495999999998,6564.348,5,0.4759036144578313,0.0,1.0,Extreme Greed,90
0x3f9a0aadc7f04a7c9d75dc1b5a6ddd6e36486cf6,2024-11-22,1050.894,2990.737727272727,22,0.4759036144578313,0.6818181818181818,0.3181818181818182,Extreme Greed,94
0x3f9a0aadc7f04a7c9d75dc1b5a6ddd6e36486cf6,2024-11-23,788.45072,3091.247142857143,7,0.4759036144578313,0.0,1.0,Extreme Greed,93
0x3f9a0aadc7f04a7c9d75dc1b5a6ddd6e36486cf6,2024-11-26,0.0,1012.4008333333334,36,0.4759036144578313,1.0,0.0,Extreme Greed,79
0x3f9a0aadc7f04a7c9d75dc1b5a6ddd6e36486cf6,2024-11-28,3855.7522,1612.0868,25,0.4759036144578313,0.0,1.0,Extreme Greed,77
0x3f9a0aadc7f04a7c9d75dc1b5a6ddd6e36486cf6,2024-11-29,0.0,13325.11,10,0.4759036144578313,1.0,0.0,Extreme Greed,78
0x3f9a0aadc7f04a7c9d75dc1b5a6ddd6e36486cf6,2024-12-02,0.0,46692.72,1,0.4759036144578313,1.0,0.0,Extreme Greed,80
0x3f9a0aadc7f04a7c9d75dc1b5a6ddd6e36486cf6,2024-12-26,29897.971695000004,2297.953125,32,0.4759036144578313,0.6875,0.3125,Extreme Greed,79
0x3f9a0aadc7f04a7c9d75dc1b5a6ddd6e36486cf6,2024-12-28,0.0,6154.678,10,0.4759036144578313,1.0,0.0,Greed,72
0x3f9a0aadc7f04a7c9d75dc1b5a6ddd6e36486cf6,2025-01-12,3699.757273,7958.366666666666,3,0.4759036144578313,0.0,1.0,Greed,62
0x3f9a0aadc7f04a7c9d75dc1b5a6ddd6e36486cf6,2025-01-13,0.0,0.22,1,0.4759036144578313,0.0,1.0,Greed,61
0x3f9a0aadc7f04a7c9d75dc1b5a6ddd6e36486cf6,2025-02-14,8019.163096,63734.69,1,0.4759036144578313,0.0,1.0,Neutral,48
0x3f9a0aadc7f04a7c9d75dc1b5a6ddd6e36486cf6,2025-04-04,0.0,63727.4,1,0.4759036144578313,1.0,0.0,Fear,28
0x3f9a0aadc7f04a7c9d75dc1b5a6ddd6e36486cf6,2025-04-05,562.1943200000001,3383.65,19,0.4759036144578313,0.0,1.0,Fear,30
0x3f9a0aadc7f04a7c9d75dc1b5a6ddd6e36486cf6,2025-04-06,0.0,3060.3452380952376,21,0.4759036144578313,0.9523809523809523,0.047619047619047616,Fear,34
0x3f9a0aadc7f04a7c9d75dc1b5a6ddd6e36486cf6,2025-04-09,110.553364,3388.287368421053,19,0.4759036144578313,0.0,1.0,Extreme Fear,18
0x3f9a0aadc7f04a7c9d75dc1b5a6ddd6e36486cf6,2025-04-10,0.0,10728.526666666667,6,0.4759036144578313,0.8333333333333334,0.16666666666666666,Fear,39
0x3f9a0aadc7f04a7c9d75dc1b5a6ddd6e36486cf6,2025-04-12,3593.989207,2517.1996296296297,27,0.4759036144578313,0.0,1.0,Fear,43
0x3f9a0aadc7f04a7c9d75dc1b5a6ddd6e36486cf6,2025-04-13,0.0,0.69,1,0.4759036144578313,0.0,1.0,Neutral,45
0x420ab45e0bd8863569a5efbb9c05d91f40624641,2024-12-06,0.0,10673.925777777777,45,0.2349869451697128,0.0,1.0,Greed,72
0x420ab45e0bd8863569a5efbb9c05d91f40624641,2024-12-12,1762.46,6750.81,10,0.2349869451697128,1.0,0.0,Extreme Greed,83
0x420ab45e0bd8863569a5efbb9c05d91f40624641,2024-12-17,27.63736,3976.0629999999996,20,0.2349869451697128,0.1,0.9,Extreme Greed,87
0x420ab45e0bd8863569a5efbb9c05d91f40624641,2024-12-18,0.0,3081.5213636363637,44,0.2349869451697128,0.0,1.0,Extreme Greed,81
0x420ab45e0bd8863569a5efbb9c05d91f40624641,2024-12-19,2229.5212300000003,4987.015,4,0.2349869451697128,1.0,0.0,Extreme Greed,75
0x420ab45e0bd8863569a5efbb9c05d91f40624641,2024-12-23,12082.95,13593.75,2,0.2349869451697128,1.0,0.0,Greed,70
0x420ab45e0bd8863569a5efbb9c05d91f40624641,2024-12-24,0.0,4312.501428571429,7,0.2349869451697128,0.0,1.0,Greed,73
0x420ab45e0bd8863569a5efbb9c05d91f40624641,2025-01-08,0.0,2966.789166666667,12,0.2349869451697128,0.0,1.0,Greed,70
0x420ab45e0bd8863569a5efbb9c05d91f40624641,2025-01-15,0.0,48455.0,2,0.2349869451697128,0.0,1.0,Greed,70
0x420ab45e0bd8863569a5efbb9c05d91f40624641,2025-01-16,0.0,1508.392,30,0.2349869451697128,0.0,1.0,Extreme Greed,75
0x420ab45e0bd8863569a5efbb9c05d91f40624641,2025-02-08,0.0,10322.714,5,0.2349869451697128,0.0,1.0,Fear,44
0x420ab45e0bd8863569a5efbb9c05d91f40624641,2025-02-14,0.0,2078.9283333333333,12,0.2349869451697128,0.0,1.0,Neutral,48
0x420ab45e0bd8863569a5efbb9c05d91f40624641,2025-03-08,11894.061848,5318.463636363636,11,0.2349869451697128,1.0,0.0,Fear,28
0x420ab45e0bd8863569a5efbb9c05d91f40624641,2025-03-11,9461.082288,2446.7424590163937,61,0.2349869451697128,0.04918032786885246,0.9508196721311475,Extreme Fear,24
0x420ab45e0bd8863569a5efbb9c05d91f40624641,2025-03-14,16017.255710000001,1201.78,8,0.2349869451697128,1.0,0.0,Fear,27
0x420ab45e0bd8863569a5efbb9c05d91f40624641,2025-03-15,74293.663505,3134.3723999999997,25,0.2349869451697128,1.0,0.0,Neutral,46
0x420ab45e0bd8863569a5efbb9c05d91f40624641,2025-03-18,63015.976505,22996.97,5,0.2349869451697128,0.8,0.2,Fear,34
0x420ab45e0bd8863569a5efbb9c05d91f40624641,2025-03-19,0.0,5839.154827586207,58,0.2349869451697128,0.3620689655172414,0.6379310344827587,Fear,32
0x420ab45e0bd8863569a5efbb9c05d91f40624641,2025-03-25,0.0,9047.907272727272,11,0.2349869451697128,0.0,1.0,Neutral,46
0x420ab45e0bd8863569a5efbb9c05d91f40624641,2025-04-10,8720.984286,4002.4445454545453,11,0.2349869451697128,1.0,0.0,Fear,39
0x430f09841d65beb3f27765503d0f850b8bce7713,2024-04-20,0.0,2436.6825,20,0.48423605497170574,1.0,0.0,Greed,66
0x430f09841d65beb3f27765503d0f850b8bce7713,2024-04-25,0.0,753.8510294117647,68,0.48423605497170574,1.0,0.0,Greed,72
0x430f09841d65beb3f27765503d0f850b8bce7713,2024-06-19,0.0,7722.796666666666,3,0.48423605497170574,1.0,0.0,Greed,64
0x430f09841d65beb3f27765503d0f850b8bce7713,2024-06-20,57478.456026,21188.46875,8,0.48423605497170574,0.0,1.0,Greed,60
0x430f09841d65beb3f27765503d0f850b8bce7713,2024-07-23,88084.992348,1072.2595633187773,229,0.48423605497170574,0.0,1.0,Greed,71
0x430f09841d65beb3f27765503d0f850b8bce7713,2024-07-24,0.0,0.335,2,0.48423605497170574,0.0,1.0,Greed,69
0x430f09841d65beb3f27765503d0f850b8bce7713,2024-07-25,0.0,0.94,1,0.48423605497170574,0.0,1.0,Greed,68
0x430f09841d65beb3f27765503d0f850b8bce7713,2024-08-09,0.0,0.12,1,0.48423605497170574,0.0,1.0,Neutral,48
0x430f09841d65beb3f27765503d0f850b8bce7713,2024-08-10,0.0,0.68,1,0.48423605497170574,0.0,1.0,Fear,40
0x430f09841d65beb3f27765503d0f850b8bce7713,2024-08-12,0.0,0.61,1,0.48423605497170574,0.0,1.0,Fear,25
0x430f09841d65beb3f27765503d0f850b8bce7713,2024-08-13,0.0,0.67,1,0.48423605497170574,0.0,1.0,Fear,31
0x430f09841d65beb3f27765503d0f850b8bce7713,2024-08-14,0.0,0.53,1,0.48423605497170574,0.0,1.0,Fear,30
0x430f09841d65beb3f27765503d0f850b8bce7713,2024-08-30,0.0,0.62,1,0.48423605497170574,0.0,1.0,Fear,34
0x430f09841d65beb3f27765503d0f850b8bce7713,2024-08-31,0.0,0.96,1,0.48423605497170574,0.0,1.0,Fear,29
0x430f09841d65beb3f27765503d0f850b8bce7713,2024-09-11,0.0,0.54,1,0.48423605497170574,0.0,1.0,Fear,37
0x430f09841d65beb3f27765503d0f850b8bce7713,2024-09-14,0.0,0.65,1,0.48423605497170574,0.0,1.0,Neutral,50
0x430f09841d65beb3f27765503d0f850b8bce7713,2024-09-21,36165.56933,7202.092173913044,23,0.48423605497170574,0.0,1.0,Neutral,54
0x430f09841d65beb3f27765503d0f850b8bce7713,2024-10-05,0.0,0.61,1,0.48423605497170574,0.0,1.0,Neutral,49
0x430f09841d65beb3f27765503d0f850b8bce7713,2024-10-11,0.0,0.73,1,0.48423605497170574,0.0,1.0,Fear,32
0x430f09841d65beb3f27765503d0f850b8bce7713,2024-11-29,124284.948775,8285.689333333334,15,0.48423605497170574,0.0,1.0,Extreme Greed,78
0x430f09841d65beb3f27765503d0f850b8bce7713,2025-02-07,5615.052102,4485.160645161291,93,0.48423605497170574,0.7419354838709677,0.25806451612903225,Fear,44
0x430f09841d65beb3f27765503d0f850b8bce7713,2025-02-12,22795.8104,4261.555092592593,108,0.48423605497170574,0.5833333333333334,0.4166666666666667,Neutral,46
0x430f09841d65beb3f27765503d0f850b8bce7713,2025-02-21,82117.04336,1500.5277647058824,255,0.48423605497170574,0.0,1.0,Greed,55
0x430f09841d65beb3f27765503d0f850b8bce7713,2025-04-09,0.0,5570.2651898734175,79,0.48423605497170574,1.0,0.0,Extreme Fear,18
0x430f09841d65beb3f27765503d0f850b8bce7713,2025-04-16,0.0,1231.3267948717948,78,0.48423605497170574,0.0,1.0,Fear,29
0x430f09841d65beb3f27765503d0f850b8bce7713,2025-04-18,0.0,1514.5613793103448,58,0.48423605497170574,0.0,1.0,Fear,33
0x430f09841d65beb3f27765503d0f850b8bce7713,2025-04-26,0.0,838.0906060606061,132,0.48423605497170574,0.0,1.0,Greed,65
0x430f09841d65beb3f27765503d0f850b8bce7713,2025-04-29,0.0,2655.1648148148147,54,0.48423605497170574,0.0,1.0,Greed,60
0x47add9a56df66b524d5e2c1993a43cde53b6ed85,2024-11-30,8.570313,249.58375,8,0.35344524005164923,0.875,0.125,Extreme Greed,84
0x47add9a56df66b524d5e2c1993a43cde53b6ed85,2024-12-01,197.422418,358.71500000000003,4,0.35344524005164923,0.5,0.5,Extreme Greed,81
0x47add9a56df66b524d5e2c1993a43cde53b6ed85,2024-12-03,30.727222,330.0188095238095,42,0.35344524005164923,0.6190476190476191,0.38095238095238093,Extreme Greed,76
0x47add9a56df66b524d5e2c1993a43cde53b6ed85,2024-12-04,910.584797,795.8152941176471,102,0.35344524005164923,0.38235294117647056,0.6176470588235294,Extreme Greed,78
0x47add9a56df66b524d5e2c1993a43cde53b6ed85,2024-12-05,3174.023699,587.6594137931035,290,0.35344524005164923,0.5,0.5,Extreme Greed,84
0x47add9a56df66b524d5e2c1993a43cde53b6ed85,2024-12-06,514.886454,1009.2267592592593,108,0.35344524005164923,0.5648148148148148,0.4351851851851852,Greed,72
0x47add9a56df66b524d5e2c1993a43cde53b6ed85,2024-12-07,1040.616939,580.1653888888889,180,0.35344524005164923,0.46111111111111114,0.5388888888888889,Extreme Greed,75
0x47add9a56df66b524d5e2c1993a43cde53b6ed85,2024-12-08,227.072158,423.3769565217391,69,0.35344524005164923,0.4782608695652174,0.5217391304347826,Extreme Greed,79
0x47add9a56df66b524d5e2c1993a43cde53b6ed85,2024-12-09,311.290605,399.53854545454544,55,0.35344524005164923,0.5818181818181818,0.41818181818181815,Extreme Greed,78
0x47add9a56df66b524d5e2c1993a43cde53b6ed85,2024-12-10,1474.670598,512.06510989011,182,0.35344524005164923,0.5989010989010989,0.4010989010989011,Extreme Greed,78
0x47add9a56df66b524d5e2c1993a43cde53b6ed85,2024-12-11,1157.689489,307.6034769230769,325,0.35344524005164923,0.36,0.64,Greed,74
0x47add9a56df66b524d5e2c1993a43cde53b6ed85,2024-12-12,574.398074,458.38842767295597,159,0.35344524005164923,0.4716981132075472,0.5283018867924528,Extreme Greed,83
0x47add9a56df66b524d5e2c1993a43cde53b6ed85,2024-12-13,587.630504,573.9341216216217,148,0.35344524005164923,0.527027027027027,0.47297297297297297,Extreme Greed,76
0x47add9a56df66b524d5e2c1993a43cde53b6ed85,2024-12-14,1178.021061,488.356935483871,62,0.35344524005164923,0.5806451612903226,0.41935483870967744,Extreme Greed,83
0x47add9a56df66b524d5e2c1993a43cde53b6ed85,2024-12-15,10303.889423,622.4760773480663,181,0.35344524005164923,0.5193370165745856,0.48066298342541436,Extreme Greed,80
0x47add9a56df66b524d5e2c1993a43cde53b6ed85,2024-12-16,333.398209,574.7419565217391,92,0.35344524005164923,0.391304347826087,0.6086956521739131,Extreme Greed,83
0x47add9a56df66b524d5e2c1993a43cde53b6ed85,2024-12-17,21172.081622,327.79242424242426,396,0.35344524005164923,0.37626262626262624,0.6237373737373737,Extreme Greed,87
0x47add9a56df66b524d5e2c1993a43cde53b6ed85,2024-12-18,3311.822419,380.76508849557524,226,0.35344524005164923,0.5176991150442478,0.4823008849557522,Extreme Greed,81
0x47add9a56df66b524d5e2c1993a43cde53b6ed85,2024-12-19,3491.018544,427.7865185185185,135,0.35344524005164923,0.5481481481481482,0.45185185185185184,Extreme Greed,75
0x47add9a56df66b524d5e2c1993a43cde53b6ed85,2024-12-20,6049.6938279999995,718.267421875,128,0.35344524005164923,0.546875,0.453125,Greed,74
0x47add9a56df66b524d5e2c1993a43cde53b6ed85,2024-12-21,7454.276452,475.0544978165939,229,0.35344524005164923,0.28820960698689957,0.7117903930131004,Greed,73
0x47add9a56df66b524d5e2c1993a43cde53b6ed85,2024-12-22,1063.854341,441.9328431372549,102,0.35344524005164923,0.5098039215686274,0.49019607843137253,Greed,73
0x47add9a56df66b524d5e2c1993a43cde53b6ed85,2024-12-23,4704.4420789999995,478.66473251028805,486,0.35344524005164923,0.48559670781893005,0.51440329218107,Greed,70
0x47add9a56df66b524d5e2c1993a43cde53b6ed85,2024-12-24,1506.989241,393.04826446280987,121,0.35344524005164923,0.4628099173553719,0.5371900826446281,Greed,73
0x47add9a56df66b524d5e2c1993a43cde53b6ed85,2024-12-25,271.246809,434.2566666666667,99,0.35344524005164923,0.41414141414141414,0.5858585858585859,Greed,73
0x47add9a56df66b524d5e2c1993a43cde53b6ed85,2024-12-26,9136.439892,875.6657499999999,160,0.35344524005164923,0.2875,0.7125,Extreme Greed,79
0x47add9a56df66b524d5e2c1993a43cde53b6ed85,2024-12-27,1473.2450880000001,439.5926086956522,115,0.35344524005164923,0.6086956521739131,0.391304347826087,Greed,74
0x47add9a56df66b524d5e2c1993a43cde53b6ed85,2024-12-28,74.156745,286.27116279069764,43,0.35344524005164923,0.23255813953488372,0.7674418604651163,Greed,72
0x47add9a56df66b524d5e2c1993a43cde53b6ed85,2024-12-29,1609.679253,473.0703260869565,92,0.35344524005164923,0.5217391304347826,0.4782608695652174,Greed,73
0x47add9a56df66b524d5e2c1993a43cde53b6ed85,2024-12-30,240.749155,530.9594915254237,59,0.35344524005164923,0.6101694915254238,0.3898305084745763,Greed,65
0x47add9a56df66b524d5e2c1993a43cde53b6ed85,2024-12-31,97.688169,541.9542424242425,99,0.35344524005164923,0.3434343434343434,0.6565656565656566,Greed,64
0x47add9a56df66b524d5e2c1993a43cde53b6ed85,2025-01-01,17.784696,632.90125,16,0.35344524005164923,0.5625,0.4375,Greed,66
0x47add9a56df66b524d5e2c1993a43cde53b6ed85,2025-01-02,677.276764,548.5241111111111,90,0.35344524005164923,0.3333333333333333,0.6666666666666666,Greed,70
0x47add9a56df66b524d5e2c1993a43cde53b6ed85,2025-01-03,846.655814,321.5754901960784,102,0.35344524005164923,0.5,0.5,Greed,74
0x47add9a56df66b524d5e2c1993a43cde53b6ed85,2025-01-04,73.451675,628.7080701754386,57,0.35344524005164923,0.3508771929824561,0.6491228070175439,Greed,73
0x47add9a56df66b524d5e2c1993a43cde53b6ed85,2025-01-05,8.594753,439.9673684210526,38,0.35344524005164923,0.02631578947368421,0.9736842105263158,Greed,72
0x47add9a56df66b524d5e2c1993a43cde53b6ed85,2025-01-06,559.643925,414.94607142857143,84,0.35344524005164923,0.32142857142857145,0.6785714285714286,Extreme Greed,76
0x47add9a56df66b524d5e2c1993a43cde53b6ed85,2025-01-07,289.257865,1311.98475,40,0.35344524005164923,0.75,0.25,Extreme Greed,78
0x47add9a56df66b524d5e2c1993a43cde53b6ed85,2025-01-08,1377.989592,524.9171122994652,187,0.35344524005164923,0.6684491978609626,0.3315508021390374,Greed,70
0x47add9a56df66b524d5e2c1993a43cde53b6ed85,2025-01-09,279.587921,498.5522105263158,95,0.35344524005164923,0.47368421052631576,0.5263157894736842,Greed,69
0x47add9a56df66b524d5e2c1993a43cde53b6ed85,2025-01-10,-271.259943,586.3769072164948,97,0.35344524005164923,0.4020618556701031,0.5979381443298969,Neutral,50
0x47add9a56df66b524d5e2c1993a43cde53b6ed85,2025-01-11,71.39075800000003,484.43128205128204,39,0.35344524005164923,0.41025641025641024,0.5897435897435898,Greed,69
0x47add9a56df66b524d5e2c1993a43cde53b6ed85,2025-01-12,103.67729899999999,282.01,44,0.35344524005164923,0.22727272727272727,0.7727272727272727,Greed,62
0x47add9a56df66b524d5e2c1993a43cde53b6ed85,2025-01-13,218.429393,540.2710447761193,67,0.35344524005164923,0.417910447761194,0.582089552238806,Greed,61
0x47add9a56df66b524d5e2c1993a43cde53b6ed85,2025-01-14,992.803005,484.3945569620253,79,0.35344524005164923,0.3924050632911392,0.6075949367088608,Greed,63
0x47add9a56df66b524d5e2c1993a43cde53b6ed85,2025-01-15,361.155853,792.0838888888889,72,0.35344524005164923,0.2361111111111111,0.7638888888888888,Greed,70
0x47add9a56df66b524d5e2c1993a43cde53b6ed85,2025-01-16,319.22369499999996,467.3454545454546,88,0.35344524005164923,0.23863636363636365,0.7613636363636364,Extreme Greed,75
0x47add9a56df66b524d5e2c1993a43cde53b6ed85,2025-01-17,498.16985999999997,558.7280000000001,50,0.35344524005164923,0.4,0.6,Extreme Greed,75
0x47add9a56df66b524d5e2c1993a43cde53b6ed85,2025-01-18,307.105046,583.8729411764706,34,0.35344524005164923,0.5294117647058824,0.47058823529411764,Extreme Greed,77
0x47add9a56df66b524d5e2c1993a43cde53b6ed85,2025-01-19,541.742729,855.0277777777778,27,0.35344524005164923,0.5555555555555556,0.4444444444444444,Extreme Greed,77
0x47add9a56df66b524d5e2c1993a43cde53b6ed85,2025-01-20,2262.94445,1131.5053030303031,66,0.35344524005164923,0.7121212121212122,0.2878787878787879,Extreme Greed,76
0x47add9a56df66b524d5e2c1993a43cde53b6ed85,2025-01-21,287.821918,645.536153846154,13,0.35344524005164923,0.6923076923076923,0.3076923076923077,Extreme Greed,76
0x47add9a56df66b524d5e2c1993a43cde53b6ed85,2025-01-22,2867.6138889999997,587.97,98,0.35344524005164923,0.24489795918367346,0.7551020408163265,Extreme Greed,84
0x47add9a56df66b524d5e2c1993a43cde53b6ed85,2025-01-23,420.491149,501.15999999999997,26,0.35344524005164923,0.7307692307692307,0.2692307692307692,Extreme Greed,75
0x47add9a56df66b524d5e2c1993a43cde53b6ed85,2025-01-24,553.5255989999999,583.839,40,0.35344524005164923,0.7,0.3,Extreme Greed,75
0x47add9a56df66b524d5e2c1993a43cde53b6ed85,2025-01-25,416.148576,607.7458333333333,36,0.35344524005164923,0.5277777777777778,0.4722222222222222,Extreme Greed,75
0x47add9a56df66b524d5e2c1993a43cde53b6ed85,2025-01-26,535.938645,586.3983333333333,18,0.35344524005164923,0.2222222222222222,0.7777777777777778,Greed,73
0x47add9a56df66b524d5e2c1993a43cde53b6ed85,2025-01-27,1295.825632,600.4903614457832,83,0.35344524005164923,0.8072289156626506,0.1927710843373494,Greed,71
0x47add9a56df66b524d5e2c1993a43cde53b6ed85,2025-01-28,475.702642,577.776511627907,43,0.35344524005164923,0.18604651162790697,0.813953488372093,Greed,72
0x47add9a56df66b524d5e2c1993a43cde53b6ed85,2025-01-29,41.935052,446.21642857142854,14,0.35344524005164923,0.9285714285714286,0.07142857142857142,Greed,72
0x47add9a56df66b524d5e2c1993a43cde53b6ed85,2025-01-30,783.829317,634.8495454545455,44,0.35344524005164923,0.09090909090909091,0.9090909090909091,Greed,70
0x47add9a56df66b524d5e2c1993a43cde53b6ed85,2025-01-31,488.582241,426.12614035087717,57,0.35344524005164923,0.19298245614035087,0.8070175438596491,Extreme Greed,76
0x47add9a56df66b524d5e2c1993a43cde53b6ed85,2025-02-01,526.448209,490.5812121212121,33,0.35344524005164923,0.696969696969697,0.30303030303030304,Greed,68
0x47add9a56df66b524d5e2c1993a43cde53b6ed85,2025-02-02,-782.6517170000001,475.55675925925925,108,0.35344524005164923,0.7685185185185185,0.23148148148148148,Greed,60
0x47add9a56df66b524d5e2c1993a43cde53b6ed85,2025-02-03,2440.916534,633.5157142857142,182,0.35344524005164923,0.5934065934065934,0.4065934065934066,Fear,44
0x47add9a56df66b524d5e2c1993a43cde53b6ed85,2025-02-04,874.3810560000001,389.9655882352941,34,0.35344524005164923,0.4117647058823529,0.5882352941176471,Greed,72
0x47add9a56df66b524d5e2c1993a43cde53b6ed85,2025-02-05,32.72269,431.90000000000003,3,0.35344524005164923,0.6666666666666666,0.3333333333333333,Neutral,54
0x47add9a56df66b524d5e2c1993a43cde53b6ed85,2025-02-06,922.6724320000001,414.6168253968254,63,0.35344524005164923,0.6190476190476191,0.38095238095238093,Neutral,49
0x47add9a56df66b524d5e2c1993a43cde53b6ed85,2025-02-07,126.11297599999999,288.2288235294118,17,0.35344524005164923,0.5294117647058824,0.47058823529411764,Fear,44
0x47add9a56df66b524d5e2c1993a43cde53b6ed85,2025-02-08,78.902492,532.6045454545455,22,0.35344524005164923,0.8636363636363636,0.13636363636363635,Fear,44
0x47add9a56df66b524d5e2c1993a43cde53b6ed85,2025-02-09,378.027954,352.76931034482755,29,0.35344524005164923,0.3103448275862069,0.6896551724137931,Neutral,46
0x47add9a56df66b524d5e2c1993a43cde53b6ed85,2025-02-10,4.42722,521.32,6,0.35344524005164923,0.0,1.0,Fear,43
0x47add9a56df66b524d5e2c1993a43cde53b6ed85,2025-02-11,314.918282,456.26176470588234,17,0.35344524005164923,0.29411764705882354,0.7058823529411765,Neutral,47
0x47add9a56df66b524d5e2c1993a43cde53b6ed85,2025-02-12,117.09923500000001,661.658,5,0.35344524005164923,0.6,0.4,Neutral,46
0x47add9a56df66b524d5e2c1993a43cde53b6ed85,2025-02-13,534.854304,383.71595744680855,47,0.35344524005164923,0.23404255319148937,0.7659574468085106,Neutral,50
0x47add9a56df66b524d5e2c1993a43cde53b6ed85,2025-02-14,-10.630689999999959,315.5821276595745,47,0.35344524005164923,0.2553191489361702,0.7446808510638298,Neutral,48
0x47add9a56df66b524d5e2c1993a43cde53b6ed85,2025-02-15,231.07204,367.2038095238095,21,0.35344524005164923,0.5238095238095238,0.47619047619047616,Neutral,50
0x47add9a56df66b524d5e2c1993a43cde53b6ed85,2025-02-16,278.922501,396.6439024390244,41,0.35344524005164923,0.7560975609756098,0.24390243902439024,Neutral,54
0x47add9a56df66b524d5e2c1993a43cde53b6ed85,2025-02-17,19.482565,392.2353846153846,13,0.35344524005164923,0.6923076923076923,0.3076923076923077,Neutral,51
0x47add9a56df66b524d5e2c1993a43cde53b6ed85,2025-02-18,336.64107,415.7527777777778,54,0.35344524005164923,0.7037037037037037,0.2962962962962963,Neutral,47
0x47add9a56df66b524d5e2c1993a43cde53b6ed85,2025-02-19,89.261197,303.90090909090907,22,0.35344524005164923,0.8636363636363636,0.13636363636363635,Fear,44
0x47add9a56df66b524d5e2c1993a43cde53b6ed85,2025-02-20,168.023469,378.7576923076923,13,0.35344524005164923,0.5384615384615384,0.46153846153846156,Neutral,49
0x47add9a56df66b524d5e2c1993a43cde53b6ed85,2025-02-21,165.776644,301.59066666666666,15,0.35344524005164923,0.4,0.6,Greed,55
0x47add9a56df66b524d5e2c1993a43cde53b6ed85,2025-02-22,31.523152,343.53666666666663,18,0.35344524005164923,0.3333333333333333,0.6666666666666666,Neutral,49
0x47add9a56df66b524d5e2c1993a43cde53b6ed85,2025-02-23,122.057796,369.9928571428572,7,0.35344524005164923,0.8571428571428571,0.14285714285714285,Neutral,50
0x47add9a56df66b524d5e2c1993a43cde53b6ed85,2025-02-24,437.185458,543.7444827586207,29,0.35344524005164923,0.8620689655172413,0.13793103448275862,Neutral,49
0x47add9a56df66b524d5e2c1993a43cde53b6ed85,2025-02-25,3455.584856,512.5179473684211,190,0.35344524005164923,0.7315789473684211,0.26842105263157895,Fear,25
0x47add9a56df66b524d5e2c1993a43cde53b6ed85,2025-02-26,-200.798196,603.3185714285713,28,0.35344524005164923,0.14285714285714285,0.8571428571428571,Extreme Fear,21
0x47add9a56df66b524d5e2c1993a43cde53b6ed85,2025-02-27,-195.841458,330.11833333333334,18,0.35344524005164923,0.3888888888888889,0.6111111111111112,Extreme Fear,10
0x47add9a56df66b524d5e2c1993a43cde53b6ed85,2025-02-28,933.170538,514.1759154929578,71,0.35344524005164923,0.6619718309859155,0.3380281690140845,Extreme Fear,16
0x47add9a56df66b524d5e2c1993a43cde53b6ed85,2025-03-01,109.593094,617.1918518518519,27,0.35344524005164923,0.18518518518518517,0.8148148148148148,Extreme Fear,20
0x47add9a56df66b524d5e2c1993a43cde53b6ed85,2025-03-02,349.12092600000005,1106.6938095238095,21,0.35344524005164923,0.14285714285714285,0.8571428571428571,Fear,26
0x47add9a56df66b524d5e2c1993a43cde53b6ed85,2025-03-03,376.017126,591.2160606060606,33,0.35344524005164923,0.21212121212121213,0.7878787878787878,Fear,33
0x47add9a56df66b524d5e2c1993a43cde53b6ed85,2025-03-04,444.266681,502.8234375,32,0.35344524005164923,0.96875,0.03125,Extreme Fear,15
0x47add9a56df66b524d5e2c1993a43cde53b6ed85,2025-03-05,423.18325600000003,550.0914285714285,21,0.35344524005164923,0.6190476190476191,0.38095238095238093,Extreme Fear,20
0x47add9a56df66b524d5e2c1993a43cde53b6ed85,2025-03-06,102.92652,742.9966666666666,12,0.35344524005164923,0.3333333333333333,0.6666666666666666,Fear,25
0x47add9a56df66b524d5e2c1993a43cde53b6ed85,2025-03-07,781.670551,463.668064516129,62,0.35344524005164923,0.6935483870967742,0.3064516129032258,Fear,34
0x47add9a56df66b524d5e2c1993a43cde53b6ed85,2025-03-08,119.3611,449.9274193548387,31,0.35344524005164923,0.8387096774193549,0.16129032258064516,Fear,28
0x47add9a56df66b524d5e2c1993a43cde53b6ed85,2025-03-09,0.0,827.6537500000001,8,0.35344524005164923,1.0,0.0,Fear,27
0x47add9a56df66b524d5e2c1993a43cde53b6ed85,2025-03-10,0.0,734.3568750000001,16,0.35344524005164923,1.0,0.0,Extreme Fear,20
0x47add9a56df66b524d5e2c1993a43cde53b6ed85,2025-03-11,266.837111,504.60375,32,0.35344524005164923,0.6875,0.3125,Extreme Fear,24
0x47add9a56df66b524d5e2c1993a43cde53b6ed85,2025-03-12,78.714444,738.5457142857142,7,0.35344524005164923,0.0,1.0,Fear,34
0x47add9a56df66b524d5e2c1993a43cde53b6ed85,2025-03-13,-1.2672399999999993,364.46555555555557,9,0.35344524005164923,0.8888888888888888,0.1111111111111111,Neutral,45
0x47add9a56df66b524d5e2c1993a43cde53b6ed85,2025-03-15,202.313183,837.4561111111111,36,0.35344524005164923,0.08333333333333333,0.9166666666666666,Neutral,46
0x47add9a56df66b524d5e2c1993a43cde53b6ed85,2025-03-16,-6.342484000000001,569.8328571428572,7,0.35344524005164923,0.8571428571428571,0.14285714285714285,Fear,30
0x47add9a56df66b524d5e2c1993a43cde53b6ed85,2025-03-17,-31.277088,705.3433333333334,3,0.35344524005164923,0.0,1.0,Fear,32
0x47add9a56df66b524d5e2c1993a43cde53b6ed85,2025-03-19,-2.8135689999999993,485.3908333333334,12,0.35344524005164923,0.08333333333333333,0.9166666666666666,Fear,32
0x47add9a56df66b524d5e2c1993a43cde53b6ed85,2025-03-20,-147.78931200000002,769.2385,20,0.35344524005164923,0.45,0.55,Neutral,49
0x47add9a56df66b524d5e2c1993a43cde53b6ed85,2025-03-21,39.1247,494.46000000000004,6,0.35344524005164923,0.3333333333333333,0.6666666666666666,Fear,31
0x47add9a56df66b524d5e2c1993a43cde53b6ed85,2025-03-22,-1184.046158,340.78363636363633,11,0.35344524005164923,0.0,1.0,Fear,32
0x47add9a56df66b524d5e2c1993a43cde53b6ed85,2025-03-23,0.0,374.475,2,0.35344524005164923,0.0,1.0,Fear,30
0x47add9a56df66b524d5e2c1993a43cde53b6ed85,2025-03-24,-216.431703,545.196,25,0.35344524005164923,0.32,0.68,Neutral,45
0x47add9a56df66b524d5e2c1993a43cde53b6ed85,2025-03-25,87.95347999999998,377.80999999999995,3,0.35344524005164923,0.3333333333333333,0.6666666666666666,Neutral,46
0x47add9a56df66b524d5e2c1993a43cde53b6ed85,2025-03-26,69.285,749.9666666666667,3,0.35344524005164923,1.0,0.0,Neutral,47
0x47add9a56df66b524d5e2c1993a43cde53b6ed85,2025-03-30,0.0,250.07333333333335,3,0.35344524005164923,1.0,0.0,Fear,32
0x47add9a56df66b524d5e2c1993a43cde53b6ed85,2025-03-31,798.187528,471.555,16,0.35344524005164923,0.9375,0.0625,Fear,34
0x47add9a56df66b524d5e2c1993a43cde53b6ed85,2025-04-01,-680.287463,247.43947368421055,19,0.35344524005164923,0.3157894736842105,0.6842105263157895,Fear,34
0x47add9a56df66b524d5e2c1993a43cde53b6ed85,2025-04-02,93.006465,405.9275,4,0.35344524005164923,0.75,0.25,Fear,44
0x47add9a56df66b524d5e2c1993a43cde53b6ed85,2025-04-03,7.052034,635.2357142857143,14,0.35344524005164923,0.8571428571428571,0.14285714285714285,Fear,25
0x47add9a56df66b524d5e2c1993a43cde53b6ed85,2025-04-04,0.0,874.78,2,0.35344524005164923,1.0,0.0,Fear,28
0x47add9a56df66b524d5e2c1993a43cde53b6ed85,2025-04-05,-132.88134,586.6572,25,0.35344524005164923,0.16,0.84,Fear,30
0x47add9a56df66b524d5e2c1993a43cde53b6ed85,2025-04-06,-1400.5515480000001,661.3813333333333,15,0.35344524005164923,0.4,0.6,Fear,34
0x47add9a56df66b524d5e2c1993a43cde53b6ed85,2025-04-07,-5651.552238,569.6545833333333,48,0.35344524005164923,0.4375,0.5625,Extreme Fear,23
0x47add9a56df66b524d5e2c1993a43cde53b6ed85,2025-04-08,-6745.027414,700.9559523809525,42,0.35344524005164923,0.35714285714285715,0.6428571428571429,Extreme Fear,24
0x47add9a56df66b524d5e2c1993a43cde53b6ed85,2025-04-09,-3911.273892,638.1583928571429,56,0.35344524005164923,0.48214285714285715,0.5178571428571429,Extreme Fear,18
0x47add9a56df66b524d5e2c1993a43cde53b6ed85,2025-04-10,258.032458,520.317619047619,21,0.35344524005164923,0.8571428571428571,0.14285714285714285,Fear,39
0x47add9a56df66b524d5e2c1993a43cde53b6ed85,2025-04-11,608.246567,378.8592857142857,28,0.35344524005164923,0.5,0.5,Fear,25
0x47add9a56df66b524d5e2c1993a43cde53b6ed85,2025-04-12,3105.920269,550.1919512195121,41,0.35344524005164923,0.6341463414634146,0.36585365853658536,Fear,43
0x47add9a56df66b524d5e2c1993a43cde53b6ed85,2025-04-13,490.32631200000003,601.84,26,0.35344524005164923,0.6923076923076923,0.3076923076923077,Neutral,45
0x47add9a56df66b524d5e2c1993a43cde53b6ed85,2025-04-14,263.769257,377.75428571428574,7,0.35344524005164923,0.8571428571428571,0.14285714285714285,Fear,31
0x47add9a56df66b524d5e2c1993a43cde53b6ed85,2025-04-16,17.022667,768.989090909091,11,0.35344524005164923,0.9090909090909091,0.09090909090909091,Fear,29
0x47add9a56df66b524d5e2c1993a43cde53b6ed85,2025-04-17,169.67583499999998,456.538275862069,29,0.35344524005164923,0.2413793103448276,0.7586206896551724,Fear,30
0x47add9a56df66b524d5e2c1993a43cde53b6ed85,2025-04-19,64.128219,375.075,2,0.35344524005164923,0.0,1.0,Fear,32
0x47add9a56df66b524d5e2c1993a43cde53b6ed85,2025-04-20,12.652267000000005,580.8100000000001,21,0.35344524005164923,0.7142857142857143,0.2857142857142857,Fear,37
0x47add9a56df66b524d5e2c1993a43cde53b6ed85,2025-04-21,-2.1503300000000003,249.97833333333332,12,0.35344524005164923,0.75,0.25,Fear,39
0x47add9a56df66b524d5e2c1993a43cde53b6ed85,2025-04-22,-282.266207,343.8335714285714,14,0.35344524005164923,0.14285714285714285,0.8571428571428571,Neutral,47
0x47add9a56df66b524d5e2c1993a43cde53b6ed85,2025-04-23,511.720343,336.54622222222224,45,0.35344524005164923,0.24444444444444444,0.7555555555555555,Greed,72
0x47add9a56df66b524d5e2c1993a43cde53b6ed85,2025-04-24,350.896638,396.0429166666667,24,0.35344524005164923,0.4583333333333333,0.5416666666666666,Greed,63
0x47add9a56df66b524d5e2c1993a43cde53b6ed85,2025-04-25,0.0,392.83714285714285,7,0.35344524005164923,0.42857142857142855,0.5714285714285714,Greed,60
0x47add9a56df66b524d5e2c1993a43cde53b6ed85,2025-04-26,147.607393,288.9161111111111,18,0.35344524005164923,0.3333333333333333,0.6666666666666666,Greed,65
0x47add9a56df66b524d5e2c1993a43cde53b6ed85,2025-04-27,361.183441,370.71153846153845,13,0.35344524005164923,0.38461538461538464,0.6153846153846154,Greed,61
0x47add9a56df66b524d5e2c1993a43cde53b6ed85,2025-04-28,146.420556,360.80111111111114,9,0.35344524005164923,0.5555555555555556,0.4444444444444444,Neutral,54
0x47add9a56df66b524d5e2c1993a43cde53b6ed85,2025-04-29,30.495403,356.9714285714286,7,0.35344524005164923,0.14285714285714285,0.8571428571428571,Greed,60
0x47add9a56df66b524d5e2c1993a43cde53b6ed85,2025-05-01,37.385304,299.0128571428572,7,0.35344524005164923,0.0,1.0,Neutral,53
0x4acb90e786d897ecffb614dc822eb231b4ffb9f4,2024-12-14,0.0,24979.8,1,0.48622589531680444,1.0,0.0,Extreme Greed,83
0x4acb90e786d897ecffb614dc822eb231b4ffb9f4,2024-12-19,7440.638159,5090.390786516854,89,0.48622589531680444,0.5955056179775281,0.4044943820224719,Extreme Greed,75
0x4acb90e786d897ecffb614dc822eb231b4ffb9f4,2024-12-20,53635.529649,9628.82474789916,238,0.48622589531680444,0.542016806722689,0.4579831932773109,Greed,74
0x4acb90e786d897ecffb614dc822eb231b4ffb9f4,2024-12-27,357.346725,7190.583333333333,18,0.48622589531680444,0.5,0.5,Greed,74
0x4acb90e786d897ecffb614dc822eb231b4ffb9f4,2024-12-30,2227.18659,6536.572105263158,38,0.48622589531680444,0.34210526315789475,0.6578947368421053,Greed,65
0x4acb90e786d897ecffb614dc822eb231b4ffb9f4,2025-01-08,0.0,5040.074460431654,139,0.48622589531680444,1.0,0.0,Greed,70
0x4acb90e786d897ecffb614dc822eb231b4ffb9f4,2025-01-09,35352.95374,7755.243541666667,96,0.48622589531680444,0.4166666666666667,0.5833333333333334,Greed,69
0x4acb90e786d897ecffb614dc822eb231b4ffb9f4,2025-01-10,2812.7685,4195.841481481481,27,0.48622589531680444,0.0,1.0,Neutral,50
0x4acb90e786d897ecffb614dc822eb231b4ffb9f4,2025-01-12,927.412681,830.1821794871795,390,0.48622589531680444,0.0,1.0,Greed,62
0x4acb90e786d897ecffb614dc822eb231b4ffb9f4,2025-01-13,0.0,6845.160434782609,23,0.48622589531680444,1.0,0.0,Greed,61
0x4acb90e786d897ecffb614dc822eb231b4ffb9f4,2025-01-16,13963.52,42850.549999999996,4,0.48622589531680444,0.0,1.0,Extreme Greed,75
0x4acb90e786d897ecffb614dc822eb231b4ffb9f4,2025-01-19,1519.769822,3916.7593333333334,30,0.48622589531680444,0.3333333333333333,0.6666666666666666,Extreme Greed,77
0x4acb90e786d897ecffb614dc822eb231b4ffb9f4,2025-01-20,-2427.873799,2596.646976744186,43,0.48622589531680444,0.16279069767441862,0.8372093023255814,Extreme Greed,76
0x4acb90e786d897ecffb614dc822eb231b4ffb9f4,2025-02-20,0.0,1538.4553846153844,13,0.48622589531680444,1.0,0.0,Neutral,49
0x4acb90e786d897ecffb614dc822eb231b4ffb9f4,2025-02-24,856.4737299999999,5876.914634146341,41,0.48622589531680444,0.8292682926829268,0.17073170731707318,Neutral,49
0x4acb90e786d897ecffb614dc822eb231b4ffb9f4,2025-02-25,11271.895074,5634.781581395349,215,0.48622589531680444,0.4697674418604651,0.5302325581395348,Fear,25
0x4acb90e786d897ecffb614dc822eb231b4ffb9f4,2025-02-26,22137.551238,8442.721599999999,50,0.48622589531680444,0.0,1.0,Extreme Fear,21
0x4acb90e786d897ecffb614dc822eb231b4ffb9f4,2025-02-27,503.31943,8378.118333333334,12,0.48622589531680444,0.6666666666666666,0.3333333333333333,Extreme Fear,10
0x4acb90e786d897ecffb614dc822eb231b4ffb9f4,2025-02-28,22299.186495,14857.899887640451,89,0.48622589531680444,0.19101123595505617,0.8089887640449438,Extreme Fear,16
0x4acb90e786d897ecffb614dc822eb231b4ffb9f4,2025-03-03,0.0,10522.962631578948,19,0.48622589531680444,1.0,0.0,Fear,33
0x4acb90e786d897ecffb614dc822eb231b4ffb9f4,2025-03-04,0.0,5549.306774193548,155,0.48622589531680444,1.0,0.0,Extreme Fear,15
0x4acb90e786d897ecffb614dc822eb231b4ffb9f4,2025-03-06,5109.859504,9685.342,15,0.48622589531680444,0.6666666666666666,0.3333333333333333,Fear,25
0x4acb90e786d897ecffb614dc822eb231b4ffb9f4,2025-03-07,0.0,1755.7517543859651,57,0.48622589531680444,1.0,0.0,Fear,34
0x4acb90e786d897ecffb614dc822eb231b4ffb9f4,2025-03-10,0.08712,5590.744561403509,114,0.48622589531680444,0.9912280701754386,0.008771929824561403,Extreme Fear,20
0x4acb90e786d897ecffb614dc822eb231b4ffb9f4,2025-03-11,0.0,3216.501666666667,84,0.48622589531680444,1.0,0.0,Extreme Fear,24
0x4acb90e786d897ecffb614dc822eb231b4ffb9f4,2025-03-13,0.0,4349.66,15,0.48622589531680444,1.0,0.0,Neutral,45
0x4acb90e786d897ecffb614dc822eb231b4ffb9f4,2025-03-20,4839.59228,3233.520923076923,195,0.48622589531680444,0.22564102564102564,0.7743589743589744,Neutral,49
0x4acb90e786d897ecffb614dc822eb231b4ffb9f4,2025-03-21,0.0,1470.5794117647058,17,0.48622589531680444,1.0,0.0,Fear,31
0x4acb90e786d897ecffb614dc822eb231b4ffb9f4,2025-03-22,4350.379248,1308.6299999999999,53,0.48622589531680444,0.0,1.0,Fear,32
0x4acb90e786d897ecffb614dc822eb231b4ffb9f4,2025-03-23,2897.148962,3986.6614473684212,76,0.48622589531680444,0.6578947368421053,0.34210526315789475,Fear,30
0x4acb90e786d897ecffb614dc822eb231b4ffb9f4,2025-03-24,48946.705539,6360.884432432433,185,0.48622589531680444,0.0,1.0,Neutral,45
0x4acb90e786d897ecffb614dc822eb231b4ffb9f4,2025-03-25,30531.101000000002,12797.315200000001,50,0.48622589531680444,0.0,1.0,Neutral,46
0x4acb90e786d897ecffb614dc822eb231b4ffb9f4,2025-03-26,9261.449882,4924.3603571428575,140,0.48622589531680444,0.39285714285714285,0.6071428571428571,Neutral,47
0x4acb90e786d897ecffb614dc822eb231b4ffb9f4,2025-03-29,314.6728,15232.22,23,0.48622589531680444,0.8695652173913043,0.13043478260869565,Fear,26
0x4acb90e786d897ecffb614dc822eb231b4ffb9f4,2025-03-30,5362.529222,12161.259047619047,21,0.48622589531680444,0.0,1.0,Fear,32
0x4acb90e786d897ecffb614dc822eb231b4ffb9f4,2025-03-31,4750.8109939999995,9463.05744680851,47,0.48622589531680444,0.44680851063829785,0.5531914893617021,Fear,34
0x4acb90e786d897ecffb614dc822eb231b4ffb9f4,2025-04-02,444.205198,37473.885625,16,0.48622589531680444,0.625,0.375,Fear,44
0x4acb90e786d897ecffb614dc822eb231b4ffb9f4,2025-04-03,0.0,16666.611,60,0.48622589531680444,1.0,0.0,Fear,25
0x4acb90e786d897ecffb614dc822eb231b4ffb9f4,2025-04-04,0.0,8264.040980392158,51,0.48622589531680444,1.0,0.0,Fear,28
0x4acb90e786d897ecffb614dc822eb231b4ffb9f4,2025-04-05,31134.240601999998,5175.765784313725,102,0.48622589531680444,0.0,1.0,Fear,30
0x4acb90e786d897ecffb614dc822eb231b4ffb9f4,2025-04-06,0.0,5508.490970873787,103,0.48622589531680444,1.0,0.0,Fear,34
0x4acb90e786d897ecffb614dc822eb231b4ffb9f4,2025-04-07,13642.628143,7781.819788359788,189,0.48622589531680444,0.7883597883597884,0.21164021164021163,Extreme Fear,23
0x4acb90e786d897ecffb614dc822eb231b4ffb9f4,2025-04-08,221.0,52275.0,3,0.48622589531680444,0.3333333333333333,0.6666666666666666,Extreme Fear,24
0x4acb90e786d897ecffb614dc822eb231b4ffb9f4,2025-04-09,107892.62706,17935.84644827586,290,0.48622589531680444,0.506896551724138,0.49310344827586206,Extreme Fear,18
0x4acb90e786d897ecffb614dc822eb231b4ffb9f4,2025-04-10,84856.33534,26118.342432432433,222,0.48622589531680444,0.6396396396396397,0.36036036036036034,Fear,39
0x4acb90e786d897ecffb614dc822eb231b4ffb9f4,2025-04-11,122461.112004,24390.13621621622,74,0.48622589531680444,0.0,1.0,Fear,25
0x4acb90e786d897ecffb614dc822eb231b4ffb9f4,2025-04-12,0.0,16878.26676470588,68,0.48622589531680444,0.0,1.0,Fear,43
0x4acb90e786d897ecffb614dc822eb231b4ffb9f4,2025-04-14,21531.8321,26925.528815789472,76,0.48622589531680444,0.6973684210526315,0.3026315789473684,Fear,31
0x4acb90e786d897ecffb614dc822eb231b4ffb9f4,2025-04-15,0.0,3354.117450980392,51,0.48622589531680444,0.0,1.0,Fear,38
0x4acb90e786d897ecffb614dc822eb231b4ffb9f4,2025-04-16,3088.0,166444.0,1,0.48622589531680444,1.0,0.0,Fear,29
0x4acb90e786d897ecffb614dc822eb231b4ffb9f4,2025-04-17,-110.0,28273.666666666668,6,0.48622589531680444,1.0,0.0,Fear,30
0x4acb90e786d897ecffb614dc822eb231b4ffb9f4,2025-04-21,-681.29819,30543.59565217391,23,0.48622589531680444,0.043478260869565216,0.9565217391304348,Fear,39
0x4acb90e786d897ecffb614dc822eb231b4ffb9f4,2025-04-22,132.0,15215.498333333335,6,0.48622589531680444,0.16666666666666666,0.8333333333333334,Neutral,47
0x4acb90e786d897ecffb614dc822eb231b4ffb9f4,2025-04-23,2875.230157,6709.732727272728,121,0.48622589531680444,0.5454545454545454,0.45454545454545453,Greed,72
0x4acb90e786d897ecffb614dc822eb231b4ffb9f4,2025-04-24,459.24741,4407.6721739130435,23,0.48622589531680444,0.9565217391304348,0.043478260869565216,Greed,63
0x4acb90e786d897ecffb614dc822eb231b4ffb9f4,2025-04-25,0.0,63142.666666666664,3,0.48622589531680444,0.0,1.0,Greed,60
0x4acb90e786d897ecffb614dc822eb231b4ffb9f4,2025-04-26,47.876234000000004,6897.073170731707,41,0.48622589531680444,1.0,0.0,Greed,65
0x4acb90e786d897ecffb614dc822eb231b4ffb9f4,2025-04-30,510.0,75258.0,5,0.48622589531680444,0.8,0.2,Greed,56
0x4f93fead39b70a1824f981a54d4e55b278e9f760,2024-03-13,0.0,857.2571428571428,7,0.3603639240506329,1.0,0.0,Extreme Greed,81
0x4f93fead39b70a1824f981a54d4e55b278e9f760,2024-03-14,65.480454,6066.28,1,0.3603639240506329,0.0,1.0,Extreme Greed,88
0x4f93fead39b70a1824f981a54d4e55b278e9f760,2024-03-15,338.42832,3292.47625,8,0.3603639240506329,0.875,0.125,Extreme Greed,83
0x4f93fead39b70a1824f981a54d4e55b278e9f760,2024-03-16,228.57984,4537.276666666667,6,0.3603639240506329,0.8333333333333334,0.16666666666666666,Extreme Greed,81
0x4f93fead39b70a1824f981a54d4e55b278e9f760,2024-03-17,429.683075,6218.810714285714,14,0.3603639240506329,0.7142857142857143,0.2857142857142857,Extreme Greed,79
0x4f93fead39b70a1824f981a54d4e55b278e9f760,2024-03-18,0.0,2833.491666666667,12,0.3603639240506329,1.0,0.0,Extreme Greed,77
0x4f93fead39b70a1824f981a54d4e55b278e9f760,2024-03-19,0.0,2266.8775,4,0.3603639240506329,1.0,0.0,Extreme Greed,79
0x4f93fead39b70a1824f981a54d4e55b278e9f760,2024-03-21,0.0,9744.18,1,0.3603639240506329,1.0,0.0,Extreme Greed,78
0x4f93fead39b70a1824f981a54d4e55b278e9f760,2024-03-25,1302.916428,8159.4742857142855,7,0.3603639240506329,0.0,1.0,Extreme Greed,75
0x4f93fead39b70a1824f981a54d4e55b278e9f760,2024-03-26,20.599193,3426.62,7,0.3603639240506329,0.8571428571428571,0.14285714285714285,Extreme Greed,81
0x4f93fead39b70a1824f981a54d4e55b278e9f760,2024-03-27,189.192,3224.6703703703706,27,0.3603639240506329,0.4444444444444444,0.5555555555555556,Extreme Greed,83
0x4f93fead39b70a1824f981a54d4e55b278e9f760,2024-03-28,0.0,6671.296666666666,3,0.3603639240506329,1.0,0.0,Extreme Greed,80
0x4f93fead39b70a1824f981a54d4e55b278e9f760,2024-03-29,883.097404,5794.291333333333,15,0.3603639240506329,0.6,0.4,Extreme Greed,79
0x4f93fead39b70a1824f981a54d4e55b278e9f760,2024-03-31,912.786145,3070.2276923076925,13,0.3603639240506329,0.0,1.0,Extreme Greed,75
0x4f93fead39b70a1824f981a54d4e55b278e9f760,2024-04-01,0.840939,4654.808275862069,29,0.3603639240506329,0.8620689655172413,0.13793103448275862,Extreme Greed,79
0x4f93fead39b70a1824f981a54d4e55b278e9f760,2024-04-02,883.760812,6072.016756756757,37,0.3603639240506329,0.16216216216216217,0.8378378378378378,Extreme Greed,79
0x4f93fead39b70a1824f981a54d4e55b278e9f760,2024-04-04,0.0,2999.6165625,32,0.3603639240506329,0.0,1.0,Greed,70
0x4f93fead39b70a1824f981a54d4e55b278e9f760,2024-04-05,4444.4983010000005,17253.157,10,0.3603639240506329,1.0,0.0,Extreme Greed,79
0x4f93fead39b70a1824f981a54d4e55b278e9f760,2024-04-06,236.33513399999998,4263.979375,16,0.3603639240506329,0.0,1.0,Extreme Greed,75
0x4f93fead39b70a1824f981a54d4e55b278e9f760,2024-04-07,0.0,2173.397391304348,23,0.3603639240506329,0.0,1.0,Extreme Greed,78
0x4f93fead39b70a1824f981a54d4e55b278e9f760,2024-04-08,0.0,5827.370357142857,28,0.3603639240506329,0.0,1.0,Extreme Greed,76
0x4f93fead39b70a1824f981a54d4e55b278e9f760,2024-04-09,0.0,19021.280000000002,3,0.3603639240506329,0.0,1.0,Extreme Greed,80
0x4f93fead39b70a1824f981a54d4e55b278e9f760,2024-04-10,5207.443414,8578.926097560974,41,0.3603639240506329,0.975609756097561,0.024390243902439025,Extreme Greed,78
0x4f93fead39b70a1824f981a54d4e55b278e9f760,2024-04-11,389.743164,4775.06,16,0.3603639240506329,0.875,0.125,Extreme Greed,76
0x4f93fead39b70a1824f981a54d4e55b278e9f760,2024-04-12,0.0,7138.52761904762,21,0.3603639240506329,1.0,0.0,Extreme Greed,79
0x4f93fead39b70a1824f981a54d4e55b278e9f760,2024-04-13,0.0,8677.150000000001,18,0.3603639240506329,1.0,0.0,Greed,72
0x4f93fead39b70a1824f981a54d4e55b278e9f760,2024-04-14,-36565.98544,9199.4678125,64,0.3603639240506329,0.359375,0.640625,Greed,72
0x4f93fead39b70a1824f981a54d4e55b278e9f760,2024-04-15,0.0,16671.31666666667,3,0.3603639240506329,1.0,0.0,Greed,74
0x4f93fead39b70a1824f981a54d4e55b278e9f760,2024-04-19,1946.4454620000001,9635.940571428573,35,0.3603639240506329,0.14285714285714285,0.8571428571428571,Greed,66
0x4f93fead39b70a1824f981a54d4e55b278e9f760,2024-04-20,0.0,5999.795,2,0.3603639240506329,0.0,1.0,Greed,66
0x4f93fead39b70a1824f981a54d4e55b278e9f760,2024-04-22,0.0,5332.623333333333,9,0.3603639240506329,0.0,1.0,Greed,73
0x4f93fead39b70a1824f981a54d4e55b278e9f760,2024-04-23,759.2148159999999,3567.7494444444446,54,0.3603639240506329,0.6481481481481481,0.35185185185185186,Greed,71
0x4f93fead39b70a1824f981a54d4e55b278e9f760,2024-04-24,279.185907,7063.762,20,0.3603639240506329,0.65,0.35,Greed,72
0x4f93fead39b70a1824f981a54d4e55b278e9f760,2024-04-25,0.0,11496.523333333333,6,0.3603639240506329,1.0,0.0,Greed,72
0x4f93fead39b70a1824f981a54d4e55b278e9f760,2024-04-27,4281.488139,5713.498888888889,27,0.3603639240506329,0.0,1.0,Greed,67
0x4f93fead39b70a1824f981a54d4e55b278e9f760,2024-04-28,0.0,3374.92625,8,0.3603639240506329,0.0,1.0,Greed,65
0x4f93fead39b70a1824f981a54d4e55b278e9f760,2024-04-29,526.9338359999999,3370.167419354839,31,0.3603639240506329,0.7741935483870968,0.22580645161290322,Greed,67
0x4f93fead39b70a1824f981a54d4e55b278e9f760,2024-04-30,0.0,5209.114583333333,24,0.3603639240506329,1.0,0.0,Greed,67
0x4f93fead39b70a1824f981a54d4e55b278e9f760,2024-05-01,0.0,6216.103571428571,14,0.3603639240506329,1.0,0.0,Neutral,54
0x4f93fead39b70a1824f981a54d4e55b278e9f760,2024-05-03,5319.861625,12059.708260869564,23,0.3603639240506329,0.0,1.0,Neutral,48
0x4f93fead39b70a1824f981a54d4e55b278e9f760,2024-05-04,0.0,8999.890000000001,6,0.3603639240506329,0.0,1.0,Greed,67
0x4f93fead39b70a1824f981a54d4e55b278e9f760,2024-05-05,0.0,5996.512500000001,4,0.3603639240506329,0.0,1.0,Greed,69
0x4f93fead39b70a1824f981a54d4e55b278e9f760,2024-05-06,968.59038,22890.714444444442,9,0.3603639240506329,0.8888888888888888,0.1111111111111111,Greed,71
0x4f93fead39b70a1824f981a54d4e55b278e9f760,2024-05-07,656.21704,9890.126,10,0.3603639240506329,0.4,0.6,Greed,68
0x4f93fead39b70a1824f981a54d4e55b278e9f760,2024-05-08,0.0,6583.419,10,0.3603639240506329,1.0,0.0,Greed,64
0x4f93fead39b70a1824f981a54d4e55b278e9f760,2024-05-09,1147.595856,8679.6232,25,0.3603639240506329,0.36,0.64,Greed,55
0x4f93fead39b70a1824f981a54d4e55b278e9f760,2024-05-10,2101.741695,7131.0,22,0.3603639240506329,0.7272727272727273,0.2727272727272727,Greed,66
0x4f93fead39b70a1824f981a54d4e55b278e9f760,2024-05-11,251.604742,7027.661111111111,9,0.3603639240506329,0.0,1.0,Neutral,53
0x4f93fead39b70a1824f981a54d4e55b278e9f760,2024-05-12,0.0,4500.464,10,0.3603639240506329,1.0,0.0,Greed,56
0x4f93fead39b70a1824f981a54d4e55b278e9f760,2024-05-13,2136.853859,7525.7636,25,0.3603639240506329,0.2,0.8,Greed,57
0x4f93fead39b70a1824f981a54d4e55b278e9f760,2024-05-14,1150.5233050000002,6341.452173913043,23,0.3603639240506329,1.0,0.0,Greed,66
0x4f93fead39b70a1824f981a54d4e55b278e9f760,2024-05-15,948.970582,6525.626944444444,36,0.3603639240506329,0.3055555555555556,0.6944444444444444,Greed,64
0x4f93fead39b70a1824f981a54d4e55b278e9f760,2024-05-16,214.5898,6615.870416666668,24,0.3603639240506329,0.5833333333333334,0.4166666666666667,Greed,70
0x4f93fead39b70a1824f981a54d4e55b278e9f760,2024-05-18,3522.3946610000003,5052.1256,25,0.3603639240506329,0.28,0.72,Greed,73
0x4f93fead39b70a1824f981a54d4e55b278e9f760,2024-05-19,0.0,3749.76125,8,0.3603639240506329,1.0,0.0,Greed,72
0x4f93fead39b70a1824f981a54d4e55b278e9f760,2024-05-20,0.0,4714.771428571429,7,0.3603639240506329,1.0,0.0,Greed,70
0x4f93fead39b70a1824f981a54d4e55b278e9f760,2024-05-21,6017.309216,9096.75358490566,53,0.3603639240506329,0.20754716981132076,0.7924528301886793,Extreme Greed,76
0x4f93fead39b70a1824f981a54d4e55b278e9f760,2024-05-22,0.0,7499.215,6,0.3603639240506329,0.0,1.0,Extreme Greed,76
0x4f93fead39b70a1824f981a54d4e55b278e9f760,2024-06-07,7329.223137999999,15114.859615384614,52,0.3603639240506329,0.75,0.25,Extreme Greed,77
0x4f93fead39b70a1824f981a54d4e55b278e9f760,2024-06-08,0.0,6428.95,7,0.3603639240506329,1.0,0.0,Greed,72
0x4f93fead39b70a1824f981a54d4e55b278e9f760,2024-06-09,0.0,4199.992,5,0.3603639240506329,1.0,0.0,Extreme Greed,75
0x4f93fead39b70a1824f981a54d4e55b278e9f760,2024-06-10,0.0,6000.075,4,0.3603639240506329,1.0,0.0,Greed,72
0x4f93fead39b70a1824f981a54d4e55b278e9f760,2024-06-11,0.0,13143.021904761907,21,0.3603639240506329,1.0,0.0,Greed,74
0x4f93fead39b70a1824f981a54d4e55b278e9f760,2024-06-14,0.0,6124.31,16,0.3603639240506329,1.0,0.0,Greed,74
0x4f93fead39b70a1824f981a54d4e55b278e9f760,2024-06-15,2084.433906,15581.516578947369,38,0.3603639240506329,0.23684210526315788,0.7631578947368421,Greed,74
0x4f93fead39b70a1824f981a54d4e55b278e9f760,2024-06-17,1268.7590360000002,18035.112857142856,14,0.3603639240506329,0.5714285714285714,0.42857142857142855,Greed,71
0x4f93fead39b70a1824f981a54d4e55b278e9f760,2024-06-18,0.0,8999.745714285715,7,0.3603639240506329,1.0,0.0,Greed,74
0x4f93fead39b70a1824f981a54d4e55b278e9f760,2024-06-19,2053.973644,11180.089411764706,17,0.3603639240506329,0.0,1.0,Greed,64
0x4f93fead39b70a1824f981a54d4e55b278e9f760,2024-06-20,0.0,7499.34,4,0.3603639240506329,0.0,1.0,Greed,60
0x4f93fead39b70a1824f981a54d4e55b278e9f760,2024-06-21,773.5582039999999,6746.9345454545455,11,0.3603639240506329,1.0,0.0,Greed,63
0x4f93fead39b70a1824f981a54d4e55b278e9f760,2024-06-22,0.0,6000.07,3,0.3603639240506329,1.0,0.0,Neutral,53
0x4f93fead39b70a1824f981a54d4e55b278e9f760,2024-06-24,0.0,12000.350952380952,21,0.3603639240506329,1.0,0.0,Neutral,51
0x4f93fead39b70a1824f981a54d4e55b278e9f760,2024-06-26,4197.732182,11748.220645161291,31,0.3603639240506329,0.0,1.0,Neutral,46
0x4f93fead39b70a1824f981a54d4e55b278e9f760,2024-06-27,0.0,9999.173333333334,12,0.3603639240506329,0.0,1.0,Fear,40
0x4f93fead39b70a1824f981a54d4e55b278e9f760,2024-06-29,1842.738325,13148.880588235294,17,0.3603639240506329,0.9411764705882353,0.058823529411764705,Fear,30
0x4f93fead39b70a1824f981a54d4e55b278e9f760,2024-06-30,0.0,9999.756666666666,3,0.3603639240506329,1.0,0.0,Neutral,47
0x4f93fead39b70a1824f981a54d4e55b278e9f760,2024-07-01,1202.488212,7476.965384615385,13,0.3603639240506329,0.15384615384615385,0.8461538461538461,Neutral,53
0x4f93fead39b70a1824f981a54d4e55b278e9f760,2024-07-03,1118.387284,10388.008,10,0.3603639240506329,1.0,0.0,Neutral,50
0x4f93fead39b70a1824f981a54d4e55b278e9f760,2024-07-04,0.0,18215.87285714286,14,0.3603639240506329,1.0,0.0,Fear,44
0x4f93fead39b70a1824f981a54d4e55b278e9f760,2024-07-05,0.0,13514.937,20,0.3603639240506329,1.0,0.0,Fear,29
0x4f93fead39b70a1824f981a54d4e55b278e9f760,2024-07-10,11595.627026,15625.97930232558,43,0.3603639240506329,0.23255813953488372,0.7674418604651163,Fear,28
0x4f93fead39b70a1824f981a54d4e55b278e9f760,2024-07-11,1876.812082,8941.422105263156,19,0.3603639240506329,0.5263157894736842,0.47368421052631576,Fear,29
0x4f93fead39b70a1824f981a54d4e55b278e9f760,2024-07-12,0.0,7600.664999999999,10,0.3603639240506329,1.0,0.0,Fear,25
0x4f93fead39b70a1824f981a54d4e55b278e9f760,2024-07-13,2678.839374,10668.462307692309,13,0.3603639240506329,0.0,1.0,Fear,25
0x4f93fead39b70a1824f981a54d4e55b278e9f760,2024-07-14,0.0,12000.16142857143,7,0.3603639240506329,0.0,1.0,Fear,33
0x4f93fead39b70a1824f981a54d4e55b278e9f760,2024-07-15,0.0,7999.7071428571435,21,0.3603639240506329,0.0,1.0,Neutral,52
0x4f93fead39b70a1824f981a54d4e55b278e9f760,2024-07-16,0.0,6545.480454545454,22,0.3603639240506329,0.0,1.0,Greed,65
0x4f93fead39b70a1824f981a54d4e55b278e9f760,2024-07-17,0.0,18326.035555555558,9,0.3603639240506329,0.0,1.0,Greed,69
0x4f93fead39b70a1824f981a54d4e55b278e9f760,2024-07-18,2569.979964,12119.926603773585,53,0.3603639240506329,1.0,0.0,Greed,61
0x4f93fead39b70a1824f981a54d4e55b278e9f760,2024-07-19,2120.091364,9132.66875,16,0.3603639240506329,0.0,1.0,Greed,60
0x4f93fead39b70a1824f981a54d4e55b278e9f760,2024-07-20,129.66130099999998,11097.74111111111,9,0.3603639240506329,1.0,0.0,Greed,74
0x4f93fead39b70a1824f981a54d4e55b278e9f760,2024-07-21,0.0,14665.06,3,0.3603639240506329,1.0,0.0,Greed,74
0x4f93fead39b70a1824f981a54d4e55b278e9f760,2024-07-22,2273.29301,10728.97,21,0.3603639240506329,0.47619047619047616,0.5238095238095238,Greed,70
0x4f93fead39b70a1824f981a54d4e55b278e9f760,2024-07-23,0.0,11997.235,2,0.3603639240506329,1.0,0.0,Greed,71
0x4f93fead39b70a1824f981a54d4e55b278e9f760,2024-07-24,0.0,1333.8833333333332,21,0.3603639240506329,0.14285714285714285,0.8571428571428571,Greed,69
0x4f93fead39b70a1824f981a54d4e55b278e9f760,2024-07-25,0.0,7990.4683076923075,65,0.3603639240506329,1.0,0.0,Greed,68
0x4f93fead39b70a1824f981a54d4e55b278e9f760,2024-07-26,0.0,15000.965,10,0.3603639240506329,1.0,0.0,Greed,68
0x4f93fead39b70a1824f981a54d4e55b278e9f760,2024-07-27,6400.623656,17322.249807692308,52,0.3603639240506329,0.17307692307692307,0.8269230769230769,Greed,72
0x4f93fead39b70a1824f981a54d4e55b278e9f760,2024-07-28,0.0,10666.563333333334,3,0.3603639240506329,1.0,0.0,Greed,71
0x4f93fead39b70a1824f981a54d4e55b278e9f760,2024-07-30,0.0,6001.078333333334,6,0.3603639240506329,1.0,0.0,Greed,67
0x4f93fead39b70a1824f981a54d4e55b278e9f760,2024-07-31,0.0,13335.046666666667,3,0.3603639240506329,1.0,0.0,Greed,61
0x4f93fead39b70a1824f981a54d4e55b278e9f760,2024-08-01,0.0,11076.539230769231,13,0.3603639240506329,1.0,0.0,Neutral,52
0x4f93fead39b70a1824f981a54d4e55b278e9f760,2024-08-02,0.0,8221.31,36,0.3603639240506329,0.9722222222222222,0.027777777777777776,Greed,57
0x4f93fead39b70a1824f981a54d4e55b278e9f760,2024-08-03,0.0,8652.23,13,0.3603639240506329,1.0,0.0,Fear,37
0x4f93fead39b70a1824f981a54d4e55b278e9f760,2024-08-04,-108604.496278,12521.542916666665,72,0.3603639240506329,0.16666666666666666,0.8333333333333334,Fear,34
0x4f93fead39b70a1824f981a54d4e55b278e9f760,2024-08-05,-4779.219012,12572.832941176472,17,0.3603639240506329,0.8823529411764706,0.11764705882352941,Fear,26
0x4f93fead39b70a1824f981a54d4e55b278e9f760,2024-08-09,11147.900554,11003.166666666666,12,0.3603639240506329,0.25,0.75,Neutral,48
0x4f93fead39b70a1824f981a54d4e55b278e9f760,2024-08-11,847.7766200000001,5104.981250000001,8,0.3603639240506329,0.0,1.0,Fear,39
0x4f93fead39b70a1824f981a54d4e55b278e9f760,2024-08-12,858.6705000000001,2758.775,16,0.3603639240506329,1.0,0.0,Fear,25
0x4f93fead39b70a1824f981a54d4e55b278e9f760,2024-08-13,0.0,2500.02,5,0.3603639240506329,0.8,0.2,Fear,31
0x4f93fead39b70a1824f981a54d4e55b278e9f760,2024-08-14,2168.9015130000003,7185.148888888889,9,0.3603639240506329,0.4444444444444444,0.5555555555555556,Fear,30
0x4f93fead39b70a1824f981a54d4e55b278e9f760,2024-08-16,0.0,6250.0650000000005,2,0.3603639240506329,1.0,0.0,Fear,27
0x4f93fead39b70a1824f981a54d4e55b278e9f760,2024-08-18,307.201888,4486.033571428571,14,0.3603639240506329,0.0,1.0,Fear,31
0x4f93fead39b70a1824f981a54d4e55b278e9f760,2024-08-20,192.602844,5302.23375,8,0.3603639240506329,0.625,0.375,Fear,30
0x4f93fead39b70a1824f981a54d4e55b278e9f760,2024-08-23,1005.30527,6350.956,10,0.3603639240506329,0.0,1.0,Fear,34
0x4f93fead39b70a1824f981a54d4e55b278e9f760,2024-08-24,0.0,7500.035,2,0.3603639240506329,0.0,1.0,Greed,56
0x4f93fead39b70a1824f981a54d4e55b278e9f760,2024-08-25,0.0,3749.0825,4,0.3603639240506329,0.0,1.0,Neutral,54
0x4f93fead39b70a1824f981a54d4e55b278e9f760,2024-08-26,231.236918,18452.704,5,0.3603639240506329,1.0,0.0,Greed,55
0x4f93fead39b70a1824f981a54d4e55b278e9f760,2024-08-27,0.0,9286.455714285714,7,0.3603639240506329,1.0,0.0,Neutral,48
0x4f93fead39b70a1824f981a54d4e55b278e9f760,2024-08-28,0.0,6784.937142857142,7,0.3603639240506329,1.0,0.0,Fear,30
0x4f93fead39b70a1824f981a54d4e55b278e9f760,2024-08-30,0.0,9164.183333333334,3,0.3603639240506329,1.0,0.0,Fear,34
0x4f93fead39b70a1824f981a54d4e55b278e9f760,2024-09-02,0.0,15000.21,2,0.3603639240506329,1.0,0.0,Fear,26
0x4f93fead39b70a1824f981a54d4e55b278e9f760,2024-09-04,0.0,35004.98,1,0.3603639240506329,1.0,0.0,Fear,27
0x4f93fead39b70a1824f981a54d4e55b278e9f760,2024-09-06,0.0,8747.6675,4,0.3603639240506329,1.0,0.0,Extreme Fear,22
0x4f93fead39b70a1824f981a54d4e55b278e9f760,2024-09-20,9585.03428,25380.9675,12,0.3603639240506329,0.25,0.75,Neutral,54
0x4f93fead39b70a1824f981a54d4e55b278e9f760,2024-09-22,0.0,6666.579999999999,3,0.3603639240506329,1.0,0.0,Neutral,52
0x4f93fead39b70a1824f981a54d4e55b278e9f760,2024-09-23,334.760796,20167.145,2,0.3603639240506329,0.5,0.5,Neutral,50
0x4f93fead39b70a1824f981a54d4e55b278e9f760,2024-09-25,0.0,8333.518333333333,6,0.3603639240506329,1.0,0.0,Greed,59
0x4f93fead39b70a1824f981a54d4e55b278e9f760,2024-09-26,439.812513,26813.47333333333,3,0.3603639240506329,0.0,1.0,Neutral,50
0x4f93fead39b70a1824f981a54d4e55b278e9f760,2024-09-27,0.0,9999.232,10,0.3603639240506329,0.0,1.0,Greed,61
0x4f93fead39b70a1824f981a54d4e55b278e9f760,2024-09-30,2710.626288,17728.09,10,0.3603639240506329,1.0,0.0,Greed,61
0x4f93fead39b70a1824f981a54d4e55b278e9f760,2024-10-01,0.0,34988.58,4,0.3603639240506329,1.0,0.0,Neutral,50
0x4f93fead39b70a1824f981a54d4e55b278e9f760,2024-10-02,0.0,24988.585,4,0.3603639240506329,1.0,0.0,Fear,42
0x4f93fead39b70a1824f981a54d4e55b278e9f760,2024-10-03,0.0,30002.25,4,0.3603639240506329,1.0,0.0,Fear,37
0x4f93fead39b70a1824f981a54d4e55b278e9f760,2024-10-05,5767.161892,16822.36472222222,36,0.3603639240506329,0.25,0.75,Neutral,49
0x4f93fead39b70a1824f981a54d4e55b278e9f760,2024-10-06,130.487079,13642.298181818182,22,0.3603639240506329,0.2727272727272727,0.7272727272727273,Neutral,50
0x4f93fead39b70a1824f981a54d4e55b278e9f760,2024-10-07,0.0,10475.459523809524,21,0.3603639240506329,0.0,1.0,Neutral,50
0x4f93fead39b70a1824f981a54d4e55b278e9f760,2024-10-08,5396.546638,12416.672857142858,35,0.3603639240506329,0.9714285714285714,0.02857142857142857,Neutral,49
0x4f93fead39b70a1824f981a54d4e55b278e9f760,2024-10-09,396.06272,15742.852142857142,14,0.3603639240506329,0.7857142857142857,0.21428571428571427,Neutral,49
0x4f93fead39b70a1824f981a54d4e55b278e9f760,2024-10-10,0.0,18751.521249999998,16,0.3603639240506329,1.0,0.0,Fear,39
0x4f93fead39b70a1824f981a54d4e55b278e9f760,2024-10-11,8885.327477,19556.1384,25,0.3603639240506329,0.0,1.0,Fear,32
0x4f93fead39b70a1824f981a54d4e55b278e9f760,2024-10-12,541.55471,15971.34,10,0.3603639240506329,0.7,0.3,Neutral,49
0x4f93fead39b70a1824f981a54d4e55b278e9f760,2024-10-13,0.0,6000.242,10,0.3603639240506329,1.0,0.0,Neutral,50
0x4f93fead39b70a1824f981a54d4e55b278e9f760,2024-10-14,1913.61958,12383.204000000002,5,0.3603639240506329,0.0,1.0,Neutral,48
0x4f93fead39b70a1824f981a54d4e55b278e9f760,2024-10-15,1170.2260760000001,11596.194285714286,7,0.3603639240506329,0.42857142857142855,0.5714285714285714,Greed,65
0x4f93fead39b70a1824f981a54d4e55b278e9f760,2024-10-16,219.480876,7293.560909090909,11,0.3603639240506329,0.7272727272727273,0.2727272727272727,Greed,73
0x4f93fead39b70a1824f981a54d4e55b278e9f760,2024-10-17,36.11496,17504.00375,8,0.3603639240506329,0.75,0.25,Greed,71
0x4f93fead39b70a1824f981a54d4e55b278e9f760,2024-10-18,333.219141,20055.238333333335,6,0.3603639240506329,0.16666666666666666,0.8333333333333334,Greed,73
0x4f93fead39b70a1824f981a54d4e55b278e9f760,2024-10-19,0.0,24999.215,4,0.3603639240506329,1.0,0.0,Greed,72
0x4f93fead39b70a1824f981a54d4e55b278e9f760,2024-10-20,229.060526,20037.618333333336,6,0.3603639240506329,0.16666666666666666,0.8333333333333334,Greed,73
0x4f93fead39b70a1824f981a54d4e55b278e9f760,2024-10-21,0.0,13638.561818181817,11,0.3603639240506329,1.0,0.0,Greed,72
0x4f93fead39b70a1824f981a54d4e55b278e9f760,2024-10-22,0.0,20000.12,3,0.3603639240506329,1.0,0.0,Greed,70
0x4f93fead39b70a1824f981a54d4e55b278e9f760,2024-10-23,-46.489941,11667.003888888888,18,0.3603639240506329,0.8333333333333334,0.16666666666666666,Greed,71
0x4f93fead39b70a1824f981a54d4e55b278e9f760,2024-10-25,4543.862071,16183.4872,25,0.3603639240506329,0.36,0.64,Greed,72
0x4f93fead39b70a1824f981a54d4e55b278e9f760,2024-10-27,666.6623079999999,22666.1025,4,0.3603639240506329,0.0,1.0,Greed,74
0x4f93fead39b70a1824f981a54d4e55b278e9f760,2024-10-28,0.0,13332.702222222222,9,0.3603639240506329,0.0,1.0,Greed,72
0x4f93fead39b70a1824f981a54d4e55b278e9f760,2024-10-29,0.0,16285.80864864865,37,0.3603639240506329,0.0,1.0,Greed,72
0x4f93fead39b70a1824f981a54d4e55b278e9f760,2024-10-31,765.475192,30487.215,28,0.3603639240506329,0.8928571428571429,0.10714285714285714,Extreme Greed,77
0x4f93fead39b70a1824f981a54d4e55b278e9f760,2024-11-01,1040.5747959999999,25670.122222222224,9,0.3603639240506329,0.7777777777777778,0.2222222222222222,Extreme Greed,75
0x4f93fead39b70a1824f981a54d4e55b278e9f760,2024-11-02,0.0,20000.0,2,0.3603639240506329,1.0,0.0,Greed,72
0x4f93fead39b70a1824f981a54d4e55b278e9f760,2024-11-03,0.0,27498.585,4,0.3603639240506329,1.0,0.0,Greed,74
0x4f93fead39b70a1824f981a54d4e55b278e9f760,2024-11-04,2259.351364,16623.486153846156,26,0.3603639240506329,0.5,0.5,Greed,70
0x4f93fead39b70a1824f981a54d4e55b278e9f760,2024-11-05,678.4759280000001,20062.723,10,0.3603639240506329,0.5,0.5,Greed,70
0x4f93fead39b70a1824f981a54d4e55b278e9f760,2024-11-06,2821.24842,10158.865,12,0.3603639240506329,0.4166666666666667,0.5833333333333334,Greed,70
0x4f93fead39b70a1824f981a54d4e55b278e9f760,2024-11-07,628.96246,30314.425,2,0.3603639240506329,0.5,0.5,Extreme Greed,77
0x4f93fead39b70a1824f981a54d4e55b278e9f760,2024-11-08,646.3734049999999,10026.734583333333,24,0.3603639240506329,0.75,0.25,Extreme Greed,75
0x4f93fead39b70a1824f981a54d4e55b278e9f760,2024-11-09,0.0,16666.712222222224,9,0.3603639240506329,1.0,0.0,Extreme Greed,75
0x4f93fead39b70a1824f981a54d4e55b278e9f760,2024-11-10,548.36595,22568.36875,8,0.3603639240506329,0.25,0.75,Extreme Greed,78
0x4f93fead39b70a1824f981a54d4e55b278e9f760,2024-11-11,1479.677222,16571.107,20,0.3603639240506329,0.55,0.45,Extreme Greed,76
0x4f93fead39b70a1824f981a54d4e55b278e9f760,2024-11-12,2053.119744,14354.293783783784,74,0.3603639240506329,0.8378378378378378,0.16216216216216217,Extreme Greed,80
0x4f93fead39b70a1824f981a54d4e55b278e9f760,2024-11-13,7680.907897,19512.4728,25,0.3603639240506329,0.36,0.64,Extreme Greed,84
0x4f93fead39b70a1824f981a54d4e55b278e9f760,2024-11-14,2348.106228,21522.69975609756,41,0.3603639240506329,0.6585365853658537,0.34146341463414637,Extreme Greed,88
0x4f93fead39b70a1824f981a54d4e55b278e9f760,2024-11-15,2003.536586,17219.896202531647,79,0.3603639240506329,0.569620253164557,0.43037974683544306,Extreme Greed,80
0x4f93fead39b70a1824f981a54d4e55b278e9f760,2024-11-16,255.14686999999998,18322.8475,12,0.3603639240506329,0.5833333333333334,0.4166666666666667,Extreme Greed,86
0x4f93fead39b70a1824f981a54d4e55b278e9f760,2024-11-17,546.624374,23861.476153846153,26,0.3603639240506329,0.6923076923076923,0.3076923076923077,Extreme Greed,90
0x4f93fead39b70a1824f981a54d4e55b278e9f760,2024-11-18,3158.176614,26917.316857142858,35,0.3603639240506329,0.5428571428571428,0.45714285714285713,Extreme Greed,83
0x4f93fead39b70a1824f981a54d4e55b278e9f760,2024-11-19,1573.210981,10658.076000000001,30,0.3603639240506329,0.5666666666666667,0.43333333333333335,Extreme Greed,90
0x4f93fead39b70a1824f981a54d4e55b278e9f760,2024-11-20,2259.775633,25402.638787878786,33,0.3603639240506329,0.45454545454545453,0.5454545454545454,Extreme Greed,83
0x4f93fead39b70a1824f981a54d4e55b278e9f760,2024-11-21,909.745283,17786.91,9,0.3603639240506329,0.5555555555555556,0.4444444444444444,Extreme Greed,82
0x4f93fead39b70a1824f981a54d4e55b278e9f760,2024-11-22,1825.01255,16769.490555555556,18,0.3603639240506329,0.3333333333333333,0.6666666666666666,Extreme Greed,94
0x4f93fead39b70a1824f981a54d4e55b278e9f760,2024-11-23,0.0,6667.414444444444,9,0.3603639240506329,1.0,0.0,Extreme Greed,93
0x4f93fead39b70a1824f981a54d4e55b278e9f760,2024-11-24,445.338356,15770.984848484848,33,0.3603639240506329,0.8484848484848485,0.15151515151515152,Extreme Greed,80
0x4f93fead39b70a1824f981a54d4e55b278e9f760,2024-11-25,5059.459732,28814.273999999998,30,0.3603639240506329,0.6666666666666666,0.3333333333333333,Extreme Greed,82
0x4f93fead39b70a1824f981a54d4e55b278e9f760,2024-11-26,0.0,19319.39181818182,22,0.3603639240506329,1.0,0.0,Extreme Greed,79
0x4f93fead39b70a1824f981a54d4e55b278e9f760,2024-11-27,-2848.159792,28557.08818181818,44,0.3603639240506329,0.06818181818181818,0.9318181818181818,Extreme Greed,75
0x4f93fead39b70a1824f981a54d4e55b278e9f760,2024-11-28,1174.315571,28232.108333333334,12,0.3603639240506329,0.75,0.25,Extreme Greed,77
0x4f93fead39b70a1824f981a54d4e55b278e9f760,2024-11-29,610.52512,25798.085714285717,7,0.3603639240506329,0.0,1.0,Extreme Greed,78
0x4f93fead39b70a1824f981a54d4e55b278e9f760,2024-11-30,850.54514,19926.774999999998,12,0.3603639240506329,1.0,0.0,Extreme Greed,84
0x4f93fead39b70a1824f981a54d4e55b278e9f760,2024-12-01,337.835516,22229.845925925925,27,0.3603639240506329,0.18518518518518517,0.8148148148148148,Extreme Greed,81
0x4f93fead39b70a1824f981a54d4e55b278e9f760,2024-12-02,754.7378,17691.249411764704,17,0.3603639240506329,0.6470588235294118,0.35294117647058826,Extreme Greed,80
0x4f93fead39b70a1824f981a54d4e55b278e9f760,2024-12-03,1467.1002210000001,31374.63555555556,9,0.3603639240506329,0.5555555555555556,0.4444444444444444,Extreme Greed,76
0x4f93fead39b70a1824f981a54d4e55b278e9f760,2024-12-04,291.35271,20080.955384615383,13,0.3603639240506329,0.7692307692307693,0.23076923076923078,Extreme Greed,78
0x4f93fead39b70a1824f981a54d4e55b278e9f760,2024-12-05,1435.68724,40074.16368421053,19,0.3603639240506329,0.0,1.0,Extreme Greed,84
0x4f93fead39b70a1824f981a54d4e55b278e9f760,2024-12-06,7206.315268,25128.245762711864,59,0.3603639240506329,0.6610169491525424,0.3389830508474576,Greed,72
0x4f93fead39b70a1824f981a54d4e55b278e9f760,2024-12-07,2342.996384,49620.3625,4,0.3603639240506329,1.0,0.0,Extreme Greed,75
0x4f93fead39b70a1824f981a54d4e55b278e9f760,2024-12-08,0.0,8570.51857142857,7,0.3603639240506329,0.0,1.0,Extreme Greed,79
0x4f93fead39b70a1824f981a54d4e55b278e9f760,2024-12-09,2350.499742,21156.991764705883,17,0.3603639240506329,0.7647058823529411,0.23529411764705882,Extreme Greed,78
0x4f93fead39b70a1824f981a54d4e55b278e9f760,2024-12-10,3986.312514,19470.586944444443,36,0.3603639240506329,0.75,0.25,Extreme Greed,78
0x4f93fead39b70a1824f981a54d4e55b278e9f760,2024-12-11,1083.777057,23331.314333333332,30,0.3603639240506329,0.2,0.8,Greed,74
0x4f93fead39b70a1824f981a54d4e55b278e9f760,2024-12-12,0.0,12254.174838709678,31,0.3603639240506329,0.0,1.0,Extreme Greed,83
0x4f93fead39b70a1824f981a54d4e55b278e9f760,2024-12-13,6790.274613,20715.92551020408,49,0.3603639240506329,0.7551020408163265,0.24489795918367346,Extreme Greed,76
0x4f93fead39b70a1824f981a54d4e55b278e9f760,2024-12-14,570.1898180000001,10507.837368421053,19,0.3603639240506329,0.7368421052631579,0.2631578947368421,Extreme Greed,83
0x4f93fead39b70a1824f981a54d4e55b278e9f760,2024-12-15,263.914304,14297.049523809523,21,0.3603639240506329,0.19047619047619047,0.8095238095238095,Extreme Greed,80
0x4f93fead39b70a1824f981a54d4e55b278e9f760,2024-12-16,0.0,32579.84037037037,27,0.3603639240506329,0.0,1.0,Extreme Greed,83
0x4f93fead39b70a1824f981a54d4e55b278e9f760,2024-12-17,0.0,14999.839166666667,12,0.3603639240506329,0.0,1.0,Extreme Greed,87
0x4f93fead39b70a1824f981a54d4e55b278e9f760,2024-12-18,-4627.220257,28169.055161290322,62,0.3603639240506329,0.9193548387096774,0.08064516129032258,Extreme Greed,81
0x4f93fead39b70a1824f981a54d4e55b278e9f760,2024-12-19,1582.2032900000002,17374.649433962266,53,0.3603639240506329,0.8867924528301887,0.11320754716981132,Extreme Greed,75
0x4f93fead39b70a1824f981a54d4e55b278e9f760,2024-12-20,0.0,37047.935,6,0.3603639240506329,1.0,0.0,Greed,74
0x4f93fead39b70a1824f981a54d4e55b278e9f760,2024-12-21,1367.500173,20223.721400000002,50,0.3603639240506329,0.44,0.56,Greed,73
0x4f93fead39b70a1824f981a54d4e55b278e9f760,2024-12-22,0.0,43336.74,3,0.3603639240506329,1.0,0.0,Greed,73
0x4f93fead39b70a1824f981a54d4e55b278e9f760,2024-12-23,0.0,21196.97,16,0.3603639240506329,1.0,0.0,Greed,70
0x4f93fead39b70a1824f981a54d4e55b278e9f760,2024-12-24,2081.2674110000003,29259.798125,32,0.3603639240506329,0.09375,0.90625,Greed,73
0x4f93fead39b70a1824f981a54d4e55b278e9f760,2024-12-25,0.0,23333.069999999996,3,0.3603639240506329,0.0,1.0,Greed,73
0x4f93fead39b70a1824f981a54d4e55b278e9f760,2024-12-26,7617.597338,21067.338571428572,21,0.3603639240506329,0.9523809523809523,0.047619047619047616,Extreme Greed,79
0x4f93fead39b70a1824f981a54d4e55b278e9f760,2024-12-27,0.0,3890.9755555555553,18,0.3603639240506329,1.0,0.0,Greed,74
0x4f93fead39b70a1824f981a54d4e55b278e9f760,2024-12-28,16.972942,18342.231666666667,6,0.3603639240506329,0.0,1.0,Greed,72
0x4f93fead39b70a1824f981a54d4e55b278e9f760,2024-12-29,390.062046,5685.322142857142,14,0.3603639240506329,0.5,0.5,Greed,73
0x4f93fead39b70a1824f981a54d4e55b278e9f760,2024-12-30,4235.298688000001,25644.989545454548,22,0.3603639240506329,0.5909090909090909,0.4090909090909091,Greed,65
0x4f93fead39b70a1824f981a54d4e55b278e9f760,2024-12-31,2301.21954,10472.761489361701,47,0.3603639240506329,0.9574468085106383,0.0425531914893617,Greed,64
0x4f93fead39b70a1824f981a54d4e55b278e9f760,2025-01-01,0.0,49999.51,1,0.3603639240506329,1.0,0.0,Greed,66
0x4f93fead39b70a1824f981a54d4e55b278e9f760,2025-01-02,2399.9471460000004,19582.443684210524,19,0.3603639240506329,0.5789473684210527,0.42105263157894735,Greed,70
0x4f93fead39b70a1824f981a54d4e55b278e9f760,2025-01-03,3084.287743,9644.217708333334,48,0.3603639240506329,0.3958333333333333,0.6041666666666666,Greed,74
0x4f93fead39b70a1824f981a54d4e55b278e9f760,2025-01-04,0.0,7142.837142857143,14,0.3603639240506329,1.0,0.0,Greed,73
0x4f93fead39b70a1824f981a54d4e55b278e9f760,2025-01-05,890.33157,19427.31105263158,19,0.3603639240506329,0.7894736842105263,0.21052631578947367,Greed,72
0x4f93fead39b70a1824f981a54d4e55b278e9f760,2025-01-06,3575.442423,10735.9740625,32,0.3603639240506329,0.5625,0.4375,Extreme Greed,76
0x4f93fead39b70a1824f981a54d4e55b278e9f760,2025-01-07,0.0,12147.022564102565,39,0.3603639240506329,1.0,0.0,Extreme Greed,78
0x4f93fead39b70a1824f981a54d4e55b278e9f760,2025-01-08,0.0,19291.1175,16,0.3603639240506329,1.0,0.0,Greed,70
0x4f93fead39b70a1824f981a54d4e55b278e9f760,2025-01-10,-36229.641811,26918.19479452055,219,0.3603639240506329,0.4657534246575342,0.5342465753424658,Neutral,50
0x4f93fead39b70a1824f981a54d4e55b278e9f760,2025-01-11,1559.841529,20461.92407894737,76,0.3603639240506329,0.6447368421052632,0.35526315789473684,Greed,69
0x4f93fead39b70a1824f981a54d4e55b278e9f760,2025-01-12,736.621517,24737.227600000002,75,0.3603639240506329,0.4,0.6,Greed,62
0x4f93fead39b70a1824f981a54d4e55b278e9f760,2025-01-13,1756.982034,24201.82237113402,97,0.3603639240506329,0.5051546391752577,0.4948453608247423,Greed,61
0x4f93fead39b70a1824f981a54d4e55b278e9f760,2025-01-14,1878.804638,15041.543095238096,42,0.3603639240506329,0.5952380952380952,0.40476190476190477,Greed,63
0x4f93fead39b70a1824f981a54d4e55b278e9f760,2025-01-15,7470.003118,21394.826301369863,73,0.3603639240506329,0.3561643835616438,0.6438356164383562,Greed,70
0x4f93fead39b70a1824f981a54d4e55b278e9f760,2025-01-16,5170.4237570000005,27260.669100000003,100,0.3603639240506329,0.45,0.55,Extreme Greed,75
0x4f93fead39b70a1824f981a54d4e55b278e9f760,2025-01-17,811.1445319999999,30510.78523809524,21,0.3603639240506329,0.6666666666666666,0.3333333333333333,Extreme Greed,75
0x4f93fead39b70a1824f981a54d4e55b278e9f760,2025-01-18,4078.848863,32431.74827586207,58,0.3603639240506329,0.5517241379310345,0.4482758620689655,Extreme Greed,77
0x4f93fead39b70a1824f981a54d4e55b278e9f760,2025-01-19,3253.260003,25180.392613636363,88,0.3603639240506329,0.7159090909090909,0.2840909090909091,Extreme Greed,77
0x4f93fead39b70a1824f981a54d4e55b278e9f760,2025-01-20,7466.841136,29887.263092783505,194,0.3603639240506329,0.6855670103092784,0.31443298969072164,Extreme Greed,76
0x4f93fead39b70a1824f981a54d4e55b278e9f760,2025-01-21,2953.3108039999997,14189.073260869565,92,0.3603639240506329,0.3695652173913043,0.6304347826086957,Extreme Greed,76
0x4f93fead39b70a1824f981a54d4e55b278e9f760,2025-01-22,2971.896355,17456.443770491805,61,0.3603639240506329,0.5737704918032787,0.4262295081967213,Extreme Greed,84
0x4f93fead39b70a1824f981a54d4e55b278e9f760,2025-01-23,6749.1349199999995,17999.84780487805,82,0.3603639240506329,0.6707317073170732,0.32926829268292684,Extreme Greed,75
0x4f93fead39b70a1824f981a54d4e55b278e9f760,2025-01-24,1707.06994,14664.804285714286,42,0.3603639240506329,0.3333333333333333,0.6666666666666666,Extreme Greed,75
0x4f93fead39b70a1824f981a54d4e55b278e9f760,2025-01-25,446.44485399999996,22485.88888888889,18,0.3603639240506329,1.0,0.0,Extreme Greed,75
0x4f93fead39b70a1824f981a54d4e55b278e9f760,2025-01-27,0.0,33170.452666666664,15,0.3603639240506329,1.0,0.0,Greed,71
0x4f93fead39b70a1824f981a54d4e55b278e9f760,2025-01-30,3278.847724,21280.349733333333,75,0.3603639240506329,0.52,0.48,Greed,70
0x4f93fead39b70a1824f981a54d4e55b278e9f760,2025-01-31,975.654751,13735.521525423728,59,0.3603639240506329,0.5932203389830508,0.4067796610169492,Extreme Greed,76
0x4f93fead39b70a1824f981a54d4e55b278e9f760,2025-02-01,0.0,22500.69,4,0.3603639240506329,1.0,0.0,Greed,68
0x4f93fead39b70a1824f981a54d4e55b278e9f760,2025-02-02,0.0,25418.461333333333,30,0.3603639240506329,1.0,0.0,Greed,60
0x4f93fead39b70a1824f981a54d4e55b278e9f760,2025-02-04,6403.5061239999995,95439.94666666667,9,0.3603639240506329,0.0,1.0,Greed,72
0x4f93fead39b70a1824f981a54d4e55b278e9f760,2025-02-05,0.0,16663.026666666665,9,0.3603639240506329,1.0,0.0,Neutral,54
0x4f93fead39b70a1824f981a54d4e55b278e9f760,2025-02-06,440.753133,30041.394,10,0.3603639240506329,0.6,0.4,Neutral,49
0x4f93fead39b70a1824f981a54d4e55b278e9f760,2025-02-07,3691.30885,19508.291481481483,27,0.3603639240506329,0.4444444444444444,0.5555555555555556,Fear,44
0x4f93fead39b70a1824f981a54d4e55b278e9f760,2025-02-08,0.0,22498.25125,8,0.3603639240506329,1.0,0.0,Fear,44
0x4f93fead39b70a1824f981a54d4e55b278e9f760,2025-02-09,866.203569,90292.82333333335,3,0.3603639240506329,0.0,1.0,Neutral,46
0x4f93fead39b70a1824f981a54d4e55b278e9f760,2025-02-10,2069.55836,14470.832976190475,84,0.3603639240506329,0.5476190476190477,0.4523809523809524,Fear,43
0x4f93fead39b70a1824f981a54d4e55b278e9f760,2025-02-11,1353.604398,12581.13017857143,56,0.3603639240506329,0.5,0.5,Neutral,47
0x4f93fead39b70a1824f981a54d4e55b278e9f760,2025-02-12,5212.729861,14802.268214285714,84,0.3603639240506329,0.2619047619047619,0.7380952380952381,Neutral,46
0x4f93fead39b70a1824f981a54d4e55b278e9f760,2025-02-13,2205.413149,17512.87652173913,23,0.3603639240506329,1.0,0.0,Neutral,50
0x4f93fead39b70a1824f981a54d4e55b278e9f760,2025-02-14,2678.115601,19911.15103448276,58,0.3603639240506329,0.46551724137931033,0.5344827586206896,Neutral,48
0x4f93fead39b70a1824f981a54d4e55b278e9f760,2025-02-15,3884.0032459999998,22683.889523809525,21,0.3603639240506329,0.8095238095238095,0.19047619047619047,Neutral,50
0x4f93fead39b70a1824f981a54d4e55b278e9f760,2025-02-16,314.96786,14405.7528,25,0.3603639240506329,0.6,0.4,Neutral,54
0x4f93fead39b70a1824f981a54d4e55b278e9f760,2025-02-17,1204.110761,12833.438095238096,42,0.3603639240506329,0.5714285714285714,0.42857142857142855,Neutral,51
0x4f93fead39b70a1824f981a54d4e55b278e9f760,2025-02-18,1670.219701,13191.782954545453,44,0.3603639240506329,0.6818181818181818,0.3181818181818182,Neutral,47
0x4f93fead39b70a1824f981a54d4e55b278e9f760,2025-02-19,3512.2119079999998,16248.182068965516,58,0.3603639240506329,0.7758620689655172,0.22413793103448276,Fear,44
0x4f93fead39b70a1824f981a54d4e55b278e9f760,2025-02-20,1829.292797,17114.072111111112,90,0.3603639240506329,0.5333333333333333,0.4666666666666667,Neutral,49
0x4f93fead39b70a1824f981a54d4e55b278e9f760,2025-02-21,5993.575314,17026.42842105263,76,0.3603639240506329,0.39473684210526316,0.6052631578947368,Greed,55
0x4f93fead39b70a1824f981a54d4e55b278e9f760,2025-02-22,1287.143384,16717.653406593407,91,0.3603639240506329,0.42857142857142855,0.5714285714285714,Neutral,49
0x4f93fead39b70a1824f981a54d4e55b278e9f760,2025-02-23,109.68322,9029.90806451613,31,0.3603639240506329,0.7096774193548387,0.2903225806451613,Neutral,50
0x4f93fead39b70a1824f981a54d4e55b278e9f760,2025-02-24,1925.839355,27169.443529411765,17,0.3603639240506329,0.7058823529411765,0.29411764705882354,Neutral,49
0x4f93fead39b70a1824f981a54d4e55b278e9f760,2025-02-25,0.0,19559.930980392157,51,0.3603639240506329,1.0,0.0,Fear,25
0x4f93fead39b70a1824f981a54d4e55b278e9f760,2025-03-02,11005.991600000001,43406.429615384615,26,0.3603639240506329,0.19230769230769232,0.8076923076923077,Fear,26
0x4f93fead39b70a1824f981a54d4e55b278e9f760,2025-03-03,1136.272279,26764.120833333334,12,0.3603639240506329,0.5,0.5,Fear,33
0x4f93fead39b70a1824f981a54d4e55b278e9f760,2025-03-04,8002.939313,25872.653898305085,59,0.3603639240506329,0.3728813559322034,0.6271186440677966,Extreme Fear,15
0x4f93fead39b70a1824f981a54d4e55b278e9f760,2025-03-05,2741.101375,28870.43833333333,54,0.3603639240506329,0.42592592592592593,0.5740740740740741,Extreme Fear,20
0x4f93fead39b70a1824f981a54d4e55b278e9f760,2025-03-06,3069.196282,17383.593783783785,37,0.3603639240506329,0.6216216216216216,0.3783783783783784,Fear,25
0x4f93fead39b70a1824f981a54d4e55b278e9f760,2025-03-07,3273.5394420000002,10090.28,22,0.3603639240506329,0.3181818181818182,0.6818181818181818,Fear,34
0x4f93fead39b70a1824f981a54d4e55b278e9f760,2025-03-08,0.0,7059.288823529412,17,0.3603639240506329,1.0,0.0,Fear,28
0x4f93fead39b70a1824f981a54d4e55b278e9f760,2025-03-09,0.0,38167.586363636365,11,0.3603639240506329,1.0,0.0,Fear,27
0x4f93fead39b70a1824f981a54d4e55b278e9f760,2025-03-10,14133.265684,25248.4113592233,103,0.3603639240506329,0.5922330097087378,0.4077669902912621,Extreme Fear,20
0x4f93fead39b70a1824f981a54d4e55b278e9f760,2025-03-11,2479.265806,31854.999696969695,33,0.3603639240506329,0.36363636363636365,0.6363636363636364,Extreme Fear,24
0x4f93fead39b70a1824f981a54d4e55b278e9f760,2025-03-12,0.0,17999.379,10,0.3603639240506329,1.0,0.0,Fear,34
0x4f93fead39b70a1824f981a54d4e55b278e9f760,2025-03-13,5770.595066,28439.44318181818,22,0.3603639240506329,0.6363636363636364,0.36363636363636365,Neutral,45
0x4f93fead39b70a1824f981a54d4e55b278e9f760,2025-03-14,11039.384571,22036.92,25,0.3603639240506329,0.0,1.0,Fear,27
0x4f93fead39b70a1824f981a54d4e55b278e9f760,2025-03-15,575.945518,17424.6975,8,0.3603639240506329,1.0,0.0,Neutral,46
0x4f93fead39b70a1824f981a54d4e55b278e9f760,2025-03-16,144.99309,26689.39,6,0.3603639240506329,0.6666666666666666,0.3333333333333333,Fear,30
0x4f93fead39b70a1824f981a54d4e55b278e9f760,2025-03-17,2220.589556,18384.756363636363,11,0.3603639240506329,0.09090909090909091,0.9090909090909091,Fear,32
0x4f93fead39b70a1824f981a54d4e55b278e9f760,2025-03-18,362.477712,9083.757954545454,44,0.3603639240506329,0.9318181818181818,0.06818181818181818,Fear,34
0x4f93fead39b70a1824f981a54d4e55b278e9f760,2025-03-19,1438.717656,11776.706206896552,29,0.3603639240506329,0.034482758620689655,0.9655172413793104,Fear,32
0x4f93fead39b70a1824f981a54d4e55b278e9f760,2025-03-20,0.0,14999.98875,8,0.3603639240506329,1.0,0.0,Neutral,49
0x4f93fead39b70a1824f981a54d4e55b278e9f760,2025-03-21,0.0,30000.725000000002,6,0.3603639240506329,1.0,0.0,Fear,31
0x4f93fead39b70a1824f981a54d4e55b278e9f760,2025-03-22,58.007635,12502.583333333334,24,0.3603639240506329,0.0,1.0,Fear,32
0x4f93fead39b70a1824f981a54d4e55b278e9f760,2025-03-23,134.82844,4013.454,10,0.3603639240506329,0.1,0.9,Fear,30
0x4f93fead39b70a1824f981a54d4e55b278e9f760,2025-03-24,0.0,4285.6335714285715,14,0.3603639240506329,0.0,1.0,Neutral,45
0x4f93fead39b70a1824f981a54d4e55b278e9f760,2025-03-25,217.47456799999998,13309.063333333334,9,0.3603639240506329,1.0,0.0,Neutral,46
0x4f93fead39b70a1824f981a54d4e55b278e9f760,2025-03-26,980.433384,20075.693,10,0.3603639240506329,0.4,0.6,Neutral,47
0x4f93fead39b70a1824f981a54d4e55b278e9f760,2025-03-27,4329.319769,19609.212,40,0.3603639240506329,0.6,0.4,Fear,40
0x4f93fead39b70a1824f981a54d4e55b278e9f760,2025-03-28,0.0,19998.763,10,0.3603639240506329,1.0,0.0,Fear,44
0x4f93fead39b70a1824f981a54d4e55b278e9f760,2025-03-29,0.0,27499.309999999998,8,0.3603639240506329,1.0,0.0,Fear,26
0x4f93fead39b70a1824f981a54d4e55b278e9f760,2025-03-31,2112.5276,18052.58175,40,0.3603639240506329,0.45,0.55,Fear,34
0x4f93fead39b70a1824f981a54d4e55b278e9f760,2025-04-01,1402.082488,7070.317,20,0.3603639240506329,0.6,0.4,Fear,34
0x4f93fead39b70a1824f981a54d4e55b278e9f760,2025-04-02,0.0,19999.7,1,0.3603639240506329,1.0,0.0,Fear,44
0x4f93fead39b70a1824f981a54d4e55b278e9f760,2025-04-03,0.0,31104.344444444443,9,0.3603639240506329,1.0,0.0,Fear,25
0x4f93fead39b70a1824f981a54d4e55b278e9f760,2025-04-04,4591.427138999999,20216.697142857145,21,0.3603639240506329,0.38095238095238093,0.6190476190476191,Fear,28
0x4f93fead39b70a1824f981a54d4e55b278e9f760,2025-04-06,0.0,25710.512857142858,7,0.3603639240506329,1.0,0.0,Fear,34
0x4f93fead39b70a1824f981a54d4e55b278e9f760,2025-04-07,0.0,13332.73688888889,45,0.3603639240506329,1.0,0.0,Extreme Fear,23
0x4f93fead39b70a1824f981a54d4e55b278e9f760,2025-04-08,21114.136771999998,38252.94535714285,28,0.3603639240506329,0.14285714285714285,0.8571428571428571,Extreme Fear,24
0x4f93fead39b70a1824f981a54d4e55b278e9f760,2025-04-09,25875.837656,19464.35377777778,45,0.3603639240506329,0.4666666666666667,0.5333333333333333,Extreme Fear,18
0x4f93fead39b70a1824f981a54d4e55b278e9f760,2025-04-10,0.0,16655.645555555555,9,0.3603639240506329,1.0,0.0,Fear,39
0x4f93fead39b70a1824f981a54d4e55b278e9f760,2025-04-11,3188.3381949999994,51029.70333333334,3,0.3603639240506329,0.0,1.0,Fear,25
0x4f93fead39b70a1824f981a54d4e55b278e9f760,2025-04-13,253.67505,6281.60375,8,0.3603639240506329,0.625,0.375,Neutral,45
0x4f93fead39b70a1824f981a54d4e55b278e9f760,2025-04-14,322.73095,4642.299259259259,27,0.3603639240506329,0.8518518518518519,0.14814814814814814,Fear,31
0x4f93fead39b70a1824f981a54d4e55b278e9f760,2025-04-16,0.0,18749.704999999998,4,0.3603639240506329,1.0,0.0,Fear,29
0x4f93fead39b70a1824f981a54d4e55b278e9f760,2025-04-17,1713.120195,19636.307777777776,9,0.3603639240506329,0.1111111111111111,0.8888888888888888,Fear,30
0x4f93fead39b70a1824f981a54d4e55b278e9f760,2025-04-18,0.0,12499.515,4,0.3603639240506329,1.0,0.0,Fear,33
0x4f93fead39b70a1824f981a54d4e55b278e9f760,2025-04-19,721.976596,8373.388333333334,18,0.3603639240506329,0.2777777777777778,0.7222222222222222,Fear,32
0x4f93fead39b70a1824f981a54d4e55b278e9f760,2025-04-20,0.0,15624.63125,8,0.3603639240506329,1.0,0.0,Fear,37
0x4f93fead39b70a1824f981a54d4e55b278e9f760,2025-04-21,459.153994,16717.272222222222,9,0.3603639240506329,0.0,1.0,Fear,39
0x4f93fead39b70a1824f981a54d4e55b278e9f760,2025-04-24,0.0,18749.59,4,0.3603639240506329,0.0,1.0,Greed,63
0x4f93fead39b70a1824f981a54d4e55b278e9f760,2025-04-25,0.0,28126.7575,16,0.3603639240506329,0.0,1.0,Greed,60
0x4f93fead39b70a1824f981a54d4e55b278e9f760,2025-04-30,5286.100993,19298.768333333333,36,0.3603639240506329,0.7222222222222222,0.2777777777777778,Greed,56
0x4f93fead39b70a1824f981a54d4e55b278e9f760,2025-05-01,1220.746604,14373.198571428571,14,0.3603639240506329,0.21428571428571427,0.7857142857142857,Neutral,53
0x513b8629fe877bb581bf244e326a047b249c4ff1,2024-12-09,0.0,1682.2211904761903,42,0.40119320039228507,1.0,0.0,Extreme Greed,78
0x513b8629fe877bb581bf244e326a047b249c4ff1,2024-12-12,0.0,3332.177640449438,89,0.40119320039228507,1.0,0.0,Extreme Greed,83
0x513b8629fe877bb581bf244e326a047b249c4ff1,2024-12-15,0.0,4194.129285714285,28,0.40119320039228507,1.0,0.0,Extreme Greed,80
0x513b8629fe877bb581bf244e326a047b249c4ff1,2024-12-19,0.0,3791.86515625,64,0.40119320039228507,1.0,0.0,Extreme Greed,75
0x513b8629fe877bb581bf244e326a047b249c4ff1,2025-02-14,194499.072534,1986.7047629310346,464,0.40119320039228507,0.0,1.0,Neutral,48
0x513b8629fe877bb581bf244e326a047b249c4ff1,2025-02-17,0.0,3155.894726027397,292,0.40119320039228507,1.0,0.0,Neutral,51
0x513b8629fe877bb581bf244e326a047b249c4ff1,2025-03-17,0.0,9144.806857142858,35,0.40119320039228507,1.0,0.0,Fear,32
0x513b8629fe877bb581bf244e326a047b249c4ff1,2025-03-18,5429.87424,43103.988333333335,6,0.40119320039228507,0.0,1.0,Fear,34
0x513b8629fe877bb581bf244e326a047b249c4ff1,2025-03-19,13272.411278,6491.884887218045,133,0.40119320039228507,0.518796992481203,0.48120300751879697,Fear,32
0x513b8629fe877bb581bf244e326a047b249c4ff1,2025-03-20,3865.013572,1391.7530666666667,75,0.40119320039228507,0.0,1.0,Neutral,49
0x513b8629fe877bb581bf244e326a047b249c4ff1,2025-03-27,0.0,2064.410909090909,77,0.40119320039228507,1.0,0.0,Fear,40
0x513b8629fe877bb581bf244e326a047b249c4ff1,2025-03-28,1470.407794,1909.8789285714283,84,0.40119320039228507,0.0,1.0,Fear,44
0x513b8629fe877bb581bf244e326a047b249c4ff1,2025-04-01,0.0,13807.81,13,0.40119320039228507,1.0,0.0,Fear,34
0x513b8629fe877bb581bf244e326a047b249c4ff1,2025-04-03,0.0,2260.9597959183675,49,0.40119320039228507,1.0,0.0,Fear,25
0x513b8629fe877bb581bf244e326a047b249c4ff1,2025-04-05,0.0,2537.0485294117643,34,0.40119320039228507,1.0,0.0,Fear,30
0x513b8629fe877bb581bf244e326a047b249c4ff1,2025-04-07,-37999.868086,6969.902236842105,76,0.40119320039228507,0.07894736842105263,0.9210526315789473,Extreme Fear,23
0x513b8629fe877bb581bf244e326a047b249c4ff1,2025-04-08,3131.840108,9667.030743243244,148,0.40119320039228507,0.8918918918918919,0.10810810810810811,Extreme Fear,24
0x513b8629fe877bb581bf244e326a047b249c4ff1,2025-04-09,-36253.792726,11281.935245901639,122,0.40119320039228507,0.03278688524590164,0.9672131147540983,Extreme Fear,18
0x513b8629fe877bb581bf244e326a047b249c4ff1,2025-04-10,22908.117384,25584.4765578635,337,0.40119320039228507,0.7626112759643917,0.23738872403560832,Fear,39
0x513b8629fe877bb581bf244e326a047b249c4ff1,2025-04-11,0.0,33255.74600000001,65,0.40119320039228507,1.0,0.0,Fear,25
0x513b8629fe877bb581bf244e326a047b249c4ff1,2025-04-12,88152.006818,40967.58708233413,1251,0.40119320039228507,0.3669064748201439,0.6330935251798561,Fear,43
0x513b8629fe877bb581bf244e326a047b249c4ff1,2025-04-13,11239.437228,31745.770947368423,285,0.40119320039228507,0.6982456140350877,0.3017543859649123,Neutral,45
0x513b8629fe877bb581bf244e326a047b249c4ff1,2025-04-14,7922.167264999999,38233.16656521739,230,0.40119320039228507,0.6086956521739131,0.391304347826087,Fear,31
0x513b8629fe877bb581bf244e326a047b249c4ff1,2025-04-15,40966.673478000004,25242.244090287277,731,0.40119320039228507,0.23529411764705882,0.7647058823529411,Fear,38
0x513b8629fe877bb581bf244e326a047b249c4ff1,2025-04-16,41498.141783,39232.42645598194,886,0.40119320039228507,0.618510158013544,0.38148984198645597,Fear,29
0x513b8629fe877bb581bf244e326a047b249c4ff1,2025-04-17,0.0,147619.302,5,0.40119320039228507,1.0,0.0,Fear,30
0x513b8629fe877bb581bf244e326a047b249c4ff1,2025-04-18,43400.145539,58751.562744063325,379,0.40119320039228507,0.23746701846965698,0.762532981530343,Fear,33
0x513b8629fe877bb581bf244e326a047b249c4ff1,2025-04-19,62373.791703999996,43140.85288854003,637,0.40119320039228507,0.6232339089481946,0.37676609105180536,Fear,32
0x513b8629fe877bb581bf244e326a047b249c4ff1,2025-04-20,0.0,52569.3078125,160,0.40119320039228507,1.0,0.0,Fear,37
0x513b8629fe877bb581bf244e326a047b249c4ff1,2025-04-21,39772.479641,46044.36062140392,869,0.40119320039228507,0.49712313003452246,0.5028768699654775,Fear,39
0x513b8629fe877bb581bf244e326a047b249c4ff1,2025-04-22,73209.060448,62608.63574162679,418,0.40119320039228507,0.5574162679425837,0.44258373205741625,Neutral,47
0x513b8629fe877bb581bf244e326a047b249c4ff1,2025-04-23,1656.211757,54580.961753554504,211,0.40119320039228507,0.17535545023696683,0.8246445497630331,Greed,72
0x513b8629fe877bb581bf244e326a047b249c4ff1,2025-04-24,35332.403093,47146.683541666665,672,0.40119320039228507,0.41517857142857145,0.5848214285714286,Greed,63
0x513b8629fe877bb581bf244e326a047b249c4ff1,2025-04-25,8410.75479,49855.811983967935,499,0.40119320039228507,0.5971943887775552,0.4028056112224449,Greed,60
0x513b8629fe877bb581bf244e326a047b249c4ff1,2025-04-26,0.0,35046.08286624204,314,0.40119320039228507,1.0,0.0,Greed,65
0x513b8629fe877bb581bf244e326a047b249c4ff1,2025-04-28,37973.605394,38360.42061162079,654,0.40119320039228507,0.3929663608562691,0.6070336391437309,Neutral,54
0x513b8629fe877bb581bf244e326a047b249c4ff1,2025-04-29,117648.295306,32144.09112903226,992,0.40119320039228507,0.5221774193548387,0.4778225806451613,Greed,60
0x513b8629fe877bb581bf244e326a047b249c4ff1,2025-04-30,0.0,22932.819688149688,481,0.40119320039228507,1.0,0.0,Greed,56
0x513b8629fe877bb581bf244e326a047b249c4ff1,2025-05-01,60544.304874,22713.250030395135,329,0.40119320039228507,0.2826747720364742,0.7173252279635258,Neutral,53
0x6d6a4b953f202f8df5bed40692e7fd865318264a,2024-12-11,698.009722,136.67374999999998,8,0.4317948717948718,0.0,1.0,Greed,74
0x6d6a4b953f202f8df5bed40692e7fd865318264a,2024-12-12,362.84131,133.0725,4,0.4317948717948718,0.0,1.0,Extreme Greed,83
0x6d6a4b953f202f8df5bed40692e7fd865318264a,2024-12-14,39057.10912,664.7225000000001,80,0.4317948717948718,0.0,1.0,Extreme Greed,83
0x6d6a4b953f202f8df5bed40692e7fd865318264a,2024-12-15,18879.21027,1635.1666666666667,15,0.4317948717948718,0.0,1.0,Extreme Greed,80
0x6d6a4b953f202f8df5bed40692e7fd865318264a,2024-12-16,12648.870412,341.3504255319149,47,0.4317948717948718,0.0,1.0,Extreme Greed,83
0x6d6a4b953f202f8df5bed40692e7fd865318264a,2024-12-17,2244.04603,401.2685714285714,7,0.4317948717948718,0.0,1.0,Extreme Greed,87
0x6d6a4b953f202f8df5bed40692e7fd865318264a,2024-12-21,27649.187167,372.85966292134833,89,0.4317948717948718,0.0,1.0,Greed,73
0x6d6a4b953f202f8df5bed40692e7fd865318264a,2025-01-11,0.0,227.26757575757574,33,0.4317948717948718,1.0,0.0,Greed,69
0x6d6a4b953f202f8df5bed40692e7fd865318264a,2025-01-12,0.0,833.3333333333334,12,0.4317948717948718,1.0,0.0,Greed,62
0x6d6a4b953f202f8df5bed40692e7fd865318264a,2025-01-13,0.0,543.5169565217391,23,0.4317948717948718,1.0,0.0,Greed,61
0x6d6a4b953f202f8df5bed40692e7fd865318264a,2025-01-19,0.0,291.6675,12,0.4317948717948718,1.0,0.0,Extreme Greed,77
0x6d6a4b953f202f8df5bed40692e7fd865318264a,2025-01-20,0.0,1666.64,3,0.4317948717948718,1.0,0.0,Extreme Greed,76
0x6d6a4b953f202f8df5bed40692e7fd865318264a,2025-01-23,0.0,141.0,3,0.4317948717948718,1.0,0.0,Extreme Greed,75
0x6d6a4b953f202f8df5bed40692e7fd865318264a,2025-01-27,0.0,1272.7318181818182,11,0.4317948717948718,1.0,0.0,Greed,71
0x6d6a4b953f202f8df5bed40692e7fd865318264a,2025-01-30,1643.602279,1242.675,8,0.4317948717948718,0.0,1.0,Greed,70
0x6d6a4b953f202f8df5bed40692e7fd865318264a,2025-02-01,0.0,1987.6240000000003,5,0.4317948717948718,1.0,0.0,Greed,68
0x6d6a4b953f202f8df5bed40692e7fd865318264a,2025-02-14,844.8168900000001,254.39857142857142,21,0.4317948717948718,0.0,1.0,Neutral,48
0x6d6a4b953f202f8df5bed40692e7fd865318264a,2025-02-15,0.0,485.4918181818182,11,0.4317948717948718,1.0,0.0,Neutral,50
0x6d6a4b953f202f8df5bed40692e7fd865318264a,2025-03-26,413.304033,875.7783333333333,18,0.4317948717948718,0.8888888888888888,0.1111111111111111,Neutral,47
0x6d6a4b953f202f8df5bed40692e7fd865318264a,2025-03-27,154.257092,550.3630434782609,23,0.4317948717948718,0.34782608695652173,0.6521739130434783,Fear,40
0x6d6a4b953f202f8df5bed40692e7fd865318264a,2025-03-28,0.0,227.225,12,0.4317948717948718,1.0,0.0,Fear,44
0x6d6a4b953f202f8df5bed40692e7fd865318264a,2025-03-29,0.0,221.41285714285712,7,0.4317948717948718,1.0,0.0,Fear,26
0x6d6a4b953f202f8df5bed40692e7fd865318264a,2025-03-30,3.492534,276.01,6,0.4317948717948718,0.6666666666666666,0.3333333333333333,Fear,32
0x6d6a4b953f202f8df5bed40692e7fd865318264a,2025-03-31,0.0,149.99,1,0.4317948717948718,1.0,0.0,Fear,34
0x6d6a4b953f202f8df5bed40692e7fd865318264a,2025-04-01,132.71954399999998,1954.3107142857145,14,0.4317948717948718,0.2857142857142857,0.7142857142857143,Fear,34
0x6d6a4b953f202f8df5bed40692e7fd865318264a,2025-04-02,234.497751,1120.655,34,0.4317948717948718,0.4411764705882353,0.5588235294117647,Fear,44
0x6d6a4b953f202f8df5bed40692e7fd865318264a,2025-04-03,298.031364,922.9384999999999,20,0.4317948717948718,0.95,0.05,Fear,25
0x6d6a4b953f202f8df5bed40692e7fd865318264a,2025-04-04,392.35488599999996,626.296,60,0.4317948717948718,0.6,0.4,Fear,28
0x6d6a4b953f202f8df5bed40692e7fd865318264a,2025-04-05,41.479757,1026.9088235294118,17,0.4317948717948718,0.7058823529411765,0.29411764705882354,Fear,30
0x6d6a4b953f202f8df5bed40692e7fd865318264a,2025-04-06,207.98348199999998,1384.9813636363635,22,0.4317948717948718,0.9090909090909091,0.09090909090909091,Fear,34
0x6d6a4b953f202f8df5bed40692e7fd865318264a,2025-04-07,232.000726,990.5305882352941,51,0.4317948717948718,0.6274509803921569,0.37254901960784315,Extreme Fear,23
0x6d6a4b953f202f8df5bed40692e7fd865318264a,2025-04-08,409.437344,1307.165,32,0.4317948717948718,0.375,0.625,Extreme Fear,24
0x6d6a4b953f202f8df5bed40692e7fd865318264a,2025-04-09,1395.820542,902.617,60,0.4317948717948718,0.21666666666666667,0.7833333333333333,Extreme Fear,18
0x6d6a4b953f202f8df5bed40692e7fd865318264a,2025-04-10,463.813132,1599.0455555555554,18,0.4317948717948718,0.7777777777777778,0.2222222222222222,Fear,39
0x6d6a4b953f202f8df5bed40692e7fd865318264a,2025-04-11,56.216535,2161.054,5,0.4317948717948718,0.0,1.0,Fear,25
0x6d6a4b953f202f8df5bed40692e7fd865318264a,2025-04-12,-89.1781,1094.5383333333332,12,0.4317948717948718,0.16666666666666666,0.8333333333333334,Fear,43
0x6d6a4b953f202f8df5bed40692e7fd865318264a,2025-04-13,0.0,999.44,1,0.4317948717948718,0.0,1.0,Neutral,45
0x6d6a4b953f202f8df5bed40692e7fd865318264a,2025-04-14,73.7414,2214.596,5,0.4317948717948718,0.4,0.6,Fear,31
0x6d6a4b953f202f8df5bed40692e7fd865318264a,2025-04-15,0.0,1124.95125,8,0.4317948717948718,0.0,1.0,Fear,38
0x6d6a4b953f202f8df5bed40692e7fd865318264a,2025-04-16,70.94968,494.38,4,0.4317948717948718,1.0,0.0,Fear,29
0x6d6a4b953f202f8df5bed40692e7fd865318264a,2025-04-19,0.0,414.2778823529412,85,0.4317948717948718,0.0,1.0,Fear,32
0x6d6a4b953f202f8df5bed40692e7fd865318264a,2025-04-21,0.0,1166.0616666666667,6,0.4317948717948718,0.0,1.0,Fear,39
0x6d6a4b953f202f8df5bed40692e7fd865318264a,2025-04-22,0.0,999.832,10,0.4317948717948718,0.0,1.0,Neutral,47
0x6d6a4b953f202f8df5bed40692e7fd865318264a,2025-04-23,0.0,527.7555555555556,18,0.4317948717948718,0.0,1.0,Greed,72
0x6d6a4b953f202f8df5bed40692e7fd865318264a,2025-04-24,168.69881,441.69899999999996,20,0.4317948717948718,0.65,0.35,Greed,63
0x6d6a4b953f202f8df5bed40692e7fd865318264a,2025-04-25,0.0,535.6742857142857,7,0.4317948717948718,0.0,1.0,Greed,60
0x6d6a4b953f202f8df5bed40692e7fd865318264a,2025-04-26,43.903059999999996,1815.0585714285714,7,0.4317948717948718,0.5714285714285714,0.42857142857142855,Greed,65
0x72743ae2822edd658c0c50608fd7c5c501b2afbd,2024-12-17,0.0,18481.63244897959,98,0.34591194968553457,0.0,1.0,Extreme Greed,87
0x72743ae2822edd658c0c50608fd7c5c501b2afbd,2024-12-22,327545.999992,14265.865288461539,104,0.34591194968553457,1.0,0.0,Greed,73
0x72743ae2822edd658c0c50608fd7c5c501b2afbd,2025-01-04,0.0,11569.857730496453,141,0.34591194968553457,0.0,1.0,Greed,73
0x72743ae2822edd658c0c50608fd7c5c501b2afbd,2025-01-08,122050.866984,31443.71166666667,48,0.34591194968553457,1.0,0.0,Greed,70
0x72743ae2822edd658c0c50608fd7c5c501b2afbd,2025-02-28,0.0,1457.8809090909092,77,0.34591194968553457,0.24675324675324675,0.7532467532467533,Extreme Fear,16
0x72743ae2822edd658c0c50608fd7c5c501b2afbd,2025-03-08,0.0,2119.866666666667,15,0.34591194968553457,0.6666666666666666,0.3333333333333333,Fear,28
0x72743ae2822edd658c0c50608fd7c5c501b2afbd,2025-03-09,0.0,1365.6884444444443,90,0.34591194968553457,0.8222222222222222,0.17777777777777778,Fear,27
0x72743ae2822edd658c0c50608fd7c5c501b2afbd,2025-04-08,0.0,2481.818051948052,77,0.34591194968553457,0.4805194805194805,0.5194805194805194,Extreme Fear,24
0x72743ae2822edd658c0c50608fd7c5c501b2afbd,2025-04-09,33980.0,8095.553154929577,355,0.34591194968553457,0.12112676056338029,0.8788732394366198,Extreme Fear,18
0x72743ae2822edd658c0c50608fd7c5c501b2afbd,2025-04-10,0.0,12530.401249999999,8,0.34591194968553457,0.0,1.0,Fear,39
0x72743ae2822edd658c0c50608fd7c5c501b2afbd,2025-04-11,0.0,51734.1,3,0.34591194968553457,0.0,1.0,Fear,25
0x72743ae2822edd658c0c50608fd7c5c501b2afbd,2025-04-16,-14838.4,4603.773962264151,53,0.34591194968553457,1.0,0.0,Fear,29
0x72743ae2822edd658c0c50608fd7c5c501b2afbd,2025-04-18,-42923.271911,8851.193692307692,65,0.34591194968553457,0.23076923076923078,0.7692307692307693,Fear,33
0x72743ae2822edd658c0c50608fd7c5c501b2afbd,2025-04-19,0.0,1287.706923076923,39,0.34591194968553457,0.0,1.0,Fear,32
0x72743ae2822edd658c0c50608fd7c5c501b2afbd,2025-04-20,-458.08035,1333.6473684210525,38,0.34591194968553457,1.0,0.0,Fear,37
0x72743ae2822edd658c0c50608fd7c5c501b2afbd,2025-04-22,0.0,1341.7722784810126,79,0.34591194968553457,1.0,0.0,Neutral,47
0x72743ae2822edd658c0c50608fd7c5c501b2afbd,2025-04-23,10148.4512,1633.4878443113773,167,0.34591194968553457,0.46706586826347307,0.5329341317365269,Greed,72
0x72743ae2822edd658c0c50608fd7c5c501b2afbd,2025-04-24,-3500.0,878.3780180180181,111,0.34591194968553457,0.0,1.0,Greed,63
0x72743ae2822edd658c0c50608fd7c5c501b2afbd,2025-04-25,-2650.0,2502.2713636363637,22,0.34591194968553457,0.0,1.0,Greed,60
0x72c6a4624e1dffa724e6d00d64ceae698af892a0,2024-09-20,0.0,7075.4425,4,0.3062937062937063,0.0,1.0,Neutral,54
0x72c6a4624e1dffa724e6d00d64ceae698af892a0,2024-09-24,0.0,6113.57,1,0.3062937062937063,0.0,1.0,Neutral,54
0x72c6a4624e1dffa724e6d00d64ceae698af892a0,2024-09-25,0.0,917.6733333333333,3,0.3062937062937063,0.0,1.0,Greed,59
0x72c6a4624e1dffa724e6d00d64ceae698af892a0,2024-09-26,0.0,6654.302000000001,5,0.3062937062937063,0.0,1.0,Neutral,50
0x72c6a4624e1dffa724e6d00d64ceae698af892a0,2024-09-27,0.0,567.4939130434783,46,0.3062937062937063,0.0,1.0,Greed,61
0x72c6a4624e1dffa724e6d00d64ceae698af892a0,2024-09-28,0.0,7299.8025,4,0.3062937062937063,0.0,1.0,Greed,64
0x72c6a4624e1dffa724e6d00d64ceae698af892a0,2024-09-30,0.0,389.4682291666666,96,0.3062937062937063,0.0,1.0,Greed,61
0x72c6a4624e1dffa724e6d00d64ceae698af892a0,2024-10-25,8692.0,4659.2,5,0.3062937062937063,1.0,0.0,Greed,72
0x72c6a4624e1dffa724e6d00d64ceae698af892a0,2024-11-29,573.585288,573.59,1,0.3062937062937063,0.0,1.0,Extreme Greed,78
0x72c6a4624e1dffa724e6d00d64ceae698af892a0,2024-12-12,0.0,1397.385294117647,17,0.3062937062937063,0.0,1.0,Extreme Greed,83
0x72c6a4624e1dffa724e6d00d64ceae698af892a0,2024-12-13,0.0,2951.8799999999997,30,0.3062937062937063,0.0,1.0,Extreme Greed,76
0x72c6a4624e1dffa724e6d00d64ceae698af892a0,2024-12-14,0.0,2042.2541860465114,43,0.3062937062937063,0.0,1.0,Extreme Greed,83
0x72c6a4624e1dffa724e6d00d64ceae698af892a0,2024-12-15,0.0,2812.5,8,0.3062937062937063,0.0,1.0,Extreme Greed,80
0x72c6a4624e1dffa724e6d00d64ceae698af892a0,2024-12-16,0.0,1561.8182926829268,41,0.3062937062937063,0.0,1.0,Extreme Greed,83
0x72c6a4624e1dffa724e6d00d64ceae698af892a0,2024-12-17,0.0,3150.0064285714284,14,0.3062937062937063,0.0,1.0,Extreme Greed,87
0x72c6a4624e1dffa724e6d00d64ceae698af892a0,2024-12-18,0.0,3206.451290322581,31,0.3062937062937063,0.0,1.0,Extreme Greed,81
0x72c6a4624e1dffa724e6d00d64ceae698af892a0,2024-12-19,0.0,24880.0,1,0.3062937062937063,0.0,1.0,Extreme Greed,75
0x72c6a4624e1dffa724e6d00d64ceae698af892a0,2024-12-20,0.0,4121.142857142857,28,0.3062937062937063,0.0,1.0,Greed,74
0x72c6a4624e1dffa724e6d00d64ceae698af892a0,2024-12-23,0.0,3422.0648571428574,35,0.3062937062937063,0.0,1.0,Greed,70
0x72c6a4624e1dffa724e6d00d64ceae698af892a0,2024-12-25,0.0,28677.0,1,0.3062937062937063,0.0,1.0,Greed,73
0x72c6a4624e1dffa724e6d00d64ceae698af892a0,2024-12-27,0.0,9450.001666666667,6,0.3062937062937063,0.0,1.0,Greed,74
0x72c6a4624e1dffa724e6d00d64ceae698af892a0,2024-12-28,0.0,2406.462941176471,34,0.3062937062937063,0.0,1.0,Greed,72
0x72c6a4624e1dffa724e6d00d64ceae698af892a0,2024-12-29,0.0,5006.2699999999995,14,0.3062937062937063,0.0,1.0,Greed,73
0x72c6a4624e1dffa724e6d00d64ceae698af892a0,2024-12-30,0.0,2392.239333333333,15,0.3062937062937063,0.0,1.0,Greed,65
0x72c6a4624e1dffa724e6d00d64ceae698af892a0,2025-01-02,0.0,8894.193333333335,3,0.3062937062937063,0.0,1.0,Greed,70
0x72c6a4624e1dffa724e6d00d64ceae698af892a0,2025-01-03,0.0,6065.75,6,0.3062937062937063,0.0,1.0,Greed,74
0x72c6a4624e1dffa724e6d00d64ceae698af892a0,2025-01-04,0.0,2128.95,1,0.3062937062937063,0.0,1.0,Greed,73
0x72c6a4624e1dffa724e6d00d64ceae698af892a0,2025-01-05,0.0,2863.6875,8,0.3062937062937063,0.0,1.0,Greed,72
0x72c6a4624e1dffa724e6d00d64ceae698af892a0,2025-01-06,0.0,2910.8484000000003,25,0.3062937062937063,0.0,1.0,Extreme Greed,76
0x72c6a4624e1dffa724e6d00d64ceae698af892a0,2025-01-09,10647.977,38563.98,1,0.3062937062937063,1.0,0.0,Greed,69
0x72c6a4624e1dffa724e6d00d64ceae698af892a0,2025-01-24,0.0,2258.9,2,0.3062937062937063,1.0,0.0,Extreme Greed,75
0x72c6a4624e1dffa724e6d00d64ceae698af892a0,2025-01-25,0.0,3981.5714285714284,14,0.3062937062937063,1.0,0.0,Extreme Greed,75
0x72c6a4624e1dffa724e6d00d64ceae698af892a0,2025-01-26,262.95,1671.9961818181819,55,0.3062937062937063,0.2909090909090909,0.7090909090909091,Greed,73
0x72c6a4624e1dffa724e6d00d64ceae698af892a0,2025-01-27,0.0,11300.0,1,0.3062937062937063,0.0,1.0,Greed,71
0x72c6a4624e1dffa724e6d00d64ceae698af892a0,2025-01-28,1474.79,1620.264857142857,70,0.3062937062937063,0.5428571428571428,0.45714285714285713,Greed,72
0x72c6a4624e1dffa724e6d00d64ceae698af892a0,2025-02-02,0.0,837.1502702702703,37,0.3062937062937063,0.0,1.0,Greed,60
0x72c6a4624e1dffa724e6d00d64ceae698af892a0,2025-02-04,0.0,15000.0,1,0.3062937062937063,0.0,1.0,Greed,72
0x72c6a4624e1dffa724e6d00d64ceae698af892a0,2025-02-07,0.0,772.9157407407408,54,0.3062937062937063,0.46296296296296297,0.5370370370370371,Fear,44
0x72c6a4624e1dffa724e6d00d64ceae698af892a0,2025-02-10,0.0,2206.1225,24,0.3062937062937063,0.0,1.0,Fear,43
0x72c6a4624e1dffa724e6d00d64ceae698af892a0,2025-02-14,0.0,3058.91,5,0.3062937062937063,0.2,0.8,Neutral,48
0x72c6a4624e1dffa724e6d00d64ceae698af892a0,2025-02-15,0.0,1628.5714285714287,7,0.3062937062937063,1.0,0.0,Neutral,50
0x72c6a4624e1dffa724e6d00d64ceae698af892a0,2025-02-16,0.0,1650.0,6,0.3062937062937063,1.0,0.0,Neutral,54
0x72c6a4624e1dffa724e6d00d64ceae698af892a0,2025-02-18,0.0,701.2211111111111,9,0.3062937062937063,1.0,0.0,Neutral,47
0x72c6a4624e1dffa724e6d00d64ceae698af892a0,2025-02-21,0.0,374.33,18,0.3062937062937063,0.0,1.0,Greed,55
0x72c6a4624e1dffa724e6d00d64ceae698af892a0,2025-02-22,0.0,1038.095,14,0.3062937062937063,0.9285714285714286,0.07142857142857142,Neutral,49
0x72c6a4624e1dffa724e6d00d64ceae698af892a0,2025-02-25,81776.7151,1940.033503649635,137,0.3062937062937063,1.0,0.0,Fear,25
0x72c6a4624e1dffa724e6d00d64ceae698af892a0,2025-02-26,8230.0,23710.0,1,0.3062937062937063,1.0,0.0,Extreme Fear,21
0x72c6a4624e1dffa724e6d00d64ceae698af892a0,2025-02-27,8517.7655,2059.193846153846,13,0.3062937062937063,1.0,0.0,Extreme Fear,10
0x72c6a4624e1dffa724e6d00d64ceae698af892a0,2025-02-28,15700.5,7567.57,3,0.3062937062937063,1.0,0.0,Extreme Fear,16
0x72c6a4624e1dffa724e6d00d64ceae698af892a0,2025-03-01,0.0,791.3578571428571,14,0.3062937062937063,0.7142857142857143,0.2857142857142857,Extreme Fear,20
0x72c6a4624e1dffa724e6d00d64ceae698af892a0,2025-03-02,10915.212,1366.0404,25,0.3062937062937063,1.0,0.0,Fear,26
0x72c6a4624e1dffa724e6d00d64ceae698af892a0,2025-03-03,17247.427499999998,3784.509375,16,0.3062937062937063,1.0,0.0,Fear,33
0x72c6a4624e1dffa724e6d00d64ceae698af892a0,2025-03-04,169132.29611,3030.0763225806454,155,0.3062937062937063,1.0,0.0,Extreme Fear,15
0x72c6a4624e1dffa724e6d00d64ceae698af892a0,2025-03-07,0.0,496.50100000000003,10,0.3062937062937063,1.0,0.0,Fear,34
0x72c6a4624e1dffa724e6d00d64ceae698af892a0,2025-03-08,0.0,480.2857142857143,7,0.3062937062937063,1.0,0.0,Fear,28
0x72c6a4624e1dffa724e6d00d64ceae698af892a0,2025-03-09,0.0,232.88047619047617,21,0.3062937062937063,0.9047619047619048,0.09523809523809523,Fear,27
0x72c6a4624e1dffa724e6d00d64ceae698af892a0,2025-03-10,-2680.0,678.8711428571429,35,0.3062937062937063,0.17142857142857143,0.8285714285714286,Extreme Fear,20
0x72c6a4624e1dffa724e6d00d64ceae698af892a0,2025-03-15,0.0,5925.5,1,0.3062937062937063,0.0,1.0,Neutral,46
0x72c6a4624e1dffa724e6d00d64ceae698af892a0,2025-04-12,-3546.9,1581.1591666666666,12,0.3062937062937063,0.0,1.0,Fear,43
0x72c6a4624e1dffa724e6d00d64ceae698af892a0,2025-04-13,-4526.698469,2040.0,5,0.3062937062937063,0.0,1.0,Neutral,45
0x72c6a4624e1dffa724e6d00d64ceae698af892a0,2025-04-14,7848.0,2675.8333333333335,3,0.3062937062937063,1.0,0.0,Fear,31
0x72c6a4624e1dffa724e6d00d64ceae698af892a0,2025-04-15,6335.6,1444.0666666666666,6,0.3062937062937063,1.0,0.0,Fear,38
0x72c6a4624e1dffa724e6d00d64ceae698af892a0,2025-04-16,14609.800000000001,825.0,44,0.3062937062937063,0.7045454545454546,0.29545454545454547,Fear,29
0x72c6a4624e1dffa724e6d00d64ceae698af892a0,2025-04-20,18374.63,1135.2727272727273,55,0.3062937062937063,0.8545454545454545,0.14545454545454545,Fear,37
0x72c6a4624e1dffa724e6d00d64ceae698af892a0,2025-04-21,-9046.14,1703.0882352941176,17,0.3062937062937063,0.4117647058823529,0.5882352941176471,Fear,39
0x75f7eeb85dc639d5e99c78f95393aa9a5f1170d4,2024-01-19,-0.20400000000000001,169.64555555555555,9,0.8108763772364298,0.4444444444444444,0.5555555555555556,Neutral,51
0x75f7eeb85dc639d5e99c78f95393aa9a5f1170d4,2024-01-22,1166.248788,1125.4704166666668,48,0.8108763772364298,0.5833333333333334,0.4166666666666667,Greed,55
0x75f7eeb85dc639d5e99c78f95393aa9a5f1170d4,2024-01-26,90.2,4627.9,2,0.8108763772364298,0.5,0.5,Neutral,49
0x75f7eeb85dc639d5e99c78f95393aa9a5f1170d4,2024-01-29,1.71544,1034.4299999999998,2,0.8108763772364298,0.5,0.5,Greed,55
0x75f7eeb85dc639d5e99c78f95393aa9a5f1170d4,2024-02-14,3639.3031690000003,2478.8488636363636,88,0.8108763772364298,0.3068181818181818,0.6931818181818182,Greed,74
0x75f7eeb85dc639d5e99c78f95393aa9a5f1170d4,2024-02-15,1024.70728,1469.9592307692308,52,0.8108763772364298,0.9423076923076923,0.057692307692307696,Greed,72
0x75f7eeb85dc639d5e99c78f95393aa9a5f1170d4,2024-02-16,5491.768834,2730.2580588235296,170,0.8108763772364298,0.6176470588235294,0.38235294117647056,Greed,72
0x75f7eeb85dc639d5e99c78f95393aa9a5f1170d4,2024-02-17,1670.012358,3161.86234375,64,0.8108763772364298,0.390625,0.609375,Extreme Greed,76
0x75f7eeb85dc639d5e99c78f95393aa9a5f1170d4,2024-02-18,477.6248299999999,1619.0532989690723,97,0.8108763772364298,0.3917525773195876,0.6082474226804123,Greed,72
0x75f7eeb85dc639d5e99c78f95393aa9a5f1170d4,2024-02-19,4325.827543,2488.1485263157892,95,0.8108763772364298,0.4,0.6,Extreme Greed,75
0x75f7eeb85dc639d5e99c78f95393aa9a5f1170d4,2024-02-20,3053.31353,3363.1262857142856,35,0.8108763772364298,0.37142857142857144,0.6285714285714286,Greed,72
0x75f7eeb85dc639d5e99c78f95393aa9a5f1170d4,2024-02-21,1858.7985700000002,4668.662857142857,21,0.8108763772364298,0.2857142857142857,0.7142857142857143,Extreme Greed,78
0x75f7eeb85dc639d5e99c78f95393aa9a5f1170d4,2024-02-22,3894.1050699999996,4279.456162790698,86,0.8108763772364298,0.38372093023255816,0.6162790697674418,Greed,74
0x75f7eeb85dc639d5e99c78f95393aa9a5f1170d4,2024-02-23,1418.55293,776.966013986014,143,0.8108763772364298,0.916083916083916,0.08391608391608392,Extreme Greed,76
0x75f7eeb85dc639d5e99c78f95393aa9a5f1170d4,2024-02-25,-30.7705,896.0260000000001,5,0.8108763772364298,0.4,0.6,Greed,74
0x75f7eeb85dc639d5e99c78f95393aa9a5f1170d4,2024-02-26,4416.8473,5180.734324324325,37,0.8108763772364298,0.7297297297297297,0.2702702702702703,Greed,72
0x75f7eeb85dc639d5e99c78f95393aa9a5f1170d4,2024-02-27,312.130593,3759.7450909090912,55,0.8108763772364298,0.6,0.4,Extreme Greed,79
0x75f7eeb85dc639d5e99c78f95393aa9a5f1170d4,2024-02-28,2503.747235,3802.380666666667,45,0.8108763772364298,0.6888888888888889,0.3111111111111111,Extreme Greed,82
0x75f7eeb85dc639d5e99c78f95393aa9a5f1170d4,2024-02-29,8493.192736,3402.198532110092,109,0.8108763772364298,0.5504587155963303,0.44954128440366975,Extreme Greed,80
0x75f7eeb85dc639d5e99c78f95393aa9a5f1170d4,2024-03-01,8244.241409,3452.370072992701,137,0.8108763772364298,0.27007299270072993,0.7299270072992701,Extreme Greed,80
0x75f7eeb85dc639d5e99c78f95393aa9a5f1170d4,2024-03-02,1674.715167,2510.5745833333335,24,0.8108763772364298,0.875,0.125,Extreme Greed,80
0x75f7eeb85dc639d5e99c78f95393aa9a5f1170d4,2024-03-03,8361.086245,4946.1478481012655,79,0.8108763772364298,0.45569620253164556,0.5443037974683544,Extreme Greed,83
0x75f7eeb85dc639d5e99c78f95393aa9a5f1170d4,2024-03-04,26773.771643,5485.087665505226,287,0.8108763772364298,0.5609756097560976,0.43902439024390244,Extreme Greed,82
0x75f7eeb85dc639d5e99c78f95393aa9a5f1170d4,2024-03-05,19791.026041,4676.724,180,0.8108763772364298,0.3055555555555556,0.6944444444444444,Extreme Greed,90
0x75f7eeb85dc639d5e99c78f95393aa9a5f1170d4,2024-03-06,6814.825139,3990.4636585365856,82,0.8108763772364298,0.5975609756097561,0.4024390243902439,Extreme Greed,75
0x75f7eeb85dc639d5e99c78f95393aa9a5f1170d4,2024-03-08,4271.886236,2740.047462686567,67,0.8108763772364298,0.2835820895522388,0.7164179104477612,Extreme Greed,81
0x75f7eeb85dc639d5e99c78f95393aa9a5f1170d4,2024-03-09,9949.501624,5625.459401709401,117,0.8108763772364298,0.7094017094017094,0.2905982905982906,Extreme Greed,84
0x75f7eeb85dc639d5e99c78f95393aa9a5f1170d4,2024-03-10,2482.9272,5237.472619047619,42,0.8108763772364298,0.9047619047619048,0.09523809523809523,Extreme Greed,79
0x75f7eeb85dc639d5e99c78f95393aa9a5f1170d4,2024-03-11,3588.179495,4202.844047619047,42,0.8108763772364298,0.2857142857142857,0.7142857142857143,Extreme Greed,82
0x75f7eeb85dc639d5e99c78f95393aa9a5f1170d4,2024-03-12,3039.166,12880.10625,8,0.8108763772364298,0.125,0.875,Extreme Greed,81
0x75f7eeb85dc639d5e99c78f95393aa9a5f1170d4,2024-03-14,3400.385378,11756.876470588235,17,0.8108763772364298,0.11764705882352941,0.8823529411764706,Extreme Greed,88
0x75f7eeb85dc639d5e99c78f95393aa9a5f1170d4,2024-03-15,5509.2545,7132.707714285714,35,0.8108763772364298,0.37142857142857144,0.6285714285714286,Extreme Greed,83
0x75f7eeb85dc639d5e99c78f95393aa9a5f1170d4,2024-03-17,73.61088,705.8557142857143,7,0.8108763772364298,0.8571428571428571,0.14285714285714285,Extreme Greed,79
0x75f7eeb85dc639d5e99c78f95393aa9a5f1170d4,2024-03-18,1244.6384,8540.285,6,0.8108763772364298,0.16666666666666666,0.8333333333333334,Extreme Greed,77
0x75f7eeb85dc639d5e99c78f95393aa9a5f1170d4,2024-03-19,842.799493,18098.891,10,0.8108763772364298,0.5,0.5,Extreme Greed,79
0x75f7eeb85dc639d5e99c78f95393aa9a5f1170d4,2024-03-20,2593.147623,2446.8210169491526,59,0.8108763772364298,0.3898305084745763,0.6101694915254238,Greed,74
0x75f7eeb85dc639d5e99c78f95393aa9a5f1170d4,2024-03-21,2097.182,4256.877391304348,23,0.8108763772364298,0.9565217391304348,0.043478260869565216,Extreme Greed,78
0x75f7eeb85dc639d5e99c78f95393aa9a5f1170d4,2024-03-24,1297.018477,4873.274210526315,19,0.8108763772364298,0.7894736842105263,0.21052631578947367,Greed,74
0x75f7eeb85dc639d5e99c78f95393aa9a5f1170d4,2024-03-26,3195.3074,1572.7824324324324,111,0.8108763772364298,0.018018018018018018,0.9819819819819819,Extreme Greed,81
0x75f7eeb85dc639d5e99c78f95393aa9a5f1170d4,2024-03-27,-38.78086,1163.5172727272727,11,0.8108763772364298,0.6363636363636364,0.36363636363636365,Extreme Greed,83
0x75f7eeb85dc639d5e99c78f95393aa9a5f1170d4,2024-03-28,227.85100799999998,1530.983,10,0.8108763772364298,0.9,0.1,Extreme Greed,80
0x75f7eeb85dc639d5e99c78f95393aa9a5f1170d4,2024-03-30,1100.57514,2246.753777777778,45,0.8108763772364298,0.022222222222222223,0.9777777777777777,Extreme Greed,75
0x75f7eeb85dc639d5e99c78f95393aa9a5f1170d4,2024-04-01,2507.122467,4260.021458333334,48,0.8108763772364298,0.14583333333333334,0.8541666666666666,Extreme Greed,79
0x75f7eeb85dc639d5e99c78f95393aa9a5f1170d4,2024-04-03,126.7884,3443.955,2,0.8108763772364298,0.5,0.5,Greed,71
0x75f7eeb85dc639d5e99c78f95393aa9a5f1170d4,2024-04-05,5296.433789,3723.111585365854,82,0.8108763772364298,0.08536585365853659,0.9146341463414634,Extreme Greed,79
0x75f7eeb85dc639d5e99c78f95393aa9a5f1170d4,2024-04-08,1218.4267,24387.135,2,0.8108763772364298,0.5,0.5,Extreme Greed,76
0x75f7eeb85dc639d5e99c78f95393aa9a5f1170d4,2024-04-12,2237.798674,2815.611935483871,93,0.8108763772364298,0.07526881720430108,0.9247311827956989,Extreme Greed,79
0x75f7eeb85dc639d5e99c78f95393aa9a5f1170d4,2024-04-13,6621.451755,4651.021830985916,71,0.8108763772364298,0.39436619718309857,0.6056338028169014,Greed,72
0x75f7eeb85dc639d5e99c78f95393aa9a5f1170d4,2024-04-14,461.97292000000004,1637.1216279069768,43,0.8108763772364298,0.5348837209302325,0.46511627906976744,Greed,72
0x75f7eeb85dc639d5e99c78f95393aa9a5f1170d4,2024-04-15,3774.08872,6344.664210526315,38,0.8108763772364298,0.39473684210526316,0.6052631578947368,Greed,74
0x75f7eeb85dc639d5e99c78f95393aa9a5f1170d4,2024-04-16,2467.702221,3952.523695652174,46,0.8108763772364298,0.6739130434782609,0.32608695652173914,Greed,65
0x75f7eeb85dc639d5e99c78f95393aa9a5f1170d4,2024-04-17,2441.4683999999997,6968.785000000001,14,0.8108763772364298,0.9285714285714286,0.07142857142857142,Greed,67
0x75f7eeb85dc639d5e99c78f95393aa9a5f1170d4,2024-04-23,360.32138,3366.369166666667,12,0.8108763772364298,0.16666666666666666,0.8333333333333334,Greed,71
0x75f7eeb85dc639d5e99c78f95393aa9a5f1170d4,2024-05-03,-13.844579999999999,47.215714285714284,7,0.8108763772364298,0.42857142857142855,0.5714285714285714,Neutral,48
0x75f7eeb85dc639d5e99c78f95393aa9a5f1170d4,2024-05-05,0.916,41.15,2,0.8108763772364298,0.5,0.5,Greed,69
0x75f7eeb85dc639d5e99c78f95393aa9a5f1170d4,2024-05-07,0.0,47.59,1,0.8108763772364298,0.0,1.0,Greed,68
0x75f7eeb85dc639d5e99c78f95393aa9a5f1170d4,2024-05-08,1.56576,46.46,3,0.8108763772364298,0.6666666666666666,0.3333333333333333,Greed,64
0x75f7eeb85dc639d5e99c78f95393aa9a5f1170d4,2024-05-23,0.0,10.56,1,0.8108763772364298,0.0,1.0,Extreme Greed,76
0x75f7eeb85dc639d5e99c78f95393aa9a5f1170d4,2024-06-13,-1.40304,11.97,1,0.8108763772364298,1.0,0.0,Greed,70
0x75f7eeb85dc639d5e99c78f95393aa9a5f1170d4,2024-12-09,0.01574,16.731428571428573,7,0.8108763772364298,0.42857142857142855,0.5714285714285714,Extreme Greed,78
0x75f7eeb85dc639d5e99c78f95393aa9a5f1170d4,2024-12-10,3634.56814,1401.238888888889,153,0.8108763772364298,0.26143790849673204,0.738562091503268,Extreme Greed,78
0x75f7eeb85dc639d5e99c78f95393aa9a5f1170d4,2024-12-11,1567.4026840000001,7024.881304347826,23,0.8108763772364298,0.5217391304347826,0.4782608695652174,Greed,74
0x75f7eeb85dc639d5e99c78f95393aa9a5f1170d4,2024-12-12,323.34897900000016,3563.27,52,0.8108763772364298,0.5576923076923077,0.4423076923076923,Extreme Greed,83
0x75f7eeb85dc639d5e99c78f95393aa9a5f1170d4,2024-12-13,8276.625256,4533.178461538461,26,0.8108763772364298,0.3076923076923077,0.6923076923076923,Extreme Greed,76
0x75f7eeb85dc639d5e99c78f95393aa9a5f1170d4,2024-12-14,-33.03286,1667.6102777777778,36,0.8108763772364298,0.3055555555555556,0.6944444444444444,Extreme Greed,83
0x75f7eeb85dc639d5e99c78f95393aa9a5f1170d4,2024-12-15,126.32543000000001,469.7357142857143,14,0.8108763772364298,0.07142857142857142,0.9285714285714286,Extreme Greed,80
0x75f7eeb85dc639d5e99c78f95393aa9a5f1170d4,2024-12-16,758.93225,5082.063,10,0.8108763772364298,0.5,0.5,Extreme Greed,83
0x75f7eeb85dc639d5e99c78f95393aa9a5f1170d4,2024-12-17,3146.294798,1978.6264179104478,67,0.8108763772364298,0.5671641791044776,0.43283582089552236,Extreme Greed,87
0x75f7eeb85dc639d5e99c78f95393aa9a5f1170d4,2024-12-18,2507.193252,1492.9519130434783,115,0.8108763772364298,0.8695652173913043,0.13043478260869565,Extreme Greed,81
0x75f7eeb85dc639d5e99c78f95393aa9a5f1170d4,2024-12-19,13027.2866,2927.3372765957447,235,0.8108763772364298,0.17872340425531916,0.8212765957446808,Extreme Greed,75
0x75f7eeb85dc639d5e99c78f95393aa9a5f1170d4,2024-12-20,3509.273443,1042.2276712328767,219,0.8108763772364298,0.9223744292237442,0.0776255707762557,Greed,74
0x75f7eeb85dc639d5e99c78f95393aa9a5f1170d4,2024-12-21,24.404600000000002,1607.23625,8,0.8108763772364298,0.5,0.5,Greed,73
0x75f7eeb85dc639d5e99c78f95393aa9a5f1170d4,2024-12-23,657.693565,1163.6007843137254,51,0.8108763772364298,0.9803921568627451,0.0196078431372549,Greed,70
0x75f7eeb85dc639d5e99c78f95393aa9a5f1170d4,2025-01-02,3429.9583199999997,3870.1449056603774,53,0.8108763772364298,0.32075471698113206,0.6792452830188679,Greed,70
0x75f7eeb85dc639d5e99c78f95393aa9a5f1170d4,2025-01-07,11206.706221,2729.2947413793104,232,0.8108763772364298,0.9439655172413793,0.05603448275862069,Extreme Greed,78
0x75f7eeb85dc639d5e99c78f95393aa9a5f1170d4,2025-01-08,3710.36178,4625.799183673469,49,0.8108763772364298,0.5510204081632653,0.4489795918367347,Greed,70
0x75f7eeb85dc639d5e99c78f95393aa9a5f1170d4,2025-01-13,3944.7294389999997,4342.4238000000005,50,0.8108763772364298,0.06,0.94,Greed,61
0x75f7eeb85dc639d5e99c78f95393aa9a5f1170d4,2025-01-14,104.68064,4696.798888888889,9,0.8108763772364298,0.4444444444444444,0.5555555555555556,Greed,63
0x75f7eeb85dc639d5e99c78f95393aa9a5f1170d4,2025-01-18,-3249.381438,7728.827272727272,33,0.8108763772364298,0.696969696969697,0.30303030303030304,Extreme Greed,77
0x75f7eeb85dc639d5e99c78f95393aa9a5f1170d4,2025-01-20,16210.341667,1671.0059413202935,409,0.8108763772364298,0.46454767726161367,0.5354523227383863,Extreme Greed,76
0x75f7eeb85dc639d5e99c78f95393aa9a5f1170d4,2025-01-22,548.62199,2301.3917142857144,35,0.8108763772364298,0.02857142857142857,0.9714285714285714,Extreme Greed,84
0x75f7eeb85dc639d5e99c78f95393aa9a5f1170d4,2025-01-24,3540.716915,1282.6185401459854,137,0.8108763772364298,0.38686131386861317,0.6131386861313869,Extreme Greed,75
0x75f7eeb85dc639d5e99c78f95393aa9a5f1170d4,2025-01-27,2582.715893,1981.91671875,128,0.8108763772364298,0.7734375,0.2265625,Greed,71
0x75f7eeb85dc639d5e99c78f95393aa9a5f1170d4,2025-01-28,1150.332823,3275.1991891891894,37,0.8108763772364298,0.08108108108108109,0.918918918918919,Greed,72
0x75f7eeb85dc639d5e99c78f95393aa9a5f1170d4,2025-01-29,45.381082,1330.8616666666667,36,0.8108763772364298,0.2222222222222222,0.7777777777777778,Greed,72
0x75f7eeb85dc639d5e99c78f95393aa9a5f1170d4,2025-01-30,5049.257348,2169.4271641791042,134,0.8108763772364298,0.4626865671641791,0.5373134328358209,Greed,70
0x75f7eeb85dc639d5e99c78f95393aa9a5f1170d4,2025-01-31,6216.099195999999,2295.991569767442,172,0.8108763772364298,0.5348837209302325,0.46511627906976744,Extreme Greed,76
0x75f7eeb85dc639d5e99c78f95393aa9a5f1170d4,2025-02-01,9609.447365,4026.3325675675674,148,0.8108763772364298,0.7702702702702703,0.22972972972972974,Greed,68
0x75f7eeb85dc639d5e99c78f95393aa9a5f1170d4,2025-02-03,14982.681725,2940.937606837607,351,0.8108763772364298,0.2849002849002849,0.7150997150997151,Fear,44
0x75f7eeb85dc639d5e99c78f95393aa9a5f1170d4,2025-02-04,1985.815595,1605.050657894737,76,0.8108763772364298,0.02631578947368421,0.9736842105263158,Greed,72
0x75f7eeb85dc639d5e99c78f95393aa9a5f1170d4,2025-02-05,14.590934,2107.2529999999997,20,0.8108763772364298,0.25,0.75,Neutral,54
0x75f7eeb85dc639d5e99c78f95393aa9a5f1170d4,2025-02-06,2055.538866,4675.59698630137,73,0.8108763772364298,0.547945205479452,0.4520547945205479,Neutral,49
0x75f7eeb85dc639d5e99c78f95393aa9a5f1170d4,2025-02-07,2648.450789,3997.0581034482757,58,0.8108763772364298,0.10344827586206896,0.896551724137931,Fear,44
0x75f7eeb85dc639d5e99c78f95393aa9a5f1170d4,2025-02-08,235.47104,6882.275,2,0.8108763772364298,0.5,0.5,Fear,44
0x75f7eeb85dc639d5e99c78f95393aa9a5f1170d4,2025-02-09,627.556755,1530.2932394366196,71,0.8108763772364298,0.9295774647887324,0.07042253521126761,Neutral,46
0x75f7eeb85dc639d5e99c78f95393aa9a5f1170d4,2025-02-10,990.674468,2647.6505172413795,58,0.8108763772364298,0.41379310344827586,0.5862068965517241,Fear,43
0x75f7eeb85dc639d5e99c78f95393aa9a5f1170d4,2025-02-11,1053.5230999999999,7386.992,5,0.8108763772364298,0.4,0.6,Neutral,47
0x75f7eeb85dc639d5e99c78f95393aa9a5f1170d4,2025-02-12,-22303.603584,2953.0322881355933,118,0.8108763772364298,0.2627118644067797,0.7372881355932204,Neutral,46
0x75f7eeb85dc639d5e99c78f95393aa9a5f1170d4,2025-02-13,2390.12335,1278.79198019802,101,0.8108763772364298,0.8316831683168316,0.16831683168316833,Neutral,50
0x75f7eeb85dc639d5e99c78f95393aa9a5f1170d4,2025-02-15,462.740727,3875.14,28,0.8108763772364298,0.32142857142857145,0.6785714285714286,Neutral,50
0x75f7eeb85dc639d5e99c78f95393aa9a5f1170d4,2025-02-16,14.54605,341.232,5,0.8108763772364298,0.8,0.2,Neutral,54
0x75f7eeb85dc639d5e99c78f95393aa9a5f1170d4,2025-02-18,3112.721339,2398.0035877862597,131,0.8108763772364298,0.13740458015267176,0.8625954198473282,Neutral,47
0x75f7eeb85dc639d5e99c78f95393aa9a5f1170d4,2025-02-19,770.462266,1613.0980995475113,221,0.8108763772364298,0.9230769230769231,0.07692307692307693,Fear,44
0x75f7eeb85dc639d5e99c78f95393aa9a5f1170d4,2025-02-20,1727.154021,2101.7873913043477,69,0.8108763772364298,0.7536231884057971,0.2463768115942029,Neutral,49
0x75f7eeb85dc639d5e99c78f95393aa9a5f1170d4,2025-02-21,2720.828056,1504.8432978723404,188,0.8108763772364298,0.324468085106383,0.675531914893617,Greed,55
0x75f7eeb85dc639d5e99c78f95393aa9a5f1170d4,2025-02-22,1437.17482,2194.715289256198,121,0.8108763772364298,0.33884297520661155,0.6611570247933884,Neutral,49
0x75f7eeb85dc639d5e99c78f95393aa9a5f1170d4,2025-02-23,1001.2053860000001,2364.3752000000004,125,0.8108763772364298,0.208,0.792,Neutral,50
0x75f7eeb85dc639d5e99c78f95393aa9a5f1170d4,2025-02-25,3622.6256409999996,2395.0187341772153,79,0.8108763772364298,0.21518987341772153,0.7848101265822784,Fear,25
0x75f7eeb85dc639d5e99c78f95393aa9a5f1170d4,2025-02-26,5303.037252,3985.245697674419,86,0.8108763772364298,0.9418604651162791,0.05813953488372093,Extreme Fear,21
0x75f7eeb85dc639d5e99c78f95393aa9a5f1170d4,2025-03-02,948.6016900000001,3923.564166666667,12,0.8108763772364298,0.9166666666666666,0.08333333333333333,Fear,26
0x75f7eeb85dc639d5e99c78f95393aa9a5f1170d4,2025-03-03,-370.250064,1018.7064356435644,101,0.8108763772364298,0.32673267326732675,0.6732673267326733,Fear,33
0x75f7eeb85dc639d5e99c78f95393aa9a5f1170d4,2025-03-05,-5843.04,42921.479999999996,2,0.8108763772364298,0.5,0.5,Extreme Fear,20
0x75f7eeb85dc639d5e99c78f95393aa9a5f1170d4,2025-03-08,556.480533,1573.7972222222222,18,0.8108763772364298,0.9444444444444444,0.05555555555555555,Fear,28
0x75f7eeb85dc639d5e99c78f95393aa9a5f1170d4,2025-03-11,23670.188163,3202.6863529411767,170,0.8108763772364298,0.5058823529411764,0.49411764705882355,Extreme Fear,24
0x75f7eeb85dc639d5e99c78f95393aa9a5f1170d4,2025-03-12,788.209533,2053.1325,24,0.8108763772364298,0.125,0.875,Fear,34
0x75f7eeb85dc639d5e99c78f95393aa9a5f1170d4,2025-03-13,216.69714,3998.917,20,0.8108763772364298,0.05,0.95,Neutral,45
0x75f7eeb85dc639d5e99c78f95393aa9a5f1170d4,2025-03-15,500.116094,1352.128787878788,33,0.8108763772364298,0.9090909090909091,0.09090909090909091,Neutral,46
0x75f7eeb85dc639d5e99c78f95393aa9a5f1170d4,2025-03-16,941.32505,2071.034666666667,15,0.8108763772364298,0.06666666666666667,0.9333333333333333,Fear,30
0x75f7eeb85dc639d5e99c78f95393aa9a5f1170d4,2025-03-17,5845.632627,1292.3644736842105,152,0.8108763772364298,0.631578947368421,0.3684210526315789,Fear,32
0x75f7eeb85dc639d5e99c78f95393aa9a5f1170d4,2025-03-18,82.269533,610.3228571428572,14,0.8108763772364298,0.7142857142857143,0.2857142857142857,Fear,34
0x75f7eeb85dc639d5e99c78f95393aa9a5f1170d4,2025-03-19,106.886191,1166.1046511627908,43,0.8108763772364298,0.023255813953488372,0.9767441860465116,Fear,32
0x75f7eeb85dc639d5e99c78f95393aa9a5f1170d4,2025-03-20,646.76766,965.8490625,32,0.8108763772364298,0.03125,0.96875,Neutral,49
0x75f7eeb85dc639d5e99c78f95393aa9a5f1170d4,2025-03-22,4462.921835,968.4492063492064,63,0.8108763772364298,0.9047619047619048,0.09523809523809523,Fear,32
0x75f7eeb85dc639d5e99c78f95393aa9a5f1170d4,2025-03-24,80.95313,179.39076923076925,26,0.8108763772364298,0.8846153846153846,0.11538461538461539,Neutral,45
0x75f7eeb85dc639d5e99c78f95393aa9a5f1170d4,2025-03-25,520.971268,2614.2506896551727,29,0.8108763772364298,0.5172413793103449,0.4827586206896552,Neutral,46
0x75f7eeb85dc639d5e99c78f95393aa9a5f1170d4,2025-03-26,96.945218,1384.9248101265823,79,0.8108763772364298,0.35443037974683544,0.6455696202531646,Neutral,47
0x75f7eeb85dc639d5e99c78f95393aa9a5f1170d4,2025-03-29,133.123947,507.97253012048196,83,0.8108763772364298,0.024096385542168676,0.9759036144578314,Fear,26
0x75f7eeb85dc639d5e99c78f95393aa9a5f1170d4,2025-03-31,1239.24045,952.425,52,0.8108763772364298,0.019230769230769232,0.9807692307692307,Fear,34
0x75f7eeb85dc639d5e99c78f95393aa9a5f1170d4,2025-04-02,90.98474,2925.4536363636366,11,0.8108763772364298,0.8181818181818182,0.18181818181818182,Fear,44
0x75f7eeb85dc639d5e99c78f95393aa9a5f1170d4,2025-04-06,3370.85855,3952.829230769231,39,0.8108763772364298,0.07692307692307693,0.9230769230769231,Fear,34
0x75f7eeb85dc639d5e99c78f95393aa9a5f1170d4,2025-04-08,948.85929,1116.5534883720932,43,0.8108763772364298,0.023255813953488372,0.9767441860465116,Extreme Fear,24
0x75f7eeb85dc639d5e99c78f95393aa9a5f1170d4,2025-04-09,1593.7933500000001,3893.6853333333333,15,0.8108763772364298,0.4,0.6,Extreme Fear,18
0x75f7eeb85dc639d5e99c78f95393aa9a5f1170d4,2025-04-12,1442.90516,1396.4452272727274,44,0.8108763772364298,0.045454545454545456,0.9545454545454546,Fear,43
0x75f7eeb85dc639d5e99c78f95393aa9a5f1170d4,2025-04-14,1828.36966,3124.96325,40,0.8108763772364298,0.675,0.325,Fear,31
0x75f7eeb85dc639d5e99c78f95393aa9a5f1170d4,2025-04-15,1208.695445,1633.111111111111,36,0.8108763772364298,0.9722222222222222,0.027777777777777776,Fear,38
0x75f7eeb85dc639d5e99c78f95393aa9a5f1170d4,2025-04-16,1674.357543,2679.161714285714,35,0.8108763772364298,0.7714285714285715,0.22857142857142856,Fear,29
0x75f7eeb85dc639d5e99c78f95393aa9a5f1170d4,2025-04-18,471.89234,4048.5616666666665,6,0.8108763772364298,0.8333333333333334,0.16666666666666666,Fear,33
0x75f7eeb85dc639d5e99c78f95393aa9a5f1170d4,2025-04-19,1403.177311,1152.206909090909,55,0.8108763772364298,0.509090909090909,0.4909090909090909,Fear,32
0x75f7eeb85dc639d5e99c78f95393aa9a5f1170d4,2025-04-20,-111.77234,1156.014423076923,52,0.8108763772364298,0.9615384615384616,0.038461538461538464,Fear,37
0x75f7eeb85dc639d5e99c78f95393aa9a5f1170d4,2025-04-22,2933.203058,358.02122324159023,327,0.8108763772364298,0.9938837920489296,0.0061162079510703364,Neutral,47
0x75f7eeb85dc639d5e99c78f95393aa9a5f1170d4,2025-04-23,6439.07977,2393.760844155844,154,0.8108763772364298,0.6298701298701299,0.37012987012987014,Greed,72
0x75f7eeb85dc639d5e99c78f95393aa9a5f1170d4,2025-04-24,1250.2581989999999,2504.40724137931,29,0.8108763772364298,0.5862068965517241,0.41379310344827586,Greed,63
0x75f7eeb85dc639d5e99c78f95393aa9a5f1170d4,2025-04-25,1113.013801,777.5432323232324,99,0.8108763772364298,0.16161616161616163,0.8383838383838383,Greed,60
0x75f7eeb85dc639d5e99c78f95393aa9a5f1170d4,2025-04-26,3291.144446,1400.3834513274335,113,0.8108763772364298,0.9734513274336283,0.02654867256637168,Greed,65
0x75f7eeb85dc639d5e99c78f95393aa9a5f1170d4,2025-04-27,471.712989,1451.5227710843374,83,0.8108763772364298,0.024096385542168676,0.9759036144578314,Greed,61
0x75f7eeb85dc639d5e99c78f95393aa9a5f1170d4,2025-04-28,728.966777,1052.2554545454545,33,0.8108763772364298,0.18181818181818182,0.8181818181818182,Neutral,54
0x7f4f299f74eec87806a830e3caa9afa5f2b9db8f,2024-12-25,14.21524,1688.5525,4,0.45221295702373315,0.25,0.75,Greed,73
0x7f4f299f74eec87806a830e3caa9afa5f2b9db8f,2024-12-29,0.0,10819.605,4,0.45221295702373315,1.0,0.0,Greed,73
0x7f4f299f74eec87806a830e3caa9afa5f2b9db8f,2024-12-30,838.9844760000001,4069.070833333333,12,0.45221295702373315,0.4166666666666667,0.5833333333333334,Greed,65
0x7f4f299f74eec87806a830e3caa9afa5f2b9db8f,2024-12-31,0.0,8056.83,1,0.45221295702373315,1.0,0.0,Greed,64
0x7f4f299f74eec87806a830e3caa9afa5f2b9db8f,2025-01-01,0.0,7555.826666666667,3,0.45221295702373315,1.0,0.0,Greed,66
0x7f4f299f74eec87806a830e3caa9afa5f2b9db8f,2025-01-02,1008.518954,6758.5633333333335,9,0.45221295702373315,0.4444444444444444,0.5555555555555556,Greed,70
0x7f4f299f74eec87806a830e3caa9afa5f2b9db8f,2025-01-03,937.789615,1975.7373076923077,26,0.45221295702373315,0.34615384615384615,0.6538461538461539,Greed,74
0x7f4f299f74eec87806a830e3caa9afa5f2b9db8f,2025-01-05,1093.05677,1828.1614285714284,7,0.45221295702373315,0.0,1.0,Greed,72
0x7f4f299f74eec87806a830e3caa9afa5f2b9db8f,2025-01-06,1260.832586,12912.0,1,0.45221295702373315,0.0,1.0,Extreme Greed,76
0x7f4f299f74eec87806a830e3caa9afa5f2b9db8f,2025-01-07,0.0,5768.6,1,0.45221295702373315,1.0,0.0,Extreme Greed,78
0x7f4f299f74eec87806a830e3caa9afa5f2b9db8f,2025-01-08,0.0,2146.8445454545454,11,0.45221295702373315,1.0,0.0,Greed,70
0x7f4f299f74eec87806a830e3caa9afa5f2b9db8f,2025-01-09,0.0,9563.74,1,0.45221295702373315,1.0,0.0,Greed,69
0x7f4f299f74eec87806a830e3caa9afa5f2b9db8f,2025-01-13,1621.278931,7545.6675,4,0.45221295702373315,0.0,1.0,Greed,61
0x7f4f299f74eec87806a830e3caa9afa5f2b9db8f,2025-01-15,1261.448002,11647.74,1,0.45221295702373315,0.0,1.0,Greed,70
0x7f4f299f74eec87806a830e3caa9afa5f2b9db8f,2025-01-19,0.0,99.88,1,0.45221295702373315,1.0,0.0,Extreme Greed,77
0x7f4f299f74eec87806a830e3caa9afa5f2b9db8f,2025-03-24,-869.145978,8449.470000000001,2,0.45221295702373315,0.0,1.0,Neutral,45
0x7f4f299f74eec87806a830e3caa9afa5f2b9db8f,2025-03-26,0.0,5632.456666666668,3,0.45221295702373315,1.0,0.0,Neutral,47
0x7f4f299f74eec87806a830e3caa9afa5f2b9db8f,2025-03-28,1130.350383,3004.626666666667,6,0.45221295702373315,0.0,1.0,Fear,44
0x7f4f299f74eec87806a830e3caa9afa5f2b9db8f,2025-04-08,246.8944,2155.8880769230773,26,0.45221295702373315,0.38461538461538464,0.6153846153846154,Extreme Fear,24
0x7f4f299f74eec87806a830e3caa9afa5f2b9db8f,2025-04-09,2975.927732,3494.2455444305383,799,0.45221295702373315,0.4518147684605757,0.5481852315394243,Extreme Fear,18
0x7f4f299f74eec87806a830e3caa9afa5f2b9db8f,2025-04-10,-372.76464,6134.571428571428,105,0.45221295702373315,0.3619047619047619,0.638095238095238,Fear,39
0x7f4f299f74eec87806a830e3caa9afa5f2b9db8f,2025-04-11,2550.108815,2348.0045519713262,279,0.45221295702373315,0.2222222222222222,0.7777777777777778,Fear,25
0x7f4f299f74eec87806a830e3caa9afa5f2b9db8f,2025-04-12,303.170149,3633.2355833333336,120,0.45221295702373315,0.6333333333333333,0.36666666666666664,Fear,43
0x7f4f299f74eec87806a830e3caa9afa5f2b9db8f,2025-04-13,355.09,4544.766489361702,94,0.45221295702373315,0.851063829787234,0.14893617021276595,Neutral,45
0x7f4f299f74eec87806a830e3caa9afa5f2b9db8f,2025-04-17,425.687612,7388.688823529412,34,0.45221295702373315,0.47058823529411764,0.5294117647058824,Fear,30
0x7f4f299f74eec87806a830e3caa9afa5f2b9db8f,2025-04-22,119.0,36540.202000000005,5,0.45221295702373315,0.8,0.2,Neutral,47
0x8170715b3b381dffb7062c0298972d4727a0a63b,2024-12-17,0.0,2142.7757142857145,14,0.38274288198217776,1.0,0.0,Extreme Greed,87
0x8170715b3b381dffb7062c0298972d4727a0a63b,2024-12-18,0.0,4999.94,1,0.38274288198217776,1.0,0.0,Extreme Greed,81
0x8170715b3b381dffb7062c0298972d4727a0a63b,2024-12-27,453.853206,862.0348275862068,29,0.38274288198217776,0.0,1.0,Greed,74
0x8170715b3b381dffb7062c0298972d4727a0a63b,2024-12-28,343.092145,4999.89,1,0.38274288198217776,0.0,1.0,Greed,72
0x8170715b3b381dffb7062c0298972d4727a0a63b,2024-12-29,768.814445,1918.2925,4,0.38274288198217776,0.75,0.25,Greed,73
0x8170715b3b381dffb7062c0298972d4727a0a63b,2024-12-30,1211.511836,946.8850000000001,6,0.38274288198217776,1.0,0.0,Greed,65
0x8170715b3b381dffb7062c0298972d4727a0a63b,2024-12-31,306.563532,342.82,3,0.38274288198217776,1.0,0.0,Greed,64
0x8170715b3b381dffb7062c0298972d4727a0a63b,2025-01-02,739.18423,1004.1633333333334,3,0.38274288198217776,1.0,0.0,Greed,70
0x8170715b3b381dffb7062c0298972d4727a0a63b,2025-01-22,-179.521683,1873.8216666666667,6,0.38274288198217776,0.0,1.0,Extreme Greed,84
0x8170715b3b381dffb7062c0298972d4727a0a63b,2025-01-25,-18956.391598000002,4484.771379310345,29,0.38274288198217776,0.896551724137931,0.10344827586206896,Extreme Greed,75
0x8170715b3b381dffb7062c0298972d4727a0a63b,2025-01-26,0.0,961.5796153846154,26,0.38274288198217776,0.0,1.0,Greed,73
0x8170715b3b381dffb7062c0298972d4727a0a63b,2025-01-27,0.0,681.8109090909091,22,0.38274288198217776,0.0,1.0,Greed,71
0x8170715b3b381dffb7062c0298972d4727a0a63b,2025-01-28,0.0,588.2223529411765,17,0.38274288198217776,0.0,1.0,Greed,72
0x8170715b3b381dffb7062c0298972d4727a0a63b,2025-01-29,0.0,999.9485714285714,7,0.38274288198217776,0.0,1.0,Greed,72
0x8170715b3b381dffb7062c0298972d4727a0a63b,2025-01-30,0.0,486.4764864864865,37,0.38274288198217776,0.0,1.0,Greed,70
0x8170715b3b381dffb7062c0298972d4727a0a63b,2025-01-31,0.0,625.6752083333333,48,0.38274288198217776,0.0,1.0,Extreme Greed,76
0x8170715b3b381dffb7062c0298972d4727a0a63b,2025-02-01,0.0,773.4088888888889,18,0.38274288198217776,0.0,1.0,Greed,68
0x8170715b3b381dffb7062c0298972d4727a0a63b,2025-02-02,0.0,1333.3373333333334,30,0.38274288198217776,0.0,1.0,Greed,60
0x8170715b3b381dffb7062c0298972d4727a0a63b,2025-02-03,13770.715332,355.00016806722687,119,0.38274288198217776,0.8067226890756303,0.19327731092436976,Fear,44
0x8170715b3b381dffb7062c0298972d4727a0a63b,2025-02-04,0.0,676.7046666666666,45,0.38274288198217776,0.0,1.0,Greed,72
0x8170715b3b381dffb7062c0298972d4727a0a63b,2025-02-05,0.0,599.9928,25,0.38274288198217776,0.0,1.0,Neutral,54
0x8170715b3b381dffb7062c0298972d4727a0a63b,2025-02-06,0.0,470.57411764705876,17,0.38274288198217776,0.0,1.0,Neutral,49
0x8170715b3b381dffb7062c0298972d4727a0a63b,2025-02-07,0.0,666.651111111111,9,0.38274288198217776,0.0,1.0,Fear,44
0x8170715b3b381dffb7062c0298972d4727a0a63b,2025-02-08,0.0,999.984,5,0.38274288198217776,0.0,1.0,Fear,44
0x8170715b3b381dffb7062c0298972d4727a0a63b,2025-02-09,0.0,137.93471264367815,87,0.38274288198217776,0.0,1.0,Neutral,46
0x8170715b3b381dffb7062c0298972d4727a0a63b,2025-02-10,24.634532000000036,698.8723529411765,85,0.38274288198217776,0.7647058823529411,0.23529411764705882,Fear,43
0x8170715b3b381dffb7062c0298972d4727a0a63b,2025-02-11,0.0,769.2253846153847,13,0.38274288198217776,0.0,1.0,Neutral,47
0x8170715b3b381dffb7062c0298972d4727a0a63b,2025-02-12,0.0,1086.9421739130435,23,0.38274288198217776,0.0,1.0,Neutral,46
0x8170715b3b381dffb7062c0298972d4727a0a63b,2025-02-13,-3556.3882559999997,947.7369565217392,46,0.38274288198217776,0.34782608695652173,0.6521739130434783,Neutral,50
0x8170715b3b381dffb7062c0298972d4727a0a63b,2025-02-14,8781.96,2726.2494855305467,311,0.38274288198217776,0.3987138263665595,0.6012861736334405,Neutral,48
0x8170715b3b381dffb7062c0298972d4727a0a63b,2025-02-15,35346.87108,2418.771340782123,179,0.38274288198217776,0.27932960893854747,0.7206703910614525,Neutral,50
0x8170715b3b381dffb7062c0298972d4727a0a63b,2025-02-16,0.0,3333.296666666667,3,0.38274288198217776,0.0,1.0,Neutral,54
0x8170715b3b381dffb7062c0298972d4727a0a63b,2025-02-17,0.0,2503.1749999999997,6,0.38274288198217776,0.0,1.0,Neutral,51
0x8170715b3b381dffb7062c0298972d4727a0a63b,2025-02-18,0.0,1923.0538461538463,13,0.38274288198217776,0.0,1.0,Neutral,47
0x8170715b3b381dffb7062c0298972d4727a0a63b,2025-02-19,0.0,882.3423529411765,17,0.38274288198217776,0.0,1.0,Fear,44
0x8170715b3b381dffb7062c0298972d4727a0a63b,2025-02-20,0.0,1129.0251612903226,31,0.38274288198217776,0.0,1.0,Neutral,49
0x8170715b3b381dffb7062c0298972d4727a0a63b,2025-02-21,0.0,657.8865789473684,38,0.38274288198217776,0.0,1.0,Greed,55
0x8170715b3b381dffb7062c0298972d4727a0a63b,2025-02-23,0.0,1249.98,4,0.38274288198217776,0.0,1.0,Neutral,50
0x8170715b3b381dffb7062c0298972d4727a0a63b,2025-02-25,8698.883848,641.0223076923077,39,0.38274288198217776,1.0,0.0,Fear,25
0x8170715b3b381dffb7062c0298972d4727a0a63b,2025-02-26,2225.835732,4999.92,1,0.38274288198217776,1.0,0.0,Extreme Fear,21
0x8170715b3b381dffb7062c0298972d4727a0a63b,2025-02-28,3309.75,714.2857142857143,7,0.38274288198217776,1.0,0.0,Extreme Fear,16
0x8170715b3b381dffb7062c0298972d4727a0a63b,2025-03-02,0.0,2499.975,2,0.38274288198217776,0.0,1.0,Fear,26
0x8170715b3b381dffb7062c0298972d4727a0a63b,2025-03-03,0.0,624.99375,8,0.38274288198217776,0.0,1.0,Fear,33
0x8170715b3b381dffb7062c0298972d4727a0a63b,2025-03-04,6939.47356,937.494375,16,0.38274288198217776,0.8125,0.1875,Extreme Fear,15
0x8170715b3b381dffb7062c0298972d4727a0a63b,2025-03-07,0.0,12499.980833333333,12,0.38274288198217776,1.0,0.0,Fear,34
0x8170715b3b381dffb7062c0298972d4727a0a63b,2025-03-08,0.0,2631.5215789473687,38,0.38274288198217776,1.0,0.0,Fear,28
0x8170715b3b381dffb7062c0298972d4727a0a63b,2025-03-09,3677.4965580000003,999.99,5,0.38274288198217776,1.0,0.0,Fear,27
0x8170715b3b381dffb7062c0298972d4727a0a63b,2025-03-10,4297.3227640000005,3928.565714285714,14,0.38274288198217776,1.0,0.0,Extreme Fear,20
0x8170715b3b381dffb7062c0298972d4727a0a63b,2025-03-11,0.0,624.9925000000001,8,0.38274288198217776,0.0,1.0,Extreme Fear,24
0x8170715b3b381dffb7062c0298972d4727a0a63b,2025-03-12,-2493.849701,4999.932727272728,11,0.38274288198217776,0.0,1.0,Fear,34
0x8170715b3b381dffb7062c0298972d4727a0a63b,2025-03-13,0.0,1891.8805405405406,37,0.38274288198217776,0.7027027027027027,0.2972972972972973,Neutral,45
0x8170715b3b381dffb7062c0298972d4727a0a63b,2025-03-14,584.05178,9999.89,1,0.38274288198217776,0.0,1.0,Fear,27
0x8170715b3b381dffb7062c0298972d4727a0a63b,2025-03-15,763.755281,2222.1133333333332,18,0.38274288198217776,0.0,1.0,Neutral,46
0x8170715b3b381dffb7062c0298972d4727a0a63b,2025-03-16,8368.226125000001,2856.945714285714,7,0.38274288198217776,0.8571428571428571,0.14285714285714285,Fear,30
0x8170715b3b381dffb7062c0298972d4727a0a63b,2025-03-17,0.0,1527.7720833333333,72,0.38274288198217776,0.0,1.0,Fear,32
0x8170715b3b381dffb7062c0298972d4727a0a63b,2025-03-18,0.0,1274.653559322034,59,0.38274288198217776,0.0,1.0,Fear,34
0x8170715b3b381dffb7062c0298972d4727a0a63b,2025-03-19,3036.68886,1511.8720183486237,109,0.38274288198217776,0.0,1.0,Fear,32
0x8170715b3b381dffb7062c0298972d4727a0a63b,2025-03-20,652.062115,7589.970833333334,12,0.38274288198217776,0.0,1.0,Neutral,49
0x8170715b3b381dffb7062c0298972d4727a0a63b,2025-03-22,3082.76165,526.312105263158,19,0.38274288198217776,1.0,0.0,Fear,32
0x8170715b3b381dffb7062c0298972d4727a0a63b,2025-03-23,3464.777168,4999.96,2,0.38274288198217776,1.0,0.0,Fear,30
0x8170715b3b381dffb7062c0298972d4727a0a63b,2025-03-24,2838.532396,2021.1748936170213,47,0.38274288198217776,0.19148936170212766,0.8085106382978723,Neutral,45
0x8170715b3b381dffb7062c0298972d4727a0a63b,2025-03-25,2164.09548,6666.248333333334,6,0.38274288198217776,0.0,1.0,Neutral,46
0x8170715b3b381dffb7062c0298972d4727a0a63b,2025-03-26,619.572648,9998.76,1,0.38274288198217776,0.0,1.0,Neutral,47
0x8170715b3b381dffb7062c0298972d4727a0a63b,2025-03-27,26714.79759,1071.89515625,64,0.38274288198217776,0.96875,0.03125,Fear,40
0x8170715b3b381dffb7062c0298972d4727a0a63b,2025-03-28,13956.614828,1137.9037931034482,29,0.38274288198217776,1.0,0.0,Fear,44
0x8170715b3b381dffb7062c0298972d4727a0a63b,2025-03-29,19573.830158,1162.7798837209302,86,0.38274288198217776,1.0,0.0,Fear,26
0x8170715b3b381dffb7062c0298972d4727a0a63b,2025-03-30,9683.820194,2259.391935483871,31,0.38274288198217776,0.9354838709677419,0.06451612903225806,Fear,32
0x8170715b3b381dffb7062c0298972d4727a0a63b,2025-03-31,5544.028638,4999.98625,8,0.38274288198217776,1.0,0.0,Fear,34
0x8170715b3b381dffb7062c0298972d4727a0a63b,2025-04-01,4004.50286,9495.466153846153,13,0.38274288198217776,0.0,1.0,Fear,34
0x8170715b3b381dffb7062c0298972d4727a0a63b,2025-04-02,8045.056928,2142.8557142857144,7,0.38274288198217776,1.0,0.0,Fear,44
0x8170715b3b381dffb7062c0298972d4727a0a63b,2025-04-03,0.0,5629.0912941176475,85,0.38274288198217776,0.6823529411764706,0.3176470588235294,Fear,25
0x8170715b3b381dffb7062c0298972d4727a0a63b,2025-04-04,4805.345609999999,932.0805882352942,68,0.38274288198217776,0.17647058823529413,0.8235294117647058,Fear,28
0x8170715b3b381dffb7062c0298972d4727a0a63b,2025-04-06,17621.701092,13571.328571428572,14,0.38274288198217776,1.0,0.0,Fear,34
0x8170715b3b381dffb7062c0298972d4727a0a63b,2025-04-07,0.0,2744.2062745098037,51,0.38274288198217776,0.0,1.0,Extreme Fear,23
0x8170715b3b381dffb7062c0298972d4727a0a63b,2025-04-08,0.0,18749.877500000002,8,0.38274288198217776,1.0,0.0,Extreme Fear,24
0x8170715b3b381dffb7062c0298972d4727a0a63b,2025-04-09,-4058.8889249999997,8168.482037037037,54,0.38274288198217776,0.09259259259259259,0.9074074074074074,Extreme Fear,18
0x8170715b3b381dffb7062c0298972d4727a0a63b,2025-04-10,4596.960442,3151.4488764044945,89,0.38274288198217776,0.0,1.0,Fear,39
0x8170715b3b381dffb7062c0298972d4727a0a63b,2025-04-11,-9584.869233000001,2846.985294117647,238,0.38274288198217776,0.0,1.0,Fear,25
0x8170715b3b381dffb7062c0298972d4727a0a63b,2025-04-12,0.0,2727.2445454545455,22,0.38274288198217776,0.0,1.0,Fear,43
0x8170715b3b381dffb7062c0298972d4727a0a63b,2025-04-13,0.0,2222.144444444444,18,0.38274288198217776,0.0,1.0,Neutral,45
0x8170715b3b381dffb7062c0298972d4727a0a63b,2025-04-15,3204.26268,2727.2429870129868,77,0.38274288198217776,1.0,0.0,Fear,38
0x8170715b3b381dffb7062c0298972d4727a0a63b,2025-04-16,912.29492,3846.1415384615384,39,0.38274288198217776,0.02564102564102564,0.9743589743589743,Fear,29
0x8170715b3b381dffb7062c0298972d4727a0a63b,2025-04-17,0.0,1979.1661458333335,96,0.38274288198217776,0.0,1.0,Fear,30
0x8170715b3b381dffb7062c0298972d4727a0a63b,2025-04-18,0.0,3541.02152173913,46,0.38274288198217776,0.0,1.0,Fear,33
0x8170715b3b381dffb7062c0298972d4727a0a63b,2025-04-19,0.0,3511.545208333333,96,0.38274288198217776,0.0,1.0,Fear,32
0x8170715b3b381dffb7062c0298972d4727a0a63b,2025-04-21,0.0,2652.518888888889,18,0.38274288198217776,0.0,1.0,Fear,39
0x8170715b3b381dffb7062c0298972d4727a0a63b,2025-04-22,0.0,3515.344081632653,49,0.38274288198217776,0.0,1.0,Neutral,47
0x8170715b3b381dffb7062c0298972d4727a0a63b,2025-04-23,-358963.139984,2010.350297906602,1242,0.38274288198217776,0.9428341384863124,0.0571658615136876,Greed,72
0x8170715b3b381dffb7062c0298972d4727a0a63b,2025-04-24,398.646746,1319.3956896551724,58,0.38274288198217776,0.9310344827586207,0.06896551724137931,Greed,63
0x8170715b3b381dffb7062c0298972d4727a0a63b,2025-04-25,-1335.115406,1526.0666666666666,39,0.38274288198217776,0.38461538461538464,0.6153846153846154,Greed,60
0x8170715b3b381dffb7062c0298972d4727a0a63b,2025-04-26,-3925.864943,2147.34125,16,0.38274288198217776,1.0,0.0,Greed,65
0x8170715b3b381dffb7062c0298972d4727a0a63b,2025-04-27,-99.444041,768.4525,12,0.38274288198217776,1.0,0.0,Greed,61
0x8381e6d82f1affd39a336e143e081ef7620a3b7f,2024-11-29,0.0,668.3,3,0.33019361590790164,1.0,0.0,Extreme Greed,78
0x8381e6d82f1affd39a336e143e081ef7620a3b7f,2024-12-01,0.0,999.5866666666667,3,0.33019361590790164,1.0,0.0,Extreme Greed,81
0x8381e6d82f1affd39a336e143e081ef7620a3b7f,2024-12-02,0.0,340.65333333333336,6,0.33019361590790164,1.0,0.0,Extreme Greed,80
0x8381e6d82f1affd39a336e143e081ef7620a3b7f,2024-12-04,33.26141600000001,669.609,10,0.33019361590790164,0.5,0.5,Extreme Greed,78
0x8381e6d82f1affd39a336e143e081ef7620a3b7f,2024-12-05,0.0,294.265,2,0.33019361590790164,1.0,0.0,Extreme Greed,84
0x8381e6d82f1affd39a336e143e081ef7620a3b7f,2024-12-06,0.0,292.11,1,0.33019361590790164,1.0,0.0,Greed,72
0x8381e6d82f1affd39a336e143e081ef7620a3b7f,2024-12-07,0.0,1021.2966666666667,3,0.33019361590790164,1.0,0.0,Extreme Greed,75
0x8381e6d82f1affd39a336e143e081ef7620a3b7f,2024-12-08,-21.54374,984.758,5,0.33019361590790164,0.6,0.4,Extreme Greed,79
0x8381e6d82f1affd39a336e143e081ef7620a3b7f,2024-12-09,0.0,440.95,4,0.33019361590790164,1.0,0.0,Extreme Greed,78
0x8381e6d82f1affd39a336e143e081ef7620a3b7f,2024-12-10,0.0,587.97,1,0.33019361590790164,1.0,0.0,Extreme Greed,78
0x8381e6d82f1affd39a336e143e081ef7620a3b7f,2024-12-13,0.0,128.88333333333333,3,0.33019361590790164,1.0,0.0,Extreme Greed,76
0x8381e6d82f1affd39a336e143e081ef7620a3b7f,2024-12-15,0.0,739.626,5,0.33019361590790164,1.0,0.0,Extreme Greed,80
0x8381e6d82f1affd39a336e143e081ef7620a3b7f,2024-12-19,0.0,1399.11,1,0.33019361590790164,1.0,0.0,Extreme Greed,75
0x8381e6d82f1affd39a336e143e081ef7620a3b7f,2024-12-22,0.0,2815.79,1,0.33019361590790164,1.0,0.0,Greed,73
0x8381e6d82f1affd39a336e143e081ef7620a3b7f,2024-12-23,0.0,2855.656666666667,6,0.33019361590790164,1.0,0.0,Greed,70
0x8381e6d82f1affd39a336e143e081ef7620a3b7f,2024-12-26,0.0,1914.0,2,0.33019361590790164,1.0,0.0,Extreme Greed,79
0x8381e6d82f1affd39a336e143e081ef7620a3b7f,2025-01-01,0.0,200.802,5,0.33019361590790164,1.0,0.0,Greed,66
0x8381e6d82f1affd39a336e143e081ef7620a3b7f,2025-01-04,0.0,710.865,2,0.33019361590790164,1.0,0.0,Greed,73
0x8381e6d82f1affd39a336e143e081ef7620a3b7f,2025-01-05,0.0,456.83,1,0.33019361590790164,1.0,0.0,Greed,72
0x8381e6d82f1affd39a336e143e081ef7620a3b7f,2025-01-09,0.0,1509.6399999999999,4,0.33019361590790164,1.0,0.0,Greed,69
0x8381e6d82f1affd39a336e143e081ef7620a3b7f,2025-01-18,0.0,2950.0099999999998,7,0.33019361590790164,1.0,0.0,Extreme Greed,77
0x8381e6d82f1affd39a336e143e081ef7620a3b7f,2025-01-25,0.0,3223.1059999999998,25,0.33019361590790164,1.0,0.0,Extreme Greed,75
0x8381e6d82f1affd39a336e143e081ef7620a3b7f,2025-01-26,38294.693499,7578.344634146341,123,0.33019361590790164,0.45528455284552843,0.5447154471544715,Greed,73
0x8381e6d82f1affd39a336e143e081ef7620a3b7f,2025-01-27,0.0,4443.99,2,0.33019361590790164,1.0,0.0,Greed,71
0x8381e6d82f1affd39a336e143e081ef7620a3b7f,2025-02-02,0.0,1943.7873684210526,19,0.33019361590790164,1.0,0.0,Greed,60
0x8381e6d82f1affd39a336e143e081ef7620a3b7f,2025-02-03,0.0,2351.285,8,0.33019361590790164,1.0,0.0,Fear,44
0x8381e6d82f1affd39a336e143e081ef7620a3b7f,2025-02-04,9167.620989,58124.15365384616,104,0.33019361590790164,0.5288461538461539,0.47115384615384615,Greed,72
0x8381e6d82f1affd39a336e143e081ef7620a3b7f,2025-02-05,1843.301845,2347.8439143730884,327,0.33019361590790164,0.5259938837920489,0.4740061162079511,Neutral,54
0x8381e6d82f1affd39a336e143e081ef7620a3b7f,2025-02-06,71.77363,1881.207604790419,167,0.33019361590790164,0.6766467065868264,0.32335329341317365,Neutral,49
0x8381e6d82f1affd39a336e143e081ef7620a3b7f,2025-02-09,1259.5314,6879.689611650486,103,0.33019361590790164,0.22330097087378642,0.7766990291262136,Neutral,46
0x8381e6d82f1affd39a336e143e081ef7620a3b7f,2025-02-10,0.0,1089.435,10,0.33019361590790164,1.0,0.0,Fear,43
0x8381e6d82f1affd39a336e143e081ef7620a3b7f,2025-02-11,109.90750199999998,2385.7656398104264,211,0.33019361590790164,0.5402843601895735,0.4597156398104265,Neutral,47
0x8381e6d82f1affd39a336e143e081ef7620a3b7f,2025-02-12,2760.439779,12390.793456790123,81,0.33019361590790164,0.2962962962962963,0.7037037037037037,Neutral,46
0x8381e6d82f1affd39a336e143e081ef7620a3b7f,2025-02-13,1998.702085,2039.3888095238096,42,0.33019361590790164,0.0,1.0,Neutral,50
0x8381e6d82f1affd39a336e143e081ef7620a3b7f,2025-02-14,27.247837999999998,445.2165,40,0.33019361590790164,0.725,0.275,Neutral,48
0x8381e6d82f1affd39a336e143e081ef7620a3b7f,2025-02-16,559.647247,1368.858375,80,0.33019361590790164,0.575,0.425,Neutral,54
0x8381e6d82f1affd39a336e143e081ef7620a3b7f,2025-02-17,64.346683,1112.2542857142857,105,0.33019361590790164,0.8380952380952381,0.1619047619047619,Neutral,51
0x8381e6d82f1affd39a336e143e081ef7620a3b7f,2025-02-18,3981.044269,1466.1342937853108,177,0.33019361590790164,0.847457627118644,0.15254237288135594,Neutral,47
0x8381e6d82f1affd39a336e143e081ef7620a3b7f,2025-02-21,8995.13393,15859.55,8,0.33019361590790164,0.0,1.0,Greed,55
0x8381e6d82f1affd39a336e143e081ef7620a3b7f,2025-02-23,0.0,472.709,40,0.33019361590790164,1.0,0.0,Neutral,50
0x8381e6d82f1affd39a336e143e081ef7620a3b7f,2025-02-24,0.0,1894.8688636363636,44,0.33019361590790164,1.0,0.0,Neutral,49
0x8381e6d82f1affd39a336e143e081ef7620a3b7f,2025-02-25,0.0,3685.7825,4,0.33019361590790164,1.0,0.0,Fear,25
0x8381e6d82f1affd39a336e143e081ef7620a3b7f,2025-03-26,0.0,1134.46,1,0.33019361590790164,1.0,0.0,Neutral,47
0x8381e6d82f1affd39a336e143e081ef7620a3b7f,2025-04-07,-4968.487948,7609.877692307693,26,0.33019361590790164,0.5384615384615384,0.46153846153846156,Extreme Fear,23
0x8381e6d82f1affd39a336e143e081ef7620a3b7f,2025-04-08,142.99159,3984.7504347826084,23,0.33019361590790164,0.43478260869565216,0.5652173913043478,Extreme Fear,24
0x8381e6d82f1affd39a336e143e081ef7620a3b7f,2025-04-11,0.0,6864.066666666667,3,0.33019361590790164,1.0,0.0,Fear,25
0x8381e6d82f1affd39a336e143e081ef7620a3b7f,2025-04-12,202.27562,2599.29625,8,0.33019361590790164,0.0,1.0,Fear,43
0x8381e6d82f1affd39a336e143e081ef7620a3b7f,2025-04-19,56.13971,665.6886363636363,22,0.33019361590790164,0.5,0.5,Fear,32
0x8381e6d82f1affd39a336e143e081ef7620a3b7f,2025-04-22,284.16768,66188.125,2,0.33019361590790164,0.5,0.5,Neutral,47
0x8381e6d82f1affd39a336e143e081ef7620a3b7f,2025-04-23,0.0,17801.63,4,0.33019361590790164,1.0,0.0,Greed,72
0x8381e6d82f1affd39a336e143e081ef7620a3b7f,2025-04-26,505.40523,23903.97666666667,3,0.33019361590790164,0.0,1.0,Greed,65
0x8381e6d82f1affd39a336e143e081ef7620a3b7f,2025-04-27,33.061386999999996,1032.253846153846,13,0.33019361590790164,0.8461538461538461,0.15384615384615385,Greed,61
0x8381e6d82f1affd39a336e143e081ef7620a3b7f,2025-04-28,0.0,799.756,10,0.33019361590790164,1.0,0.0,Neutral,54
0x8381e6d82f1affd39a336e143e081ef7620a3b7f,2025-04-29,112.996265,8110.65,1,0.33019361590790164,0.0,1.0,Greed,60
0x8477e447846c758f5a675856001ea72298fd9cb5,2024-05-23,413.347329,1074.7592786885245,305,0.26196826243499133,0.6098360655737705,0.3901639344262295,Extreme Greed,76
0x8477e447846c758f5a675856001ea72298fd9cb5,2024-05-25,14.126038999999999,355.9985714285714,14,0.26196826243499133,0.35714285714285715,0.6428571428571429,Extreme Greed,76
0x8477e447846c758f5a675856001ea72298fd9cb5,2024-05-26,5.2257,459.03142857142853,7,0.26196826243499133,0.2857142857142857,0.7142857142857143,Extreme Greed,75
0x8477e447846c758f5a675856001ea72298fd9cb5,2024-05-27,1129.35587,602.0546613545816,251,0.26196826243499133,0.3705179282868526,0.6294820717131474,Greed,74
0x8477e447846c758f5a675856001ea72298fd9cb5,2024-05-29,277.791953,337.7447798742138,159,0.26196826243499133,0.389937106918239,0.610062893081761,Greed,72
0x8477e447846c758f5a675856001ea72298fd9cb5,2024-05-30,20.951433,405.4414285714286,7,0.26196826243499133,0.7142857142857143,0.2857142857142857,Greed,73
0x8477e447846c758f5a675856001ea72298fd9cb5,2024-05-31,25.35812,279.70307692307694,13,0.26196826243499133,0.3076923076923077,0.6923076923076923,Greed,73
0x8477e447846c758f5a675856001ea72298fd9cb5,2024-06-01,91.510419,513.3848,25,0.26196826243499133,0.36,0.64,Greed,72
0x8477e447846c758f5a675856001ea72298fd9cb5,2024-06-02,192.906947,316.822688172043,93,0.26196826243499133,0.3655913978494624,0.6344086021505376,Greed,73
0x8477e447846c758f5a675856001ea72298fd9cb5,2024-06-03,562.808208,306.66942857142857,70,0.26196826243499133,0.6285714285714286,0.37142857142857144,Greed,73
0x8477e447846c758f5a675856001ea72298fd9cb5,2024-06-04,52.211438,457.42283018867926,53,0.26196826243499133,0.4716981132075472,0.5283018867924528,Greed,73
0x8477e447846c758f5a675856001ea72298fd9cb5,2024-06-05,56.055506,469.4587037037037,54,0.26196826243499133,0.3148148148148148,0.6851851851851852,Extreme Greed,75
0x8477e447846c758f5a675856001ea72298fd9cb5,2024-06-06,274.173187,587.8536752136753,234,0.26196826243499133,0.4358974358974359,0.5641025641025641,Extreme Greed,78
0x8477e447846c758f5a675856001ea72298fd9cb5,2024-06-07,1573.244278,832.9677272727273,374,0.26196826243499133,0.3422459893048128,0.6577540106951871,Extreme Greed,77
0x8477e447846c758f5a675856001ea72298fd9cb5,2024-06-08,129.13883900000002,2379.510454545454,22,0.26196826243499133,0.6363636363636364,0.36363636363636365,Greed,72
0x8477e447846c758f5a675856001ea72298fd9cb5,2024-06-10,31.266804999999998,460.97204081632657,49,0.26196826243499133,0.3673469387755102,0.6326530612244898,Greed,72
0x8477e447846c758f5a675856001ea72298fd9cb5,2024-06-11,51.081143,696.6096296296296,27,0.26196826243499133,0.6666666666666666,0.3333333333333333,Greed,74
0x8477e447846c758f5a675856001ea72298fd9cb5,2024-06-12,-21886.531493,884.2718433179723,217,0.26196826243499133,0.35944700460829493,0.6405529953917051,Greed,72
0x8477e447846c758f5a675856001ea72298fd9cb5,2024-07-17,1859.269477,1346.5090746268656,335,0.26196826243499133,0.4626865671641791,0.5373134328358209,Greed,69
0x8477e447846c758f5a675856001ea72298fd9cb5,2024-07-18,1233.9043470000001,1049.82,7,0.26196826243499133,1.0,0.0,Greed,61
0x8477e447846c758f5a675856001ea72298fd9cb5,2024-07-19,35.79975,592.3885714285715,7,0.26196826243499133,0.14285714285714285,0.8571428571428571,Greed,60
0x8477e447846c758f5a675856001ea72298fd9cb5,2024-07-20,2169.508265,562.1888715953307,257,0.26196826243499133,0.1245136186770428,0.8754863813229572,Greed,74
0x8477e447846c758f5a675856001ea72298fd9cb5,2024-07-21,-2960.716887,427.66804494382023,445,0.26196826243499133,0.5303370786516854,0.4696629213483146,Greed,74
0x8477e447846c758f5a675856001ea72298fd9cb5,2024-07-22,-756.173134,593.273909774436,133,0.26196826243499133,0.6992481203007519,0.3007518796992481,Greed,70
0x8477e447846c758f5a675856001ea72298fd9cb5,2024-07-23,1805.309858,640.1771942446044,139,0.26196826243499133,0.9712230215827338,0.02877697841726619,Greed,71
0x8477e447846c758f5a675856001ea72298fd9cb5,2024-07-24,625.561479,1215.0548275862068,29,0.26196826243499133,0.6206896551724138,0.3793103448275862,Greed,69
0x8477e447846c758f5a675856001ea72298fd9cb5,2024-07-26,341.250124,1316.2212612612611,111,0.26196826243499133,0.2882882882882883,0.7117117117117117,Greed,68
0x8477e447846c758f5a675856001ea72298fd9cb5,2024-07-27,0.0,888.552,5,0.26196826243499133,0.0,1.0,Greed,72
0x8477e447846c758f5a675856001ea72298fd9cb5,2024-07-28,587.29903,865.7684615384616,13,0.26196826243499133,0.9230769230769231,0.07692307692307693,Greed,71
0x8477e447846c758f5a675856001ea72298fd9cb5,2024-07-29,217.857529,1797.1860000000001,15,0.26196826243499133,0.3333333333333333,0.6666666666666666,Greed,74
0x8477e447846c758f5a675856001ea72298fd9cb5,2024-07-31,765.690884,1112.535,40,0.26196826243499133,0.35,0.65,Greed,61
0x8477e447846c758f5a675856001ea72298fd9cb5,2024-08-01,167.080017,1432.7749999999999,34,0.26196826243499133,0.7352941176470589,0.2647058823529412,Neutral,52
0x8477e447846c758f5a675856001ea72298fd9cb5,2024-08-02,228.247701,1984.4720000000002,15,0.26196826243499133,0.0,1.0,Greed,57
0x8477e447846c758f5a675856001ea72298fd9cb5,2024-08-03,464.1897,4534.09,1,0.26196826243499133,1.0,0.0,Fear,37
0x8477e447846c758f5a675856001ea72298fd9cb5,2024-08-04,109.005815,2129.0517647058823,17,0.26196826243499133,0.8235294117647058,0.17647058823529413,Fear,34
0x8477e447846c758f5a675856001ea72298fd9cb5,2024-08-05,160.44369899999998,2357.7947058823524,17,0.26196826243499133,0.5882352941176471,0.4117647058823529,Fear,26
0x8477e447846c758f5a675856001ea72298fd9cb5,2024-08-09,151.092375,635.3107246376812,69,0.26196826243499133,0.2608695652173913,0.7391304347826086,Neutral,48
0x8477e447846c758f5a675856001ea72298fd9cb5,2024-08-20,0.0,1874.2325,4,0.26196826243499133,0.0,1.0,Fear,30
0x8477e447846c758f5a675856001ea72298fd9cb5,2024-08-21,656.200925,720.2106993006994,143,0.26196826243499133,0.3776223776223776,0.6223776223776224,Fear,26
0x8477e447846c758f5a675856001ea72298fd9cb5,2024-08-31,10.882801,312.76375,24,0.26196826243499133,0.2916666666666667,0.7083333333333334,Fear,29
0x8477e447846c758f5a675856001ea72298fd9cb5,2024-09-01,137.433093,1029.9733333333334,12,0.26196826243499133,0.5833333333333334,0.4166666666666667,Fear,26
0x8477e447846c758f5a675856001ea72298fd9cb5,2024-10-20,160.095271,624.6905555555555,90,0.26196826243499133,0.06666666666666667,0.9333333333333333,Greed,73
0x8477e447846c758f5a675856001ea72298fd9cb5,2024-10-21,2464.915564,1074.6531481481481,162,0.26196826243499133,0.41975308641975306,0.5802469135802469,Greed,72
0x8477e447846c758f5a675856001ea72298fd9cb5,2024-10-29,801.170876,668.305625,16,0.26196826243499133,0.1875,0.8125,Greed,72
0x8477e447846c758f5a675856001ea72298fd9cb5,2024-10-30,9.150023,473.23400000000004,25,0.26196826243499133,0.32,0.68,Extreme Greed,77
0x8477e447846c758f5a675856001ea72298fd9cb5,2024-10-31,451.122034,1143.8036363636363,11,0.26196826243499133,1.0,0.0,Extreme Greed,77
0x8477e447846c758f5a675856001ea72298fd9cb5,2024-11-09,102.90894,563.4285714285714,77,0.26196826243499133,0.5714285714285714,0.42857142857142855,Extreme Greed,75
0x8477e447846c758f5a675856001ea72298fd9cb5,2024-11-10,442.748384,1361.297987804878,164,0.26196826243499133,0.27439024390243905,0.725609756097561,Extreme Greed,78
0x8477e447846c758f5a675856001ea72298fd9cb5,2024-11-11,4876.874304,1907.2104069767443,172,0.26196826243499133,0.48255813953488375,0.5174418604651163,Extreme Greed,76
0x8477e447846c758f5a675856001ea72298fd9cb5,2024-11-12,1441.27965,1631.5342857142857,91,0.26196826243499133,0.32967032967032966,0.6703296703296703,Extreme Greed,80
0x8477e447846c758f5a675856001ea72298fd9cb5,2024-11-13,48.000187,1653.81,4,0.26196826243499133,0.5,0.5,Extreme Greed,84
0x8477e447846c758f5a675856001ea72298fd9cb5,2024-11-15,0.0,555.8050000000001,2,0.26196826243499133,0.0,1.0,Extreme Greed,80
0x8477e447846c758f5a675856001ea72298fd9cb5,2024-11-16,870.746565,674.5303333333334,30,0.26196826243499133,0.4,0.6,Extreme Greed,86
0x8477e447846c758f5a675856001ea72298fd9cb5,2024-11-17,175.061007,979.567,20,0.26196826243499133,0.5,0.5,Extreme Greed,90
0x8477e447846c758f5a675856001ea72298fd9cb5,2024-11-18,431.960709,968.6977215189872,79,0.26196826243499133,0.34177215189873417,0.6582278481012658,Extreme Greed,83
0x8477e447846c758f5a675856001ea72298fd9cb5,2024-11-19,906.2475900000001,1511.193392857143,56,0.26196826243499133,0.5,0.5,Extreme Greed,90
0x8477e447846c758f5a675856001ea72298fd9cb5,2024-11-20,447.920315,2027.2915625,32,0.26196826243499133,0.4375,0.5625,Extreme Greed,83
0x8477e447846c758f5a675856001ea72298fd9cb5,2024-11-21,0.0,1398.0726315789473,57,0.26196826243499133,0.0,1.0,Extreme Greed,82
0x8477e447846c758f5a675856001ea72298fd9cb5,2024-11-22,365.437929,2588.8760583941607,137,0.26196826243499133,0.43795620437956206,0.5620437956204379,Extreme Greed,94
0x8477e447846c758f5a675856001ea72298fd9cb5,2024-11-23,1439.449718,2003.0396858638744,191,0.26196826243499133,0.3403141361256545,0.6596858638743456,Extreme Greed,93
0x8477e447846c758f5a675856001ea72298fd9cb5,2024-11-24,391.890903,1866.554,70,0.26196826243499133,0.3,0.7,Extreme Greed,80
0x8477e447846c758f5a675856001ea72298fd9cb5,2024-11-28,0.0,416.6333333333334,6,0.26196826243499133,0.0,1.0,Extreme Greed,77
0x8477e447846c758f5a675856001ea72298fd9cb5,2024-11-29,22697.489906,695.2509523809523,63,0.26196826243499133,0.14285714285714285,0.8571428571428571,Extreme Greed,78
0x8477e447846c758f5a675856001ea72298fd9cb5,2024-11-30,40.699929,636.261447368421,76,0.26196826243499133,0.06578947368421052,0.9342105263157895,Extreme Greed,84
0x8477e447846c758f5a675856001ea72298fd9cb5,2024-12-01,1169.432253,893.489918699187,123,0.26196826243499133,0.44715447154471544,0.5528455284552846,Extreme Greed,81
0x8477e447846c758f5a675856001ea72298fd9cb5,2024-12-02,254.15562,1667.92875,8,0.26196826243499133,0.125,0.875,Extreme Greed,80
0x8477e447846c758f5a675856001ea72298fd9cb5,2024-12-03,-158.695661,2708.735,6,0.26196826243499133,0.6666666666666666,0.3333333333333333,Extreme Greed,76
0x8477e447846c758f5a675856001ea72298fd9cb5,2025-01-02,45.086985,332.6585714285714,77,0.26196826243499133,0.14285714285714285,0.8571428571428571,Greed,70
0x8477e447846c758f5a675856001ea72298fd9cb5,2025-01-03,909.1721379999999,251.76581920903956,177,0.26196826243499133,0.20903954802259886,0.7909604519774012,Greed,74
0x8477e447846c758f5a675856001ea72298fd9cb5,2025-01-04,30.818079,182.9343137254902,51,0.26196826243499133,0.0392156862745098,0.9607843137254902,Greed,73
0x8477e447846c758f5a675856001ea72298fd9cb5,2025-01-05,151.429584,209.45666666666668,51,0.26196826243499133,0.17647058823529413,0.8235294117647058,Greed,72
0x8477e447846c758f5a675856001ea72298fd9cb5,2025-01-06,272.131501,246.8388345864662,266,0.26196826243499133,0.10526315789473684,0.8947368421052632,Extreme Greed,76
0x8477e447846c758f5a675856001ea72298fd9cb5,2025-01-07,4334.417218,618.5525225225225,222,0.26196826243499133,0.8378378378378378,0.16216216216216217,Extreme Greed,78
0x8477e447846c758f5a675856001ea72298fd9cb5,2025-01-08,1303.127763,410.6838717948718,390,0.26196826243499133,0.5923076923076923,0.4076923076923077,Greed,70
0x8477e447846c758f5a675856001ea72298fd9cb5,2025-01-09,123.72129899999999,448.987027027027,222,0.26196826243499133,0.2072072072072072,0.7927927927927928,Greed,69
0x8477e447846c758f5a675856001ea72298fd9cb5,2025-01-10,1189.078864,476.30413385826773,254,0.26196826243499133,0.7007874015748031,0.2992125984251969,Neutral,50
0x8477e447846c758f5a675856001ea72298fd9cb5,2025-01-11,417.647169,435.32475609756096,82,0.26196826243499133,0.47560975609756095,0.524390243902439,Greed,69
0x8477e447846c758f5a675856001ea72298fd9cb5,2025-01-12,0.0,332.6786666666667,15,0.26196826243499133,0.0,1.0,Greed,62
0x8477e447846c758f5a675856001ea72298fd9cb5,2025-01-13,2060.162946,827.8527586206897,58,0.26196826243499133,0.7068965517241379,0.29310344827586204,Greed,61
0x8477e447846c758f5a675856001ea72298fd9cb5,2025-01-14,82.032118,565.48,13,0.26196826243499133,0.23076923076923078,0.7692307692307693,Greed,63
0x8477e447846c758f5a675856001ea72298fd9cb5,2025-01-15,240.93138,456.34046875,64,0.26196826243499133,0.46875,0.53125,Greed,70
0x8477e447846c758f5a675856001ea72298fd9cb5,2025-01-16,218.26223099999999,471.515,34,0.26196826243499133,0.3235294117647059,0.6764705882352942,Extreme Greed,75
0x8477e447846c758f5a675856001ea72298fd9cb5,2025-01-17,43.69239,423.4723076923077,13,0.26196826243499133,0.07692307692307693,0.9230769230769231,Extreme Greed,75
0x8477e447846c758f5a675856001ea72298fd9cb5,2025-01-18,1055.8044439999999,565.99425,40,0.26196826243499133,0.55,0.45,Extreme Greed,77
0x8477e447846c758f5a675856001ea72298fd9cb5,2025-01-19,0.0,508.26307692307694,13,0.26196826243499133,0.0,1.0,Extreme Greed,77
0x8477e447846c758f5a675856001ea72298fd9cb5,2025-01-20,1876.265511,674.2861363636364,44,0.26196826243499133,0.4772727272727273,0.5227272727272727,Extreme Greed,76
0x8477e447846c758f5a675856001ea72298fd9cb5,2025-01-21,201.672306,288.69718446601945,206,0.26196826243499133,0.1796116504854369,0.8203883495145631,Extreme Greed,76
0x8477e447846c758f5a675856001ea72298fd9cb5,2025-01-22,261.367634,590.73,147,0.26196826243499133,0.19727891156462585,0.8027210884353742,Extreme Greed,84
0x8477e447846c758f5a675856001ea72298fd9cb5,2025-01-23,7503.093009,646.8723272727273,275,0.26196826243499133,0.5527272727272727,0.44727272727272727,Extreme Greed,75
0x8477e447846c758f5a675856001ea72298fd9cb5,2025-01-24,288.144978,349.93508196721314,61,0.26196826243499133,0.03278688524590164,0.9672131147540983,Extreme Greed,75
0x8477e447846c758f5a675856001ea72298fd9cb5,2025-01-25,1125.196124,498.1863963963964,111,0.26196826243499133,0.22522522522522523,0.7747747747747747,Extreme Greed,75
0x8477e447846c758f5a675856001ea72298fd9cb5,2025-01-26,444.464792,815.5705208333334,96,0.26196826243499133,0.3020833333333333,0.6979166666666666,Greed,73
0x8477e447846c758f5a675856001ea72298fd9cb5,2025-01-27,4321.583225,1396.8890322580644,31,0.26196826243499133,0.7741935483870968,0.22580645161290322,Greed,71
0x8477e447846c758f5a675856001ea72298fd9cb5,2025-01-29,0.0,452.09615384615387,13,0.26196826243499133,0.15384615384615385,0.8461538461538461,Greed,72
0x8477e447846c758f5a675856001ea72298fd9cb5,2025-01-30,0.0,307.96333333333337,9,0.26196826243499133,0.0,1.0,Greed,70
0x8477e447846c758f5a675856001ea72298fd9cb5,2025-01-31,151.311363,527.1548484848485,66,0.26196826243499133,0.22727272727272727,0.7727272727272727,Extreme Greed,76
0x8477e447846c758f5a675856001ea72298fd9cb5,2025-02-01,1579.909758,615.154,60,0.26196826243499133,0.5666666666666667,0.43333333333333335,Greed,68
0x8477e447846c758f5a675856001ea72298fd9cb5,2025-02-02,1023.934713,1069.4091666666668,60,0.26196826243499133,0.9666666666666667,0.03333333333333333,Greed,60
0x8477e447846c758f5a675856001ea72298fd9cb5,2025-02-03,1474.607584,1645.3448550724638,138,0.26196826243499133,0.5144927536231884,0.4855072463768116,Fear,44
0x8477e447846c758f5a675856001ea72298fd9cb5,2025-02-04,0.0,462.50499999999994,6,0.26196826243499133,0.0,1.0,Greed,72
0x8477e447846c758f5a675856001ea72298fd9cb5,2025-02-05,554.257954,554.9604999999999,20,0.26196826243499133,0.6,0.4,Neutral,54
0x8477e447846c758f5a675856001ea72298fd9cb5,2025-02-07,0.0,277.15333333333336,6,0.26196826243499133,0.0,1.0,Fear,44
0x8477e447846c758f5a675856001ea72298fd9cb5,2025-02-08,131.753274,329.95875,8,0.26196826243499133,0.875,0.125,Fear,44
0x8477e447846c758f5a675856001ea72298fd9cb5,2025-02-09,312.034872,322.47153846153844,65,0.26196826243499133,0.35384615384615387,0.6461538461538462,Neutral,46
0x8477e447846c758f5a675856001ea72298fd9cb5,2025-02-10,131.17446,585.3667391304348,46,0.26196826243499133,0.3695652173913043,0.6304347826086957,Fear,43
0x8477e447846c758f5a675856001ea72298fd9cb5,2025-02-11,56.537437,569.5515789473684,19,0.26196826243499133,0.2631578947368421,0.7368421052631579,Neutral,47
0x8477e447846c758f5a675856001ea72298fd9cb5,2025-02-12,299.669854,410.9486666666666,30,0.26196826243499133,0.8666666666666667,0.13333333333333333,Neutral,46
0x8477e447846c758f5a675856001ea72298fd9cb5,2025-02-13,181.456277,264.2908,25,0.26196826243499133,0.44,0.56,Neutral,50
0x8477e447846c758f5a675856001ea72298fd9cb5,2025-02-14,0.0,254.971,10,0.26196826243499133,0.0,1.0,Neutral,48
0x8477e447846c758f5a675856001ea72298fd9cb5,2025-02-15,49.98382900000001,437.9866666666667,9,0.26196826243499133,1.0,0.0,Neutral,50
0x8477e447846c758f5a675856001ea72298fd9cb5,2025-02-16,0.0,555.02,1,0.26196826243499133,0.0,1.0,Neutral,54
0x8477e447846c758f5a675856001ea72298fd9cb5,2025-02-17,0.0,510.6405,20,0.26196826243499133,0.0,1.0,Neutral,51
0x8477e447846c758f5a675856001ea72298fd9cb5,2025-02-18,950.815596,644.1191304347826,23,0.26196826243499133,0.9130434782608695,0.08695652173913043,Neutral,47
0x8477e447846c758f5a675856001ea72298fd9cb5,2025-02-19,0.0,832.99,9,0.26196826243499133,0.0,1.0,Fear,44
0x8477e447846c758f5a675856001ea72298fd9cb5,2025-02-22,-80.922744,343.5022222222222,18,0.26196826243499133,0.05555555555555555,0.9444444444444444,Neutral,49
0x8477e447846c758f5a675856001ea72298fd9cb5,2025-02-23,63.922728,574.5508333333333,24,0.26196826243499133,0.041666666666666664,0.9583333333333334,Neutral,50
0x8477e447846c758f5a675856001ea72298fd9cb5,2025-02-24,1282.097568,874.9930909090909,55,0.26196826243499133,0.9090909090909091,0.09090909090909091,Neutral,49
0x8477e447846c758f5a675856001ea72298fd9cb5,2025-02-25,0.0,1249.875,4,0.26196826243499133,1.0,0.0,Fear,25
0x8477e447846c758f5a675856001ea72298fd9cb5,2025-02-26,108.13869,642.3542857142858,14,0.26196826243499133,0.0,1.0,Extreme Fear,21
0x8477e447846c758f5a675856001ea72298fd9cb5,2025-02-27,0.0,2499.69,1,0.26196826243499133,1.0,0.0,Extreme Fear,10
0x8477e447846c758f5a675856001ea72298fd9cb5,2025-02-28,268.367925,1126.7694736842104,19,0.26196826243499133,0.7368421052631579,0.2631578947368421,Extreme Fear,16
0x8477e447846c758f5a675856001ea72298fd9cb5,2025-03-03,468.35197800000003,575.8669117647058,68,0.26196826243499133,0.47058823529411764,0.5294117647058824,Fear,33
0x8477e447846c758f5a675856001ea72298fd9cb5,2025-03-04,54.2704,1117.82,8,0.26196826243499133,1.0,0.0,Extreme Fear,15
0x8477e447846c758f5a675856001ea72298fd9cb5,2025-03-05,34.86435,543.1394117647059,34,0.26196826243499133,0.0,1.0,Extreme Fear,20
0x8477e447846c758f5a675856001ea72298fd9cb5,2025-03-06,0.0,110.53285714285714,7,0.26196826243499133,0.0,1.0,Fear,25
0x8477e447846c758f5a675856001ea72298fd9cb5,2025-03-07,9.266712,554.57,2,0.26196826243499133,0.5,0.5,Fear,34
0x8477e447846c758f5a675856001ea72298fd9cb5,2025-03-09,969.56792,241.43400000000003,35,0.26196826243499133,0.9428571428571428,0.05714285714285714,Fear,27
0x8477e447846c758f5a675856001ea72298fd9cb5,2025-03-10,0.0,1666.1666666666667,3,0.26196826243499133,1.0,0.0,Extreme Fear,20
0x8477e447846c758f5a675856001ea72298fd9cb5,2025-03-11,94.48255800000001,1261.5125,8,0.26196826243499133,0.125,0.875,Extreme Fear,24
0x8477e447846c758f5a675856001ea72298fd9cb5,2025-03-12,0.0,666.82,3,0.26196826243499133,1.0,0.0,Fear,34
0x8477e447846c758f5a675856001ea72298fd9cb5,2025-03-13,0.0,383.9627272727273,11,0.26196826243499133,1.0,0.0,Neutral,45
0x8477e447846c758f5a675856001ea72298fd9cb5,2025-03-14,364.03788,1317.608,5,0.26196826243499133,0.0,1.0,Fear,27
0x8477e447846c758f5a675856001ea72298fd9cb5,2025-03-18,185.307189,445.26666666666665,24,0.26196826243499133,0.5,0.5,Fear,34
0x8477e447846c758f5a675856001ea72298fd9cb5,2025-03-19,0.0,598.3033333333333,9,0.26196826243499133,0.0,1.0,Fear,32
0x8477e447846c758f5a675856001ea72298fd9cb5,2025-03-20,65.297516,483.58363636363634,11,0.26196826243499133,1.0,0.0,Neutral,49
0x8477e447846c758f5a675856001ea72298fd9cb5,2025-03-21,0.0,443.555,2,0.26196826243499133,0.0,1.0,Fear,31
0x8477e447846c758f5a675856001ea72298fd9cb5,2025-03-22,-41.40918,287.38,4,0.26196826243499133,0.5,0.5,Fear,32
0x8477e447846c758f5a675856001ea72298fd9cb5,2025-03-23,178.247768,554.7635135135135,37,0.26196826243499133,0.2972972972972973,0.7027027027027027,Fear,30
0x8477e447846c758f5a675856001ea72298fd9cb5,2025-03-24,0.0,559.9092307692307,78,0.26196826243499133,0.0,1.0,Neutral,45
0x8477e447846c758f5a675856001ea72298fd9cb5,2025-03-25,994.196069,1272.072777777778,36,0.26196826243499133,0.7222222222222222,0.2777777777777778,Neutral,46
0x8477e447846c758f5a675856001ea72298fd9cb5,2025-03-26,27.5033,744.4566666666666,9,0.26196826243499133,0.1111111111111111,0.8888888888888888,Neutral,47
0x8477e447846c758f5a675856001ea72298fd9cb5,2025-03-27,195.60777199999998,1138.75375,40,0.26196826243499133,0.35,0.65,Fear,40
0x8477e447846c758f5a675856001ea72298fd9cb5,2025-03-28,1617.77036,1225.1743243243243,37,0.26196826243499133,0.6756756756756757,0.32432432432432434,Fear,44
0x8477e447846c758f5a675856001ea72298fd9cb5,2025-03-29,7.57416,721.253,10,0.26196826243499133,0.2,0.8,Fear,26
0x8477e447846c758f5a675856001ea72298fd9cb5,2025-03-30,267.13403800000003,681.61,8,0.26196826243499133,0.75,0.25,Fear,32
0x8477e447846c758f5a675856001ea72298fd9cb5,2025-03-31,92.902727,510.28000000000003,7,0.26196826243499133,0.42857142857142855,0.5714285714285714,Fear,34
0x8477e447846c758f5a675856001ea72298fd9cb5,2025-04-03,0.0,666.2016666666667,6,0.26196826243499133,1.0,0.0,Fear,25
0x8477e447846c758f5a675856001ea72298fd9cb5,2025-04-04,586.623362,483.5138888888889,54,0.26196826243499133,0.6666666666666666,0.3333333333333333,Fear,28
0x8477e447846c758f5a675856001ea72298fd9cb5,2025-04-05,0.0,624.745,4,0.26196826243499133,0.0,1.0,Fear,30
0x8477e447846c758f5a675856001ea72298fd9cb5,2025-04-06,67.080809,443.69,28,0.26196826243499133,1.0,0.0,Fear,34
0x8477e447846c758f5a675856001ea72298fd9cb5,2025-04-07,632.303024,1849.3804444444443,270,0.26196826243499133,0.5370370370370371,0.46296296296296297,Extreme Fear,23
0x8477e447846c758f5a675856001ea72298fd9cb5,2025-04-08,81.035707,828.6836956521738,46,0.26196826243499133,0.32608695652173914,0.6739130434782609,Extreme Fear,24
0x8477e447846c758f5a675856001ea72298fd9cb5,2025-04-09,500.847132,925.8802205882353,136,0.26196826243499133,0.22058823529411764,0.7794117647058824,Extreme Fear,18
0x8477e447846c758f5a675856001ea72298fd9cb5,2025-04-10,-103.71342200000002,874.4072929936306,314,0.26196826243499133,0.5509554140127388,0.44904458598726116,Fear,39
0x8477e447846c758f5a675856001ea72298fd9cb5,2025-04-11,19.202581000000002,553.0408196721311,61,0.26196826243499133,0.19672131147540983,0.8032786885245902,Fear,25
0x8477e447846c758f5a675856001ea72298fd9cb5,2025-04-12,0.0,772.8058333333333,24,0.26196826243499133,0.0,1.0,Fear,43
0x8477e447846c758f5a675856001ea72298fd9cb5,2025-04-13,1350.19094,820.2411846689896,287,0.26196826243499133,0.6829268292682927,0.3170731707317073,Neutral,45
0x8477e447846c758f5a675856001ea72298fd9cb5,2025-04-14,236.725655,932.9834782608696,23,0.26196826243499133,0.5217391304347826,0.4782608695652174,Fear,31
0x8477e447846c758f5a675856001ea72298fd9cb5,2025-04-15,191.802066,520.8728947368421,38,0.26196826243499133,0.39473684210526316,0.6052631578947368,Fear,38
0x8477e447846c758f5a675856001ea72298fd9cb5,2025-04-16,71.93199,356.5375,4,0.26196826243499133,1.0,0.0,Fear,29
0x8477e447846c758f5a675856001ea72298fd9cb5,2025-04-18,0.0,383.0805,20,0.26196826243499133,0.0,1.0,Fear,33
0x8477e447846c758f5a675856001ea72298fd9cb5,2025-04-19,0.0,326.8852631578947,19,0.26196826243499133,0.0,1.0,Fear,32
0x8477e447846c758f5a675856001ea72298fd9cb5,2025-04-20,43.224447,328.4611363636364,44,0.26196826243499133,0.11363636363636363,0.8863636363636364,Fear,37
0x8477e447846c758f5a675856001ea72298fd9cb5,2025-04-21,596.556385,498.3961111111111,108,0.26196826243499133,0.2962962962962963,0.7037037037037037,Fear,39
0x8477e447846c758f5a675856001ea72298fd9cb5,2025-04-22,-180.07315699999998,1169.5095344129554,988,0.26196826243499133,0.3157894736842105,0.6842105263157895,Neutral,47
0x8477e447846c758f5a675856001ea72298fd9cb5,2025-04-23,-27087.802198,636.126676923077,1950,0.26196826243499133,0.781025641025641,0.21897435897435896,Greed,72
0x8477e447846c758f5a675856001ea72298fd9cb5,2025-04-24,2397.669518,658.8346153846153,117,0.26196826243499133,0.6410256410256411,0.358974358974359,Greed,63
0x8477e447846c758f5a675856001ea72298fd9cb5,2025-04-25,36.153454,1063.6844444444444,207,0.26196826243499133,0.00966183574879227,0.9903381642512077,Greed,60
0x8477e447846c758f5a675856001ea72298fd9cb5,2025-04-26,394.655169,1416.666857142857,70,0.26196826243499133,0.4857142857142857,0.5142857142857142,Greed,65
0x8477e447846c758f5a675856001ea72298fd9cb5,2025-04-27,78.78402200000001,1364.094,20,0.26196826243499133,0.95,0.05,Greed,61
0x8477e447846c758f5a675856001ea72298fd9cb5,2025-04-28,-6424.928118,2193.325,80,0.26196826243499133,0.95,0.05,Neutral,54
0x8477e447846c758f5a675856001ea72298fd9cb5,2025-04-29,-1793.442795,396.20082191780824,73,0.26196826243499133,0.4520547945205479,0.547945205479452,Greed,60
0x8477e447846c758f5a675856001ea72298fd9cb5,2025-04-30,-1053.418063,985.3667816091954,87,0.26196826243499133,0.632183908045977,0.367816091954023,Greed,56
0x8477e447846c758f5a675856001ea72298fd9cb5,2025-05-01,-200.94846,309.6568421052632,19,0.26196826243499133,0.7368421052631579,0.2631578947368421,Neutral,53
0x92f17e8d81a944691c10e753af1b1baae1a2cd0d,2024-12-13,0.0,2468.940987654321,162,0.2853866317169069,1.0,0.0,Extreme Greed,76
0x92f17e8d81a944691c10e753af1b1baae1a2cd0d,2024-12-15,0.0,1890.1754237288135,413,0.2853866317169069,1.0,0.0,Extreme Greed,80
0x92f17e8d81a944691c10e753af1b1baae1a2cd0d,2024-12-16,55.987393,55.980000000000004,2,0.2853866317169069,0.5,0.5,Extreme Greed,83
0x92f17e8d81a944691c10e753af1b1baae1a2cd0d,2024-12-17,0.0,0.0,1,0.2853866317169069,0.0,1.0,Extreme Greed,87
0x92f17e8d81a944691c10e753af1b1baae1a2cd0d,2024-12-22,0.0,4111.969186046511,86,0.2853866317169069,0.06976744186046512,0.9302325581395349,Greed,73
0x92f17e8d81a944691c10e753af1b1baae1a2cd0d,2024-12-23,8639.369933,9857.592999999999,60,0.2853866317169069,1.0,0.0,Greed,70
0x92f17e8d81a944691c10e753af1b1baae1a2cd0d,2025-01-19,0.0,2098.6197107438015,484,0.2853866317169069,1.0,0.0,Extreme Greed,77
0x92f17e8d81a944691c10e753af1b1baae1a2cd0d,2025-01-23,63464.28729,3015.5509856262834,487,0.2853866317169069,0.2053388090349076,0.7946611909650924,Extreme Greed,75
0x92f17e8d81a944691c10e753af1b1baae1a2cd0d,2025-01-29,21987.812579,2604.86213836478,636,0.2853866317169069,0.449685534591195,0.550314465408805,Greed,72
0x92f17e8d81a944691c10e753af1b1baae1a2cd0d,2025-02-02,12245.905048999999,2370.67449704142,169,0.2853866317169069,0.5562130177514792,0.4437869822485207,Greed,60
0x92f17e8d81a944691c10e753af1b1baae1a2cd0d,2025-02-07,0.0,46000.0,2,0.2853866317169069,1.0,0.0,Fear,44
0x92f17e8d81a944691c10e753af1b1baae1a2cd0d,2025-02-08,0.0,1771.9198684210526,152,0.2853866317169069,1.0,0.0,Fear,44
0x92f17e8d81a944691c10e753af1b1baae1a2cd0d,2025-02-24,0.0,9481.510444444444,45,0.2853866317169069,1.0,0.0,Neutral,49
0x92f17e8d81a944691c10e753af1b1baae1a2cd0d,2025-02-25,0.0,60250.0,8,0.2853866317169069,1.0,0.0,Fear,25
0x92f17e8d81a944691c10e753af1b1baae1a2cd0d,2025-04-07,3425.96095,9608.110294117647,68,0.2853866317169069,0.36764705882352944,0.6323529411764706,Extreme Fear,23
0x92f17e8d81a944691c10e753af1b1baae1a2cd0d,2025-04-14,-621.54506,20063.1732,25,0.2853866317169069,0.72,0.28,Fear,31
0x92f17e8d81a944691c10e753af1b1baae1a2cd0d,2025-04-16,0.0,42034.5,4,0.2853866317169069,1.0,0.0,Fear,29
0x92f17e8d81a944691c10e753af1b1baae1a2cd0d,2025-04-23,17381.164,6983.216774193548,248,0.2853866317169069,0.9838709677419355,0.016129032258064516,Greed,72
0xa0feb3725a9335f49874d7cd8eaad6be45b27416,2024-12-13,2270.1241019999998,939.9077777777777,234,0.3457866068567767,0.29914529914529914,0.7008547008547008,Extreme Greed,76
0xa0feb3725a9335f49874d7cd8eaad6be45b27416,2024-12-14,10281.503571,1674.4618155197657,683,0.3457866068567767,0.5651537335285505,0.43484626647144947,Extreme Greed,83
0xa0feb3725a9335f49874d7cd8eaad6be45b27416,2024-12-15,3932.676736,1345.2046122994652,748,0.3457866068567767,0.6844919786096256,0.3155080213903743,Extreme Greed,80
0xa0feb3725a9335f49874d7cd8eaad6be45b27416,2024-12-16,3923.071266,1710.5239570552149,326,0.3457866068567767,0.49693251533742333,0.5030674846625767,Extreme Greed,83
0xa0feb3725a9335f49874d7cd8eaad6be45b27416,2024-12-17,9080.193597,2051.6765609348913,599,0.3457866068567767,0.5659432387312187,0.4340567612687813,Extreme Greed,87
0xa0feb3725a9335f49874d7cd8eaad6be45b27416,2024-12-18,2755.818564,1756.5612101910826,314,0.3457866068567767,0.5095541401273885,0.49044585987261147,Extreme Greed,81
0xa0feb3725a9335f49874d7cd8eaad6be45b27416,2024-12-19,5687.811638,1937.9936218678815,439,0.3457866068567767,0.5694760820045558,0.4305239179954442,Extreme Greed,75
0xa0feb3725a9335f49874d7cd8eaad6be45b27416,2024-12-20,5930.482942,1136.9883950617284,243,0.3457866068567767,0.3292181069958848,0.6707818930041153,Greed,74
0xa0feb3725a9335f49874d7cd8eaad6be45b27416,2024-12-21,2600.050242,1631.86501510574,331,0.3457866068567767,0.6827794561933535,0.31722054380664655,Greed,73
0xa0feb3725a9335f49874d7cd8eaad6be45b27416,2024-12-22,2718.982224,1754.1204123711339,291,0.3457866068567767,0.7216494845360825,0.27835051546391754,Greed,73
0xa0feb3725a9335f49874d7cd8eaad6be45b27416,2024-12-23,0.0,1403.5600000000002,3,0.3457866068567767,1.0,0.0,Greed,70
0xa0feb3725a9335f49874d7cd8eaad6be45b27416,2024-12-24,0.0,2994.6,1,0.3457866068567767,1.0,0.0,Greed,73
0xa0feb3725a9335f49874d7cd8eaad6be45b27416,2025-01-15,0.0,522.095,2,0.3457866068567767,1.0,0.0,Greed,70
0xa0feb3725a9335f49874d7cd8eaad6be45b27416,2025-01-18,0.0,1244.2596226415094,53,0.3457866068567767,1.0,0.0,Extreme Greed,77
0xa0feb3725a9335f49874d7cd8eaad6be45b27416,2025-01-20,0.0,2999.98,1,0.3457866068567767,1.0,0.0,Extreme Greed,76
0xa0feb3725a9335f49874d7cd8eaad6be45b27416,2025-01-22,140.995116,332.675,20,0.3457866068567767,0.9,0.1,Extreme Greed,84
0xa0feb3725a9335f49874d7cd8eaad6be45b27416,2025-01-23,0.0,569.92,6,0.3457866068567767,1.0,0.0,Extreme Greed,75
0xa0feb3725a9335f49874d7cd8eaad6be45b27416,2025-01-24,0.0,671.1622222222222,9,0.3457866068567767,1.0,0.0,Extreme Greed,75
0xa0feb3725a9335f49874d7cd8eaad6be45b27416,2025-01-27,0.0,449.921,20,0.3457866068567767,1.0,0.0,Greed,71
0xa0feb3725a9335f49874d7cd8eaad6be45b27416,2025-01-31,9719.053192,2959.078615384615,65,0.3457866068567767,0.0,1.0,Extreme Greed,76
0xa0feb3725a9335f49874d7cd8eaad6be45b27416,2025-02-01,923.487443,1390.1038888888888,18,0.3457866068567767,0.0,1.0,Greed,68
0xa0feb3725a9335f49874d7cd8eaad6be45b27416,2025-02-02,0.0,1210.4648275862069,29,0.3457866068567767,1.0,0.0,Greed,60
0xa0feb3725a9335f49874d7cd8eaad6be45b27416,2025-02-03,2161.6751200000003,8577.862,15,0.3457866068567767,0.6,0.4,Fear,44
0xa0feb3725a9335f49874d7cd8eaad6be45b27416,2025-02-04,4624.583773,1221.8522845417237,731,0.3457866068567767,0.7838577291381669,0.2161422708618331,Greed,72
0xa0feb3725a9335f49874d7cd8eaad6be45b27416,2025-02-05,-6194.283149,4161.944646739131,368,0.3457866068567767,0.7146739130434783,0.28532608695652173,Neutral,54
0xa0feb3725a9335f49874d7cd8eaad6be45b27416,2025-02-06,2780.135427,716.7850620347394,806,0.3457866068567767,0.6588089330024814,0.3411910669975186,Neutral,49
0xa0feb3725a9335f49874d7cd8eaad6be45b27416,2025-02-07,6119.377807,1749.6032401524778,787,0.3457866068567767,0.7484116899618806,0.25158831003811943,Fear,44
0xa0feb3725a9335f49874d7cd8eaad6be45b27416,2025-02-08,330.039883,764.5767682926829,328,0.3457866068567767,0.7073170731707317,0.2926829268292683,Fear,44
0xa0feb3725a9335f49874d7cd8eaad6be45b27416,2025-02-09,183.593223,747.8363934426229,122,0.3457866068567767,0.819672131147541,0.18032786885245902,Neutral,46
0xa0feb3725a9335f49874d7cd8eaad6be45b27416,2025-02-10,1338.39845,868.6251644736842,304,0.3457866068567767,0.39144736842105265,0.6085526315789473,Fear,43
0xa0feb3725a9335f49874d7cd8eaad6be45b27416,2025-02-11,869.757103,1215.386612021858,183,0.3457866068567767,0.8306010928961749,0.16939890710382513,Neutral,47
0xa0feb3725a9335f49874d7cd8eaad6be45b27416,2025-02-12,0.0,999.666,50,0.3457866068567767,1.0,0.0,Neutral,46
0xa0feb3725a9335f49874d7cd8eaad6be45b27416,2025-02-13,1312.55815,2012.0397744360903,399,0.3457866068567767,0.5989974937343359,0.40100250626566414,Neutral,50
0xa0feb3725a9335f49874d7cd8eaad6be45b27416,2025-02-14,414.743169,1372.3451960784314,306,0.3457866068567767,0.8856209150326797,0.11437908496732026,Neutral,48
0xa0feb3725a9335f49874d7cd8eaad6be45b27416,2025-02-15,590.73516,787.2578326180258,466,0.3457866068567767,0.7532188841201717,0.24678111587982832,Neutral,50
0xa0feb3725a9335f49874d7cd8eaad6be45b27416,2025-02-16,819.9958,501.30874725274725,455,0.3457866068567767,0.4967032967032967,0.5032967032967033,Neutral,54
0xa0feb3725a9335f49874d7cd8eaad6be45b27416,2025-02-17,303.11202,598.8410211267606,284,0.3457866068567767,0.4154929577464789,0.5845070422535211,Neutral,51
0xa0feb3725a9335f49874d7cd8eaad6be45b27416,2025-02-18,3494.964308,1209.069588377724,413,0.3457866068567767,0.6343825665859564,0.36561743341404357,Neutral,47
0xa0feb3725a9335f49874d7cd8eaad6be45b27416,2025-02-19,1280.6095579999999,1091.899,400,0.3457866068567767,0.665,0.335,Fear,44
0xa0feb3725a9335f49874d7cd8eaad6be45b27416,2025-02-20,2866.872677,817.1428202479339,968,0.3457866068567767,0.5423553719008265,0.45764462809917356,Neutral,49
0xa0feb3725a9335f49874d7cd8eaad6be45b27416,2025-02-21,3417.71341,1031.4382574772433,769,0.3457866068567767,0.5565669700910273,0.4434330299089727,Greed,55
0xa0feb3725a9335f49874d7cd8eaad6be45b27416,2025-02-22,101.06290399999999,789.0624390243902,41,0.3457866068567767,0.5121951219512195,0.4878048780487805,Neutral,49
0xa0feb3725a9335f49874d7cd8eaad6be45b27416,2025-02-23,0.0,226.28509433962265,53,0.3457866068567767,1.0,0.0,Neutral,50
0xa0feb3725a9335f49874d7cd8eaad6be45b27416,2025-02-24,0.0,495.59309523809526,42,0.3457866068567767,1.0,0.0,Neutral,49
0xa0feb3725a9335f49874d7cd8eaad6be45b27416,2025-02-25,826.548369,626.2487046632124,193,0.3457866068567767,0.7202072538860104,0.27979274611398963,Fear,25
0xa0feb3725a9335f49874d7cd8eaad6be45b27416,2025-02-26,0.0,749.8255,20,0.3457866068567767,1.0,0.0,Extreme Fear,21
0xa0feb3725a9335f49874d7cd8eaad6be45b27416,2025-02-27,0.0,768.6484615384616,13,0.3457866068567767,1.0,0.0,Extreme Fear,10
0xa0feb3725a9335f49874d7cd8eaad6be45b27416,2025-02-28,1011.258943,623.2444670050761,197,0.3457866068567767,0.7157360406091371,0.28426395939086296,Extreme Fear,16
0xa0feb3725a9335f49874d7cd8eaad6be45b27416,2025-03-02,625.512206,1691.2284375000002,32,0.3457866068567767,0.5,0.5,Fear,26
0xa0feb3725a9335f49874d7cd8eaad6be45b27416,2025-03-03,60.171373,234.52426136363636,176,0.3457866068567767,0.9090909090909091,0.09090909090909091,Fear,33
0xa0feb3725a9335f49874d7cd8eaad6be45b27416,2025-03-04,0.0,369.27675,40,0.3457866068567767,1.0,0.0,Extreme Fear,15
0xa0feb3725a9335f49874d7cd8eaad6be45b27416,2025-03-14,0.0,874.97875,8,0.3457866068567767,1.0,0.0,Fear,27
0xa0feb3725a9335f49874d7cd8eaad6be45b27416,2025-04-15,73.34455,917.6357142857142,21,0.3457866068567767,0.42857142857142855,0.5714285714285714,Fear,38
0xa0feb3725a9335f49874d7cd8eaad6be45b27416,2025-04-16,100.22198900000001,400.05872340425526,47,0.3457866068567767,0.40425531914893614,0.5957446808510638,Fear,29
0xa0feb3725a9335f49874d7cd8eaad6be45b27416,2025-04-17,18.57004,303.8438461538462,13,0.3457866068567767,0.46153846153846156,0.5384615384615384,Fear,30
0xa0feb3725a9335f49874d7cd8eaad6be45b27416,2025-04-23,6653.134804,894.6094181818181,550,0.3457866068567767,0.6090909090909091,0.39090909090909093,Greed,72
0xa0feb3725a9335f49874d7cd8eaad6be45b27416,2025-04-24,1279.688605,1325.6926047904192,334,0.3457866068567767,0.8053892215568862,0.19461077844311378,Greed,63
0xa0feb3725a9335f49874d7cd8eaad6be45b27416,2025-04-25,4058.112969,1475.0315217391305,138,0.3457866068567767,0.6884057971014492,0.3115942028985507,Greed,60
0xa0feb3725a9335f49874d7cd8eaad6be45b27416,2025-04-26,0.0,425.9992,50,0.3457866068567767,1.0,0.0,Greed,65
0xa0feb3725a9335f49874d7cd8eaad6be45b27416,2025-04-27,147.309165,858.3880434782608,46,0.3457866068567767,0.9130434782608695,0.08695652173913043,Greed,61
0xa0feb3725a9335f49874d7cd8eaad6be45b27416,2025-04-28,474.245409,1106.0305161290323,155,0.3457866068567767,0.864516129032258,0.13548387096774195,Neutral,54
0xa0feb3725a9335f49874d7cd8eaad6be45b27416,2025-04-29,1189.49741,1261.7606542056074,214,0.3457866068567767,0.5654205607476636,0.43457943925233644,Greed,60
0xa0feb3725a9335f49874d7cd8eaad6be45b27416,2025-04-30,1555.834562,793.9205507246378,345,0.3457866068567767,0.6434782608695652,0.3565217391304348,Greed,56
0xa0feb3725a9335f49874d7cd8eaad6be45b27416,2025-05-01,1449.529436,1130.8870833333333,288,0.3457866068567767,0.6493055555555556,0.3506944444444444,Neutral,53
0xa520ded057a32086c40e7dd6ed4eb8efb82c00e0,2024-08-03,0.0,9281.686875,16,0.5731414868105515,1.0,0.0,Fear,37
0xa520ded057a32086c40e7dd6ed4eb8efb82c00e0,2024-08-04,-14176.51042,13492.987,10,0.5731414868105515,0.8,0.2,Fear,34
0xa520ded057a32086c40e7dd6ed4eb8efb82c00e0,2024-08-05,0.0,10053.805,2,0.5731414868105515,1.0,0.0,Fear,26
0xa520ded057a32086c40e7dd6ed4eb8efb82c00e0,2024-08-07,0.0,500.0,1,0.5731414868105515,1.0,0.0,Fear,29
0xa520ded057a32086c40e7dd6ed4eb8efb82c00e0,2024-08-08,-40.712216999999995,114.82,4,0.5731414868105515,0.0,1.0,Extreme Fear,20
0xa520ded057a32086c40e7dd6ed4eb8efb82c00e0,2024-08-09,0.0,250.0,2,0.5731414868105515,1.0,0.0,Neutral,48
0xa520ded057a32086c40e7dd6ed4eb8efb82c00e0,2024-08-17,-288.283113,211.7,1,0.5731414868105515,0.0,1.0,Fear,25
0xa520ded057a32086c40e7dd6ed4eb8efb82c00e0,2024-08-18,0.0,0.01,1,0.5731414868105515,0.0,1.0,Fear,31
0xa520ded057a32086c40e7dd6ed4eb8efb82c00e0,2024-08-21,0.0,1000.14,2,0.5731414868105515,1.0,0.0,Fear,26
0xa520ded057a32086c40e7dd6ed4eb8efb82c00e0,2024-09-08,0.0,0.11,1,0.5731414868105515,0.0,1.0,Fear,29
0xa520ded057a32086c40e7dd6ed4eb8efb82c00e0,2024-09-10,-219.729659,890.27,2,0.5731414868105515,0.0,1.0,Fear,33
0xa520ded057a32086c40e7dd6ed4eb8efb82c00e0,2024-10-17,0.0,499.72,1,0.5731414868105515,1.0,0.0,Greed,71
0xa520ded057a32086c40e7dd6ed4eb8efb82c00e0,2024-10-28,167.28016200000002,375.23249999999996,4,0.5731414868105515,0.0,1.0,Greed,72
0xa520ded057a32086c40e7dd6ed4eb8efb82c00e0,2024-11-07,3360.9281,208.8205263157895,95,0.5731414868105515,0.49473684210526314,0.5052631578947369,Extreme Greed,77
0xa520ded057a32086c40e7dd6ed4eb8efb82c00e0,2024-11-13,0.0,200.04,1,0.5731414868105515,1.0,0.0,Extreme Greed,84
0xa520ded057a32086c40e7dd6ed4eb8efb82c00e0,2024-11-18,693.220788,186.3422222222222,9,0.5731414868105515,0.0,1.0,Extreme Greed,83
0xa520ded057a32086c40e7dd6ed4eb8efb82c00e0,2024-11-21,2.83504,202.87,1,0.5731414868105515,0.0,1.0,Extreme Greed,82
0xa520ded057a32086c40e7dd6ed4eb8efb82c00e0,2024-11-29,0.0,5762.356666666667,21,0.5731414868105515,1.0,0.0,Extreme Greed,78
0xa520ded057a32086c40e7dd6ed4eb8efb82c00e0,2024-12-01,34709.852428,856.4519672131147,61,0.5731414868105515,0.19672131147540983,0.8032786885245902,Extreme Greed,81
0xa520ded057a32086c40e7dd6ed4eb8efb82c00e0,2024-12-03,0.0,2941.1758823529412,34,0.5731414868105515,1.0,0.0,Extreme Greed,76
0xa520ded057a32086c40e7dd6ed4eb8efb82c00e0,2024-12-10,0.0,13718.098750000001,8,0.5731414868105515,1.0,0.0,Extreme Greed,78
0xa520ded057a32086c40e7dd6ed4eb8efb82c00e0,2024-12-11,994.238977,165.00133333333332,15,0.5731414868105515,0.0,1.0,Greed,74
0xa520ded057a32086c40e7dd6ed4eb8efb82c00e0,2024-12-12,2512.437585,1374.4125000000001,4,0.5731414868105515,0.0,1.0,Extreme Greed,83
0xa520ded057a32086c40e7dd6ed4eb8efb82c00e0,2024-12-16,2069.35811,192.29384615384618,13,0.5731414868105515,0.0,1.0,Extreme Greed,83
0xa520ded057a32086c40e7dd6ed4eb8efb82c00e0,2024-12-17,256.200336,299.74,1,0.5731414868105515,0.0,1.0,Extreme Greed,87
0xa520ded057a32086c40e7dd6ed4eb8efb82c00e0,2024-12-20,23353.625678,4763.3358333333335,12,0.5731414868105515,0.08333333333333333,0.9166666666666666,Greed,74
0xa520ded057a32086c40e7dd6ed4eb8efb82c00e0,2025-01-04,556.803152,213.09399999999997,5,0.5731414868105515,0.0,1.0,Greed,73
0xa520ded057a32086c40e7dd6ed4eb8efb82c00e0,2025-01-14,7013.428624,829.285,12,0.5731414868105515,0.0,1.0,Greed,63
0xa520ded057a32086c40e7dd6ed4eb8efb82c00e0,2025-01-21,2806.434723,597.6225000000001,8,0.5731414868105515,0.0,1.0,Extreme Greed,76
0xa520ded057a32086c40e7dd6ed4eb8efb82c00e0,2025-01-27,12084.434144,989.8810714285713,56,0.5731414868105515,0.0,1.0,Greed,71
0xa520ded057a32086c40e7dd6ed4eb8efb82c00e0,2025-01-28,0.0,0.07666666666666667,3,0.5731414868105515,0.0,1.0,Greed,72
0xa520ded057a32086c40e7dd6ed4eb8efb82c00e0,2025-02-03,20.596691,999.91,1,0.5731414868105515,0.0,1.0,Fear,44
0xa520ded057a32086c40e7dd6ed4eb8efb82c00e0,2025-02-10,30.785143,249.82,2,0.5731414868105515,0.0,1.0,Fear,43
0xa520ded057a32086c40e7dd6ed4eb8efb82c00e0,2025-03-08,-1121.6509429999999,1250.705,2,0.5731414868105515,0.0,1.0,Fear,28
0xa520ded057a32086c40e7dd6ed4eb8efb82c00e0,2025-04-08,-920.33629,1000.85,1,0.5731414868105515,0.0,1.0,Extreme Fear,24
0xa520ded057a32086c40e7dd6ed4eb8efb82c00e0,2025-04-10,-965.1214130000001,534.0066666666667,3,0.5731414868105515,0.0,1.0,Fear,39
0xa520ded057a32086c40e7dd6ed4eb8efb82c00e0,2025-04-13,-53.631353999999995,64.53,2,0.5731414868105515,0.0,1.0,Neutral,45
0xae5eacaf9c6b9111fd53034a602c192a04e082ed,2024-12-02,0.0,1779.0295454545455,44,0.40852575488454707,1.0,0.0,Extreme Greed,80
0xae5eacaf9c6b9111fd53034a602c192a04e082ed,2024-12-03,20925.513222,3898.738206896552,145,0.40852575488454707,0.27586206896551724,0.7241379310344828,Extreme Greed,76
0xae5eacaf9c6b9111fd53034a602c192a04e082ed,2024-12-04,0.0,0.1,1,0.40852575488454707,0.0,1.0,Extreme Greed,78
0xae5eacaf9c6b9111fd53034a602c192a04e082ed,2025-03-04,0.0,7268.525238095238,21,0.40852575488454707,1.0,0.0,Extreme Fear,15
0xae5eacaf9c6b9111fd53034a602c192a04e082ed,2025-03-05,0.0,3500.644444444444,9,0.40852575488454707,1.0,0.0,Extreme Fear,20
0xae5eacaf9c6b9111fd53034a602c192a04e082ed,2025-03-11,0.0,6911.925,4,0.40852575488454707,1.0,0.0,Extreme Fear,24
0xae5eacaf9c6b9111fd53034a602c192a04e082ed,2025-03-18,0.0,2461.443421052632,38,0.40852575488454707,1.0,0.0,Fear,34
0xae5eacaf9c6b9111fd53034a602c192a04e082ed,2025-04-08,0.0,2865.9021212121215,33,0.40852575488454707,1.0,0.0,Extreme Fear,24
0xae5eacaf9c6b9111fd53034a602c192a04e082ed,2025-04-09,622.41079,792.1807692307691,13,0.40852575488454707,0.5384615384615384,0.46153846153846156,Extreme Fear,18
0xae5eacaf9c6b9111fd53034a602c192a04e082ed,2025-04-10,5615.909695,2486.837368421053,19,0.40852575488454707,0.0,1.0,Fear,39
0xae5eacaf9c6b9111fd53034a602c192a04e082ed,2025-04-12,2513.430964,2262.842,45,0.40852575488454707,0.4666666666666667,0.5333333333333333,Fear,43
0xae5eacaf9c6b9111fd53034a602c192a04e082ed,2025-04-21,0.0,2434.7928571428574,21,0.40852575488454707,1.0,0.0,Fear,39
0xae5eacaf9c6b9111fd53034a602c192a04e082ed,2025-04-23,28100.700490000003,2829.6749999999997,28,0.40852575488454707,0.0,1.0,Greed,72
0xae5eacaf9c6b9111fd53034a602c192a04e082ed,2025-04-24,2587.44383,2334.9580459770114,87,0.40852575488454707,0.8045977011494253,0.19540229885057472,Greed,63
0xae5eacaf9c6b9111fd53034a602c192a04e082ed,2025-04-25,7480.21054,2564.5469090909096,55,0.40852575488454707,0.43636363636363634,0.5636363636363636,Greed,60
0xaf40fdc468c30116bd3307bcbf4a451a7ebf1deb,2024-12-09,0.0,1968.8700000000001,4,0.32209737827715357,1.0,0.0,Extreme Greed,78
0xaf40fdc468c30116bd3307bcbf4a451a7ebf1deb,2024-12-11,39.7705,7158.62,1,0.32209737827715357,0.0,1.0,Greed,74
0xaf40fdc468c30116bd3307bcbf4a451a7ebf1deb,2024-12-12,15.24474,771.87,1,0.32209737827715357,0.0,1.0,Extreme Greed,83
0xaf40fdc468c30116bd3307bcbf4a451a7ebf1deb,2024-12-23,0.0,320.1333333333333,3,0.32209737827715357,1.0,0.0,Greed,70
0xaf40fdc468c30116bd3307bcbf4a451a7ebf1deb,2024-12-24,3.43,963.83,1,0.32209737827715357,0.0,1.0,Greed,73
0xaf40fdc468c30116bd3307bcbf4a451a7ebf1deb,2025-03-16,-1017.424213,5323.34248,125,0.32209737827715357,0.656,0.344,Fear,30
0xaf40fdc468c30116bd3307bcbf4a451a7ebf1deb,2025-03-17,-1646.3529,9477.486,35,0.32209737827715357,0.05714285714285714,0.9428571428571428,Fear,32
0xaf40fdc468c30116bd3307bcbf4a451a7ebf1deb,2025-03-18,0.0,3925.5247619047623,21,0.32209737827715357,1.0,0.0,Fear,34
0xaf40fdc468c30116bd3307bcbf4a451a7ebf1deb,2025-03-19,5304.480047,4703.033148148148,162,0.32209737827715357,0.30864197530864196,0.691358024691358,Fear,32
0xaf40fdc468c30116bd3307bcbf4a451a7ebf1deb,2025-03-20,0.0,84870.0,1,0.32209737827715357,1.0,0.0,Neutral,49
0xaf40fdc468c30116bd3307bcbf4a451a7ebf1deb,2025-03-24,5070.619785,15004.912173913042,23,0.32209737827715357,0.2608695652173913,0.7391304347826086,Neutral,45
0xaf40fdc468c30116bd3307bcbf4a451a7ebf1deb,2025-03-25,0.0,87100.0,1,0.32209737827715357,1.0,0.0,Neutral,46
0xaf40fdc468c30116bd3307bcbf4a451a7ebf1deb,2025-03-26,2087.063794,16199.963333333333,27,0.32209737827715357,0.8888888888888888,0.1111111111111111,Neutral,47
0xaf40fdc468c30116bd3307bcbf4a451a7ebf1deb,2025-03-27,894.0,16543.90380952381,21,0.32209737827715357,0.7142857142857143,0.2857142857142857,Fear,40
0xaf40fdc468c30116bd3307bcbf4a451a7ebf1deb,2025-03-28,1342.0,6430.7037037037035,54,0.32209737827715357,0.9259259259259259,0.07407407407407407,Fear,44
0xaf40fdc468c30116bd3307bcbf4a451a7ebf1deb,2025-04-03,2020.0,42527.5,8,0.32209737827715357,0.875,0.125,Fear,25
0xaf40fdc468c30116bd3307bcbf4a451a7ebf1deb,2025-04-05,2400.0,41637.49875,8,0.32209737827715357,0.875,0.125,Fear,30
0xaf40fdc468c30116bd3307bcbf4a451a7ebf1deb,2025-04-07,0.0,2238.4694117647055,17,0.32209737827715357,1.0,0.0,Extreme Fear,23
0xaf40fdc468c30116bd3307bcbf4a451a7ebf1deb,2025-04-11,5246.0,29785.714285714286,7,0.32209737827715357,0.0,1.0,Fear,25
0xaf40fdc468c30116bd3307bcbf4a451a7ebf1deb,2025-04-12,0.0,1435.7078571428572,14,0.32209737827715357,1.0,0.0,Fear,43
0xb1231a4a2dd02f2276fa3c5e2a2f3436e6bfed23,2023-12-05,0.0,5556.203333333334,9,0.3371343243059798,0.7777777777777778,0.2222222222222222,Extreme Greed,75
0xb1231a4a2dd02f2276fa3c5e2a2f3436e6bfed23,2023-12-14,-205.43473700000007,10291.213636363636,11,0.3371343243059798,0.45454545454545453,0.5454545454545454,Greed,72
0xb1231a4a2dd02f2276fa3c5e2a2f3436e6bfed23,2023-12-15,-24.632033999999997,5304.975,2,0.3371343243059798,1.0,0.0,Greed,70
0xb1231a4a2dd02f2276fa3c5e2a2f3436e6bfed23,2023-12-16,0.0,5116.256666666667,3,0.3371343243059798,1.0,0.0,Greed,67
0xb1231a4a2dd02f2276fa3c5e2a2f3436e6bfed23,2023-12-17,304.982785,8305.572857142857,14,0.3371343243059798,0.21428571428571427,0.7857142857142857,Greed,73
0xb1231a4a2dd02f2276fa3c5e2a2f3436e6bfed23,2023-12-18,0.0,15582.089999999998,2,0.3371343243059798,1.0,0.0,Greed,65
0xb1231a4a2dd02f2276fa3c5e2a2f3436e6bfed23,2023-12-19,1000.5386120000001,6106.827333333334,15,0.3371343243059798,0.3333333333333333,0.6666666666666666,Greed,73
0xb1231a4a2dd02f2276fa3c5e2a2f3436e6bfed23,2023-12-20,162.732282,7868.710555555556,18,0.3371343243059798,0.5555555555555556,0.4444444444444444,Greed,74
0xb1231a4a2dd02f2276fa3c5e2a2f3436e6bfed23,2023-12-21,537.211402,2555.795306122449,49,0.3371343243059798,0.4489795918367347,0.5510204081632653,Greed,70
0xb1231a4a2dd02f2276fa3c5e2a2f3436e6bfed23,2023-12-22,141.832675,8887.428,10,0.3371343243059798,0.8,0.2,Greed,74
0xb1231a4a2dd02f2276fa3c5e2a2f3436e6bfed23,2023-12-23,146.936704,6033.711538461538,13,0.3371343243059798,0.38461538461538464,0.6153846153846154,Greed,70
0xb1231a4a2dd02f2276fa3c5e2a2f3436e6bfed23,2023-12-24,1008.619956,10332.177948717948,39,0.3371343243059798,0.5384615384615384,0.46153846153846156,Greed,71
0xb1231a4a2dd02f2276fa3c5e2a2f3436e6bfed23,2023-12-25,-245.081348,19982.836666666666,3,0.3371343243059798,0.6666666666666666,0.3333333333333333,Greed,73
0xb1231a4a2dd02f2276fa3c5e2a2f3436e6bfed23,2023-12-27,-704.8892269999999,6121.823571428571,28,0.3371343243059798,0.5357142857142857,0.4642857142857143,Greed,73
0xb1231a4a2dd02f2276fa3c5e2a2f3436e6bfed23,2023-12-28,-970.730876,4352.923913043478,23,0.3371343243059798,0.43478260869565216,0.5652173913043478,Greed,73
0xb1231a4a2dd02f2276fa3c5e2a2f3436e6bfed23,2023-12-29,508.92214299999995,11391.1944,50,0.3371343243059798,0.62,0.38,Greed,65
0xb1231a4a2dd02f2276fa3c5e2a2f3436e6bfed23,2023-12-30,354.998648,13510.58096153846,52,0.3371343243059798,0.38461538461538464,0.6153846153846154,Greed,68
0xb1231a4a2dd02f2276fa3c5e2a2f3436e6bfed23,2024-01-01,-129.53146,14679.973888888888,18,0.3371343243059798,0.5555555555555556,0.4444444444444444,Greed,65
0xb1231a4a2dd02f2276fa3c5e2a2f3436e6bfed23,2024-01-02,783.979116,7138.1611764705885,17,0.3371343243059798,0.5294117647058824,0.47058823529411764,Greed,71
0xb1231a4a2dd02f2276fa3c5e2a2f3436e6bfed23,2024-01-03,866.015507,5888.050149253731,67,0.3371343243059798,0.47761194029850745,0.5223880597014925,Greed,70
0xb1231a4a2dd02f2276fa3c5e2a2f3436e6bfed23,2024-01-04,-67.60364,19958.508,5,0.3371343243059798,0.4,0.6,Greed,68
0xb1231a4a2dd02f2276fa3c5e2a2f3436e6bfed23,2024-01-05,164.141565,25817.31303030303,66,0.3371343243059798,0.4696969696969697,0.5303030303030303,Greed,72
0xb1231a4a2dd02f2276fa3c5e2a2f3436e6bfed23,2024-01-06,135.58166400000002,13569.154545454547,22,0.3371343243059798,0.5,0.5,Greed,70
0xb1231a4a2dd02f2276fa3c5e2a2f3436e6bfed23,2024-01-07,-835.681235,10812.887216494846,97,0.3371343243059798,0.5360824742268041,0.4639175257731959,Greed,71
0xb1231a4a2dd02f2276fa3c5e2a2f3436e6bfed23,2024-01-08,-269.874439,11894.159609375,128,0.3371343243059798,0.3125,0.6875,Greed,71
0xb1231a4a2dd02f2276fa3c5e2a2f3436e6bfed23,2024-01-09,-826.349863,12429.313857142857,70,0.3371343243059798,0.4,0.6,Extreme Greed,76
0xb1231a4a2dd02f2276fa3c5e2a2f3436e6bfed23,2024-01-10,-1517.091342,10660.515440414507,193,0.3371343243059798,0.47668393782383417,0.5233160621761658,Greed,73
0xb1231a4a2dd02f2276fa3c5e2a2f3436e6bfed23,2024-01-11,-164.08950099999998,13641.064736842105,19,0.3371343243059798,0.5789473684210527,0.42105263157894735,Extreme Greed,76
0xb1231a4a2dd02f2276fa3c5e2a2f3436e6bfed23,2024-01-12,-1925.519024,28583.181428571428,7,0.3371343243059798,0.7142857142857143,0.2857142857142857,Greed,71
0xb1231a4a2dd02f2276fa3c5e2a2f3436e6bfed23,2024-01-15,0.0,10001.248,5,0.3371343243059798,1.0,0.0,Neutral,52
0xb1231a4a2dd02f2276fa3c5e2a2f3436e6bfed23,2024-01-16,939.6285419999999,17648.416666666668,3,0.3371343243059798,0.0,1.0,Greed,64
0xb1231a4a2dd02f2276fa3c5e2a2f3436e6bfed23,2024-01-17,813.2741110000001,15110.019433962265,53,0.3371343243059798,0.5849056603773585,0.41509433962264153,Greed,60
0xb1231a4a2dd02f2276fa3c5e2a2f3436e6bfed23,2024-01-18,68.93319,9231.120217391304,46,0.3371343243059798,0.391304347826087,0.6086956521739131,Greed,63
0xb1231a4a2dd02f2276fa3c5e2a2f3436e6bfed23,2024-01-19,-385.215235,10946.209230769231,39,0.3371343243059798,0.6923076923076923,0.3076923076923077,Neutral,51
0xb1231a4a2dd02f2276fa3c5e2a2f3436e6bfed23,2024-01-20,-146.57487000000003,10095.193490566038,106,0.3371343243059798,0.5660377358490566,0.4339622641509434,Neutral,52
0xb1231a4a2dd02f2276fa3c5e2a2f3436e6bfed23,2024-01-21,266.58114600000005,9375.43090909091,11,0.3371343243059798,0.2727272727272727,0.7272727272727273,Greed,56
0xb1231a4a2dd02f2276fa3c5e2a2f3436e6bfed23,2024-01-22,209.39217099999996,7671.794864864864,37,0.3371343243059798,0.6216216216216216,0.3783783783783784,Greed,55
0xb1231a4a2dd02f2276fa3c5e2a2f3436e6bfed23,2024-01-23,-369.2447299999998,9211.531777777778,45,0.3371343243059798,0.7333333333333333,0.26666666666666666,Neutral,50
0xb1231a4a2dd02f2276fa3c5e2a2f3436e6bfed23,2024-01-24,-2808.353815,14192.42044117647,68,0.3371343243059798,0.39705882352941174,0.6029411764705882,Neutral,48
0xb1231a4a2dd02f2276fa3c5e2a2f3436e6bfed23,2024-01-25,-3093.6293849999997,11094.355000000001,6,0.3371343243059798,0.0,1.0,Neutral,52
0xb1231a4a2dd02f2276fa3c5e2a2f3436e6bfed23,2024-01-26,0.0,839.1366666666667,3,0.3371343243059798,1.0,0.0,Neutral,49
0xb1231a4a2dd02f2276fa3c5e2a2f3436e6bfed23,2024-01-29,484.847102,5724.157222222222,72,0.3371343243059798,0.2777777777777778,0.7222222222222222,Greed,55
0xb1231a4a2dd02f2276fa3c5e2a2f3436e6bfed23,2024-01-30,-173.65419100000003,8183.905714285715,49,0.3371343243059798,0.5714285714285714,0.42857142857142855,Greed,61
0xb1231a4a2dd02f2276fa3c5e2a2f3436e6bfed23,2024-01-31,-799.840817,7340.683504074505,859,0.3371343243059798,0.5471478463329453,0.4528521536670547,Greed,60
0xb1231a4a2dd02f2276fa3c5e2a2f3436e6bfed23,2024-02-01,0.0,334.69666666666666,6,0.3371343243059798,1.0,0.0,Greed,63
0xb1231a4a2dd02f2276fa3c5e2a2f3436e6bfed23,2024-02-02,456.423473,11292.343571428572,42,0.3371343243059798,0.4523809523809524,0.5476190476190477,Greed,63
0xb1231a4a2dd02f2276fa3c5e2a2f3436e6bfed23,2024-02-03,223.30918699999998,10782.5,56,0.3371343243059798,0.32142857142857145,0.6785714285714286,Greed,60
0xb1231a4a2dd02f2276fa3c5e2a2f3436e6bfed23,2024-02-04,47.62389499999999,5805.358,35,0.3371343243059798,0.5428571428571428,0.45714285714285713,Greed,60
0xb1231a4a2dd02f2276fa3c5e2a2f3436e6bfed23,2024-02-05,-33.45419400000003,10697.198055555556,72,0.3371343243059798,0.4583333333333333,0.5416666666666666,Greed,60
0xb1231a4a2dd02f2276fa3c5e2a2f3436e6bfed23,2024-02-06,-215.615907,7396.280707720588,1088,0.3371343243059798,0.47610294117647056,0.5238970588235294,Greed,64
0xb1231a4a2dd02f2276fa3c5e2a2f3436e6bfed23,2024-02-07,241.24212,450.582,15,0.3371343243059798,0.4666666666666667,0.5333333333333333,Greed,62
0xb1231a4a2dd02f2276fa3c5e2a2f3436e6bfed23,2024-02-08,770.756024,2605.112,10,0.3371343243059798,0.2,0.8,Greed,66
0xb1231a4a2dd02f2276fa3c5e2a2f3436e6bfed23,2024-02-11,983.443176,6244.465294117647,34,0.3371343243059798,0.6764705882352942,0.3235294117647059,Greed,71
0xb1231a4a2dd02f2276fa3c5e2a2f3436e6bfed23,2024-02-12,913.8817869999998,14202.981249999999,16,0.3371343243059798,0.6875,0.3125,Greed,70
0xb1231a4a2dd02f2276fa3c5e2a2f3436e6bfed23,2024-02-13,559.44389,142.85642857142858,14,0.3371343243059798,0.0,1.0,Extreme Greed,79
0xb1231a4a2dd02f2276fa3c5e2a2f3436e6bfed23,2024-02-14,191.29666400000002,4465.268695652174,23,0.3371343243059798,0.30434782608695654,0.6956521739130435,Greed,74
0xb1231a4a2dd02f2276fa3c5e2a2f3436e6bfed23,2024-02-15,816.0903969999999,9886.378181818181,11,0.3371343243059798,0.2727272727272727,0.7272727272727273,Greed,72
0xb1231a4a2dd02f2276fa3c5e2a2f3436e6bfed23,2024-02-16,0.0,8396.053333333333,12,0.3371343243059798,0.8333333333333334,0.16666666666666666,Greed,72
0xb1231a4a2dd02f2276fa3c5e2a2f3436e6bfed23,2024-02-17,259.62944200000004,6791.962666666667,30,0.3371343243059798,0.8333333333333334,0.16666666666666666,Extreme Greed,76
0xb1231a4a2dd02f2276fa3c5e2a2f3436e6bfed23,2024-02-19,-8.05898,8333.848333333333,6,0.3371343243059798,0.5,0.5,Extreme Greed,75
0xb1231a4a2dd02f2276fa3c5e2a2f3436e6bfed23,2024-02-20,210.315294,427.575,4,0.3371343243059798,0.0,1.0,Greed,72
0xb1231a4a2dd02f2276fa3c5e2a2f3436e6bfed23,2024-02-21,0.0,10005.6,1,0.3371343243059798,1.0,0.0,Extreme Greed,78
0xb1231a4a2dd02f2276fa3c5e2a2f3436e6bfed23,2024-02-22,0.0,2500.32,2,0.3371343243059798,1.0,0.0,Greed,74
0xb1231a4a2dd02f2276fa3c5e2a2f3436e6bfed23,2024-02-26,0.0,249.98499999999999,2,0.3371343243059798,0.0,1.0,Greed,72
0xb1231a4a2dd02f2276fa3c5e2a2f3436e6bfed23,2024-02-27,576.38114,322.04,8,0.3371343243059798,0.0,1.0,Extreme Greed,79
0xb1231a4a2dd02f2276fa3c5e2a2f3436e6bfed23,2024-02-29,1320.804256,3546.727142857143,7,0.3371343243059798,0.0,1.0,Extreme Greed,80
0xb1231a4a2dd02f2276fa3c5e2a2f3436e6bfed23,2024-03-02,-1443.814567,420.5385714285714,7,0.3371343243059798,1.0,0.0,Extreme Greed,80
0xb1231a4a2dd02f2276fa3c5e2a2f3436e6bfed23,2024-03-04,1026.004099,290.5161538461538,13,0.3371343243059798,0.0,1.0,Extreme Greed,82
0xb1231a4a2dd02f2276fa3c5e2a2f3436e6bfed23,2024-03-15,388.830831,3995.254210526316,19,0.3371343243059798,0.3157894736842105,0.6842105263157895,Extreme Greed,83
0xb1231a4a2dd02f2276fa3c5e2a2f3436e6bfed23,2024-03-16,0.0,5000.0,2,0.3371343243059798,0.0,1.0,Extreme Greed,81
0xb1231a4a2dd02f2276fa3c5e2a2f3436e6bfed23,2024-03-17,0.0,3751.305,2,0.3371343243059798,1.0,0.0,Extreme Greed,79
0xb1231a4a2dd02f2276fa3c5e2a2f3436e6bfed23,2024-03-18,212.3193,5214.47,1,0.3371343243059798,0.0,1.0,Extreme Greed,77
0xb1231a4a2dd02f2276fa3c5e2a2f3436e6bfed23,2024-03-19,-174.00152,2982.842,10,0.3371343243059798,0.8,0.2,Extreme Greed,79
0xb1231a4a2dd02f2276fa3c5e2a2f3436e6bfed23,2024-03-20,3829.986976,7134.341,10,0.3371343243059798,0.6,0.4,Greed,74
0xb1231a4a2dd02f2276fa3c5e2a2f3436e6bfed23,2024-03-21,238.326075,2560.8025000000002,4,0.3371343243059798,0.75,0.25,Extreme Greed,78
0xb1231a4a2dd02f2276fa3c5e2a2f3436e6bfed23,2024-04-02,0.0,3749.9725,4,0.3371343243059798,1.0,0.0,Extreme Greed,79
0xb1231a4a2dd02f2276fa3c5e2a2f3436e6bfed23,2024-04-03,0.0,4999.83,2,0.3371343243059798,1.0,0.0,Greed,71
0xb1231a4a2dd02f2276fa3c5e2a2f3436e6bfed23,2024-04-05,965.5522159999999,3245.635,8,0.3371343243059798,0.0,1.0,Extreme Greed,79
0xb1231a4a2dd02f2276fa3c5e2a2f3436e6bfed23,2024-04-12,-2830.444513,2021.84,15,0.3371343243059798,1.0,0.0,Extreme Greed,79
0xb1231a4a2dd02f2276fa3c5e2a2f3436e6bfed23,2024-04-26,0.0,1662.7633333333335,3,0.3371343243059798,0.0,1.0,Greed,70
0xb1231a4a2dd02f2276fa3c5e2a2f3436e6bfed23,2024-04-28,0.0,339.7238,50,0.3371343243059798,0.0,1.0,Greed,65
0xb1231a4a2dd02f2276fa3c5e2a2f3436e6bfed23,2024-04-29,0.0,301.70142857142855,14,0.3371343243059798,0.0,1.0,Greed,67
0xb1231a4a2dd02f2276fa3c5e2a2f3436e6bfed23,2024-05-03,0.0,829.8083333333334,6,0.3371343243059798,0.0,1.0,Neutral,48
0xb1231a4a2dd02f2276fa3c5e2a2f3436e6bfed23,2024-05-04,0.0,1666.47,3,0.3371343243059798,0.0,1.0,Greed,67
0xb1231a4a2dd02f2276fa3c5e2a2f3436e6bfed23,2024-05-07,227.320653,1395.532857142857,7,0.3371343243059798,0.2857142857142857,0.7142857142857143,Greed,68
0xb1231a4a2dd02f2276fa3c5e2a2f3436e6bfed23,2024-05-09,0.0,1658.5133333333333,3,0.3371343243059798,0.0,1.0,Greed,55
0xb1231a4a2dd02f2276fa3c5e2a2f3436e6bfed23,2024-05-12,0.0,782.6861538461538,13,0.3371343243059798,0.5384615384615384,0.46153846153846156,Greed,56
0xb1231a4a2dd02f2276fa3c5e2a2f3436e6bfed23,2024-05-13,0.0,1658.2700000000002,3,0.3371343243059798,0.0,1.0,Greed,57
0xb1231a4a2dd02f2276fa3c5e2a2f3436e6bfed23,2024-05-16,0.0,1280.0233333333333,3,0.3371343243059798,0.0,1.0,Greed,70
0xb1231a4a2dd02f2276fa3c5e2a2f3436e6bfed23,2024-05-20,-74.818442,1707.1166666666668,3,0.3371343243059798,0.0,1.0,Greed,70
0xb1231a4a2dd02f2276fa3c5e2a2f3436e6bfed23,2024-05-21,1272.088356,8594.73125,72,0.3371343243059798,0.25,0.75,Extreme Greed,76
0xb1231a4a2dd02f2276fa3c5e2a2f3436e6bfed23,2024-05-23,0.0,3896.7610526315784,19,0.3371343243059798,0.15789473684210525,0.8421052631578947,Extreme Greed,76
0xb1231a4a2dd02f2276fa3c5e2a2f3436e6bfed23,2024-05-24,821.949278,25405.949999999997,2,0.3371343243059798,0.0,1.0,Greed,74
0xb1231a4a2dd02f2276fa3c5e2a2f3436e6bfed23,2024-05-25,0.0,12503.574999999999,2,0.3371343243059798,1.0,0.0,Extreme Greed,76
0xb1231a4a2dd02f2276fa3c5e2a2f3436e6bfed23,2024-05-26,773.4582,5640.383333333334,9,0.3371343243059798,0.0,1.0,Extreme Greed,75
0xb1231a4a2dd02f2276fa3c5e2a2f3436e6bfed23,2024-06-07,0.0,77.5807142857143,14,0.3371343243059798,1.0,0.0,Extreme Greed,77
0xb1231a4a2dd02f2276fa3c5e2a2f3436e6bfed23,2024-06-09,0.0,117.52166666666666,12,0.3371343243059798,1.0,0.0,Extreme Greed,75
0xb1231a4a2dd02f2276fa3c5e2a2f3436e6bfed23,2024-06-11,4269.550668,1046.24,75,0.3371343243059798,1.0,0.0,Greed,74
0xb1231a4a2dd02f2276fa3c5e2a2f3436e6bfed23,2024-06-12,0.0,41.1072972972973,37,0.3371343243059798,1.0,0.0,Greed,72
0xb1231a4a2dd02f2276fa3c5e2a2f3436e6bfed23,2024-06-13,6634.160155,1699.554487179487,78,0.3371343243059798,0.9615384615384616,0.038461538461538464,Greed,70
0xb1231a4a2dd02f2276fa3c5e2a2f3436e6bfed23,2024-06-14,10258.592609,2791.98,15,0.3371343243059798,1.0,0.0,Greed,74
0xb1231a4a2dd02f2276fa3c5e2a2f3436e6bfed23,2024-06-15,1285.5244400000001,3156.3154999999997,40,0.3371343243059798,0.0,1.0,Greed,74
0xb1231a4a2dd02f2276fa3c5e2a2f3436e6bfed23,2024-06-16,0.0,2294.0981818181817,11,0.3371343243059798,0.0,1.0,Greed,71
0xb1231a4a2dd02f2276fa3c5e2a2f3436e6bfed23,2024-06-17,9330.743339,4828.689166666667,24,0.3371343243059798,1.0,0.0,Greed,71
0xb1231a4a2dd02f2276fa3c5e2a2f3436e6bfed23,2024-06-18,282.57636,11128.698333333334,18,0.3371343243059798,0.7777777777777778,0.2222222222222222,Greed,74
0xb1231a4a2dd02f2276fa3c5e2a2f3436e6bfed23,2024-06-19,2833.6833,4971.736829268292,41,0.3371343243059798,0.0,1.0,Greed,64
0xb1231a4a2dd02f2276fa3c5e2a2f3436e6bfed23,2024-06-20,0.0,314.2848148148148,27,0.3371343243059798,0.0,1.0,Greed,60
0xb1231a4a2dd02f2276fa3c5e2a2f3436e6bfed23,2024-06-21,0.0,1478.9595652173912,69,0.3371343243059798,0.8260869565217391,0.17391304347826086,Greed,63
0xb1231a4a2dd02f2276fa3c5e2a2f3436e6bfed23,2024-06-22,756.876565,7218.764761904762,21,0.3371343243059798,0.047619047619047616,0.9523809523809523,Neutral,53
0xb1231a4a2dd02f2276fa3c5e2a2f3436e6bfed23,2024-06-23,0.0,358.424,5,0.3371343243059798,0.0,1.0,Greed,55
0xb1231a4a2dd02f2276fa3c5e2a2f3436e6bfed23,2024-06-24,0.0,15099.543,10,0.3371343243059798,0.4,0.6,Neutral,51
0xb1231a4a2dd02f2276fa3c5e2a2f3436e6bfed23,2024-06-25,4869.353105,2104.062857142857,49,0.3371343243059798,0.22448979591836735,0.7755102040816326,Fear,30
0xb1231a4a2dd02f2276fa3c5e2a2f3436e6bfed23,2024-06-26,0.0,24.288292682926826,41,0.3371343243059798,1.0,0.0,Neutral,46
0xb1231a4a2dd02f2276fa3c5e2a2f3436e6bfed23,2024-06-27,0.0,583.1594444444444,18,0.3371343243059798,0.6666666666666666,0.3333333333333333,Fear,40
0xb1231a4a2dd02f2276fa3c5e2a2f3436e6bfed23,2024-06-29,4307.587820000001,975.2437931034483,58,0.3371343243059798,0.3275862068965517,0.6724137931034483,Fear,30
0xb1231a4a2dd02f2276fa3c5e2a2f3436e6bfed23,2024-06-30,0.0,47.401818181818186,11,0.3371343243059798,0.18181818181818182,0.8181818181818182,Neutral,47
0xb1231a4a2dd02f2276fa3c5e2a2f3436e6bfed23,2024-07-01,3863.351096,5205.286274509804,51,0.3371343243059798,0.0784313725490196,0.9215686274509803,Neutral,53
0xb1231a4a2dd02f2276fa3c5e2a2f3436e6bfed23,2024-07-02,2421.253116,1852.6372222222224,18,0.3371343243059798,0.7222222222222222,0.2777777777777778,Neutral,51
0xb1231a4a2dd02f2276fa3c5e2a2f3436e6bfed23,2024-07-03,0.0,9465.0725,8,0.3371343243059798,1.0,0.0,Neutral,50
0xb1231a4a2dd02f2276fa3c5e2a2f3436e6bfed23,2024-07-04,0.0,15958.708181818183,11,0.3371343243059798,1.0,0.0,Fear,44
0xb1231a4a2dd02f2276fa3c5e2a2f3436e6bfed23,2024-07-05,0.0,165.92916666666667,12,0.3371343243059798,1.0,0.0,Fear,29
0xb1231a4a2dd02f2276fa3c5e2a2f3436e6bfed23,2024-07-06,108.87217799999999,103.75708333333334,24,0.3371343243059798,0.7083333333333334,0.2916666666666667,Fear,26
0xb1231a4a2dd02f2276fa3c5e2a2f3436e6bfed23,2024-07-07,61.428942,49.875,10,0.3371343243059798,0.0,1.0,Fear,29
0xb1231a4a2dd02f2276fa3c5e2a2f3436e6bfed23,2024-07-08,0.0,497.64,1,0.3371343243059798,1.0,0.0,Fear,28
0xb1231a4a2dd02f2276fa3c5e2a2f3436e6bfed23,2024-07-09,648.984412,182.42999999999998,15,0.3371343243059798,0.0,1.0,Fear,27
0xb1231a4a2dd02f2276fa3c5e2a2f3436e6bfed23,2024-07-10,382.10788099999996,1229.4692307692308,13,0.3371343243059798,0.0,1.0,Fear,28
0xb1231a4a2dd02f2276fa3c5e2a2f3436e6bfed23,2024-07-12,1412.314654,1508.48,9,0.3371343243059798,1.0,0.0,Fear,25
0xb1231a4a2dd02f2276fa3c5e2a2f3436e6bfed23,2024-07-13,234.778463,124.795,4,0.3371343243059798,0.0,1.0,Fear,25
0xb1231a4a2dd02f2276fa3c5e2a2f3436e6bfed23,2024-07-17,0.0,1427.2385714285715,7,0.3371343243059798,0.0,1.0,Greed,69
0xb1231a4a2dd02f2276fa3c5e2a2f3436e6bfed23,2024-07-24,0.0,170.22400000000002,35,0.3371343243059798,0.9428571428571428,0.05714285714285714,Greed,69
0xb1231a4a2dd02f2276fa3c5e2a2f3436e6bfed23,2024-07-25,916.7382600000001,764.4941666666667,12,0.3371343243059798,1.0,0.0,Greed,68
0xb1231a4a2dd02f2276fa3c5e2a2f3436e6bfed23,2024-07-26,2425.262989,8415.887666666667,30,0.3371343243059798,0.03333333333333333,0.9666666666666667,Greed,68
0xb1231a4a2dd02f2276fa3c5e2a2f3436e6bfed23,2024-07-29,112.946925,12510.05625,24,0.3371343243059798,0.5416666666666666,0.4583333333333333,Greed,74
0xb1231a4a2dd02f2276fa3c5e2a2f3436e6bfed23,2024-08-01,0.0,3896.047777777778,9,0.3371343243059798,1.0,0.0,Neutral,52
0xb1231a4a2dd02f2276fa3c5e2a2f3436e6bfed23,2024-08-02,554.12049,5882.177500000001,12,0.3371343243059798,0.5833333333333334,0.4166666666666667,Greed,57
0xb1231a4a2dd02f2276fa3c5e2a2f3436e6bfed23,2024-08-03,0.0,4168.69,6,0.3371343243059798,1.0,0.0,Fear,37
0xb1231a4a2dd02f2276fa3c5e2a2f3436e6bfed23,2024-08-04,0.0,5002.563703703704,27,0.3371343243059798,0.9629629629629629,0.037037037037037035,Fear,34
0xb1231a4a2dd02f2276fa3c5e2a2f3436e6bfed23,2024-08-05,-8394.889856,3331.070909090909,44,0.3371343243059798,0.3181818181818182,0.6818181818181818,Fear,26
0xb1231a4a2dd02f2276fa3c5e2a2f3436e6bfed23,2024-08-06,51.56325,758.8422499999999,80,0.3371343243059798,0.9375,0.0625,Extreme Fear,17
0xb1231a4a2dd02f2276fa3c5e2a2f3436e6bfed23,2024-08-07,188.789255,94.89190476190477,21,0.3371343243059798,0.5238095238095238,0.47619047619047616,Fear,29
0xb1231a4a2dd02f2276fa3c5e2a2f3436e6bfed23,2024-08-08,0.0,3168.014,5,0.3371343243059798,1.0,0.0,Extreme Fear,20
0xb1231a4a2dd02f2276fa3c5e2a2f3436e6bfed23,2024-08-09,6783.078347,5447.171666666666,60,0.3371343243059798,0.5166666666666667,0.48333333333333334,Neutral,48
0xb1231a4a2dd02f2276fa3c5e2a2f3436e6bfed23,2024-08-10,0.0,130.32885057471265,87,0.3371343243059798,1.0,0.0,Fear,40
0xb1231a4a2dd02f2276fa3c5e2a2f3436e6bfed23,2024-08-11,0.0,211.8975,16,0.3371343243059798,1.0,0.0,Fear,39
0xb1231a4a2dd02f2276fa3c5e2a2f3436e6bfed23,2024-08-12,0.0,323.4293548387097,31,0.3371343243059798,0.7419354838709677,0.25806451612903225,Fear,25
0xb1231a4a2dd02f2276fa3c5e2a2f3436e6bfed23,2024-08-13,212.08102,488.06470588235294,17,0.3371343243059798,0.9411764705882353,0.058823529411764705,Fear,31
0xb1231a4a2dd02f2276fa3c5e2a2f3436e6bfed23,2024-08-14,0.0,136.21066666666667,15,0.3371343243059798,1.0,0.0,Fear,30
0xb1231a4a2dd02f2276fa3c5e2a2f3436e6bfed23,2024-08-15,0.0,126.86416666666668,12,0.3371343243059798,1.0,0.0,Fear,29
0xb1231a4a2dd02f2276fa3c5e2a2f3436e6bfed23,2024-08-16,825.230544,4663.112424242424,33,0.3371343243059798,0.9090909090909091,0.09090909090909091,Fear,27
0xb1231a4a2dd02f2276fa3c5e2a2f3436e6bfed23,2024-08-19,339.69958299999996,12539.37875,8,0.3371343243059798,0.375,0.625,Fear,28
0xb1231a4a2dd02f2276fa3c5e2a2f3436e6bfed23,2024-08-24,0.0,3999.9199999999996,5,0.3371343243059798,0.0,1.0,Greed,56
0xb1231a4a2dd02f2276fa3c5e2a2f3436e6bfed23,2024-08-25,0.0,534.9192307692308,13,0.3371343243059798,0.6153846153846154,0.38461538461538464,Neutral,54
0xb1231a4a2dd02f2276fa3c5e2a2f3436e6bfed23,2024-08-26,0.0,347.75,1,0.3371343243059798,1.0,0.0,Greed,55
0xb1231a4a2dd02f2276fa3c5e2a2f3436e6bfed23,2024-08-27,0.0,121.97604651162791,43,0.3371343243059798,0.9767441860465116,0.023255813953488372,Neutral,48
0xb1231a4a2dd02f2276fa3c5e2a2f3436e6bfed23,2024-08-28,1333.359645,11832.755000000001,2,0.3371343243059798,1.0,0.0,Fear,30
0xb1231a4a2dd02f2276fa3c5e2a2f3436e6bfed23,2024-08-29,0.0,9995.85,1,0.3371343243059798,0.0,1.0,Fear,29
0xb1231a4a2dd02f2276fa3c5e2a2f3436e6bfed23,2024-08-30,256.464,9739.38,1,0.3371343243059798,1.0,0.0,Fear,34
0xb1231a4a2dd02f2276fa3c5e2a2f3436e6bfed23,2024-08-31,0.0,11111.126666666667,9,0.3371343243059798,0.4444444444444444,0.5555555555555556,Fear,29
0xb1231a4a2dd02f2276fa3c5e2a2f3436e6bfed23,2024-09-04,1065.785132,2923.5148484848487,33,0.3371343243059798,0.9090909090909091,0.09090909090909091,Fear,27
0xb1231a4a2dd02f2276fa3c5e2a2f3436e6bfed23,2024-09-06,-1104.856765,106.74815789473683,38,0.3371343243059798,0.0,1.0,Extreme Fear,22
0xb1231a4a2dd02f2276fa3c5e2a2f3436e6bfed23,2024-09-09,0.0,2007.2150000000001,2,0.3371343243059798,1.0,0.0,Fear,26
0xb1231a4a2dd02f2276fa3c5e2a2f3436e6bfed23,2024-09-10,0.0,766.74,1,0.3371343243059798,1.0,0.0,Fear,33
0xb1231a4a2dd02f2276fa3c5e2a2f3436e6bfed23,2024-09-14,0.0,101.415,10,0.3371343243059798,1.0,0.0,Neutral,50
0xb1231a4a2dd02f2276fa3c5e2a2f3436e6bfed23,2024-09-18,-878.684794,94.02413793103449,145,0.3371343243059798,0.07586206896551724,0.9241379310344827,Neutral,45
0xb1231a4a2dd02f2276fa3c5e2a2f3436e6bfed23,2024-09-19,0.0,80.09842105263158,19,0.3371343243059798,1.0,0.0,Neutral,49
0xb1231a4a2dd02f2276fa3c5e2a2f3436e6bfed23,2024-09-24,0.0,111.67333333333335,9,0.3371343243059798,1.0,0.0,Neutral,54
0xb1231a4a2dd02f2276fa3c5e2a2f3436e6bfed23,2024-10-04,0.0,0.34,1,0.3371343243059798,0.0,1.0,Fear,41
0xb1231a4a2dd02f2276fa3c5e2a2f3436e6bfed23,2024-10-08,0.0,0.58,1,0.3371343243059798,0.0,1.0,Neutral,49
0xb1231a4a2dd02f2276fa3c5e2a2f3436e6bfed23,2024-12-04,274999.139393,6249.985227272727,44,0.3371343243059798,0.0,1.0,Extreme Greed,78
0xb1231a4a2dd02f2276fa3c5e2a2f3436e6bfed23,2024-12-05,49999.876084999996,12499.98,4,0.3371343243059798,0.0,1.0,Extreme Greed,84
0xb1231a4a2dd02f2276fa3c5e2a2f3436e6bfed23,2024-12-06,74999.848329,2999.9956,25,0.3371343243059798,0.0,1.0,Greed,72
0xb1231a4a2dd02f2276fa3c5e2a2f3436e6bfed23,2024-12-07,74999.62263,15999.469999999998,5,0.3371343243059798,0.0,1.0,Extreme Greed,75
0xb1231a4a2dd02f2276fa3c5e2a2f3436e6bfed23,2024-12-08,0.0,3572.0706206896552,145,0.3371343243059798,0.0,1.0,Extreme Greed,79
0xb1231a4a2dd02f2276fa3c5e2a2f3436e6bfed23,2024-12-11,274998.942584,1762.8148717948718,156,0.3371343243059798,0.0,1.0,Greed,74
0xb1231a4a2dd02f2276fa3c5e2a2f3436e6bfed23,2024-12-12,449328.107544,1430.9824522292993,314,0.3371343243059798,0.0,1.0,Extreme Greed,83
0xb1231a4a2dd02f2276fa3c5e2a2f3436e6bfed23,2024-12-14,100273.248286,2005.4666,50,0.3371343243059798,0.0,1.0,Extreme Greed,83
0xb1231a4a2dd02f2276fa3c5e2a2f3436e6bfed23,2024-12-15,49955.768945,1921.375769230769,26,0.3371343243059798,0.0,1.0,Extreme Greed,80
0xb1231a4a2dd02f2276fa3c5e2a2f3436e6bfed23,2024-12-17,50346.757308,2640.7076315789473,38,0.3371343243059798,0.0,1.0,Extreme Greed,87
0xb1231a4a2dd02f2276fa3c5e2a2f3436e6bfed23,2024-12-18,2222.47801,2654.303888888889,18,0.3371343243059798,1.0,0.0,Extreme Greed,81
0xb1231a4a2dd02f2276fa3c5e2a2f3436e6bfed23,2024-12-20,0.0,2321.7200000000003,43,0.3371343243059798,0.0,1.0,Greed,74
0xb1231a4a2dd02f2276fa3c5e2a2f3436e6bfed23,2024-12-21,0.0,1608.8398387096772,62,0.3371343243059798,0.0,1.0,Greed,73
0xb1231a4a2dd02f2276fa3c5e2a2f3436e6bfed23,2024-12-23,20549.813184,3635.03126984127,63,0.3371343243059798,0.6984126984126984,0.30158730158730157,Greed,70
0xb1231a4a2dd02f2276fa3c5e2a2f3436e6bfed23,2024-12-24,0.0,10714.267142857143,7,0.3371343243059798,0.0,1.0,Greed,73
0xb1231a4a2dd02f2276fa3c5e2a2f3436e6bfed23,2024-12-26,10371.049075,1878.7534426229506,61,0.3371343243059798,1.0,0.0,Extreme Greed,79
0xb1231a4a2dd02f2276fa3c5e2a2f3436e6bfed23,2024-12-30,0.0,3301.7203999999997,25,0.3371343243059798,0.0,1.0,Greed,65
0xb1231a4a2dd02f2276fa3c5e2a2f3436e6bfed23,2025-01-02,0.0,1666.6133333333335,6,0.3371343243059798,1.0,0.0,Greed,70
0xb1231a4a2dd02f2276fa3c5e2a2f3436e6bfed23,2025-01-03,0.0,557.795,18,0.3371343243059798,1.0,0.0,Greed,74
0xb1231a4a2dd02f2276fa3c5e2a2f3436e6bfed23,2025-01-04,1659.7995640000001,1695.0778947368422,19,0.3371343243059798,0.3157894736842105,0.6842105263157895,Greed,73
0xb1231a4a2dd02f2276fa3c5e2a2f3436e6bfed23,2025-01-05,956.5545050000001,332.21393939393937,33,0.3371343243059798,0.0,1.0,Greed,72
0xb1231a4a2dd02f2276fa3c5e2a2f3436e6bfed23,2025-01-06,281.45074800000003,237.78799999999998,85,0.3371343243059798,0.6705882352941176,0.32941176470588235,Extreme Greed,76
0xb1231a4a2dd02f2276fa3c5e2a2f3436e6bfed23,2025-01-08,0.0,944.90625,16,0.3371343243059798,1.0,0.0,Greed,70
0xb1231a4a2dd02f2276fa3c5e2a2f3436e6bfed23,2025-01-15,5383.278555,491.1363636363636,11,0.3371343243059798,0.0,1.0,Greed,70
0xb1231a4a2dd02f2276fa3c5e2a2f3436e6bfed23,2025-01-16,897.284184,1393.2204347826087,23,0.3371343243059798,0.4782608695652174,0.5217391304347826,Extreme Greed,75
0xb1231a4a2dd02f2276fa3c5e2a2f3436e6bfed23,2025-01-18,7393.785411,1905.1814851485146,101,0.3371343243059798,0.38613861386138615,0.6138613861386139,Extreme Greed,77
0xb1231a4a2dd02f2276fa3c5e2a2f3436e6bfed23,2025-01-19,3867.854339,6311.63,3,0.3371343243059798,0.0,1.0,Extreme Greed,77
0xb1231a4a2dd02f2276fa3c5e2a2f3436e6bfed23,2025-01-20,0.0,1310.68,23,0.3371343243059798,1.0,0.0,Extreme Greed,76
0xb1231a4a2dd02f2276fa3c5e2a2f3436e6bfed23,2025-01-21,2997.363771,1598.0225,52,0.3371343243059798,0.0,1.0,Extreme Greed,76
0xb1231a4a2dd02f2276fa3c5e2a2f3436e6bfed23,2025-01-22,0.0,1799.2789189189189,111,0.3371343243059798,0.0,1.0,Extreme Greed,84
0xb1231a4a2dd02f2276fa3c5e2a2f3436e6bfed23,2025-01-23,25224.994585,2493.861,90,0.3371343243059798,1.0,0.0,Extreme Greed,75
0xb1231a4a2dd02f2276fa3c5e2a2f3436e6bfed23,2025-01-25,0.0,1004.8726666666666,15,0.3371343243059798,1.0,0.0,Extreme Greed,75
0xb1231a4a2dd02f2276fa3c5e2a2f3436e6bfed23,2025-01-27,0.0,3464.2846153846153,13,0.3371343243059798,1.0,0.0,Greed,71
0xb1231a4a2dd02f2276fa3c5e2a2f3436e6bfed23,2025-01-29,0.0,305.256,40,0.3371343243059798,1.0,0.0,Greed,72
0xb1231a4a2dd02f2276fa3c5e2a2f3436e6bfed23,2025-01-30,2503.8204370000003,1614.6436011904761,336,0.3371343243059798,0.0,1.0,Greed,70
0xb1231a4a2dd02f2276fa3c5e2a2f3436e6bfed23,2025-01-31,0.0,1723.3093103448277,58,0.3371343243059798,0.0,1.0,Extreme Greed,76
0xb1231a4a2dd02f2276fa3c5e2a2f3436e6bfed23,2025-02-01,15452.344326,1400.39,11,0.3371343243059798,1.0,0.0,Greed,68
0xb1231a4a2dd02f2276fa3c5e2a2f3436e6bfed23,2025-02-02,69051.70619,6537.665,88,0.3371343243059798,1.0,0.0,Greed,60
0xb1231a4a2dd02f2276fa3c5e2a2f3436e6bfed23,2025-02-03,46742.288748,1333.0556976744185,258,0.3371343243059798,0.49224806201550386,0.5077519379844961,Fear,44
0xb1231a4a2dd02f2276fa3c5e2a2f3436e6bfed23,2025-02-04,16102.444634,2456.432904689864,661,0.3371343243059798,0.3903177004538578,0.6096822995461422,Greed,72
0xb1231a4a2dd02f2276fa3c5e2a2f3436e6bfed23,2025-02-05,14644.100674,2359.758899082569,218,0.3371343243059798,0.42201834862385323,0.5779816513761468,Neutral,54
0xb1231a4a2dd02f2276fa3c5e2a2f3436e6bfed23,2025-02-06,51100.947505,1617.0732696897373,419,0.3371343243059798,0.847255369928401,0.15274463007159905,Neutral,49
0xb1231a4a2dd02f2276fa3c5e2a2f3436e6bfed23,2025-02-07,1831.9529619999998,1073.4656643356643,143,0.3371343243059798,0.7342657342657343,0.26573426573426573,Fear,44
0xb1231a4a2dd02f2276fa3c5e2a2f3436e6bfed23,2025-02-09,115791.92916,2647.2844776119405,67,0.3371343243059798,0.5074626865671642,0.4925373134328358,Neutral,46
0xb1231a4a2dd02f2276fa3c5e2a2f3436e6bfed23,2025-02-10,0.0,1960.124705882353,17,0.3371343243059798,0.0,1.0,Fear,43
0xb1231a4a2dd02f2276fa3c5e2a2f3436e6bfed23,2025-02-11,0.0,2285.4152892561983,121,0.3371343243059798,0.0,1.0,Neutral,47
0xb1231a4a2dd02f2276fa3c5e2a2f3436e6bfed23,2025-02-12,8664.933786,1698.3335802469135,243,0.3371343243059798,0.41975308641975306,0.5802469135802469,Neutral,46
0xb1231a4a2dd02f2276fa3c5e2a2f3436e6bfed23,2025-02-13,0.0,1735.2890476190476,168,0.3371343243059798,0.0,1.0,Neutral,50
0xb1231a4a2dd02f2276fa3c5e2a2f3436e6bfed23,2025-02-14,0.0,1615.370303030303,165,0.3371343243059798,0.0,1.0,Neutral,48
0xb1231a4a2dd02f2276fa3c5e2a2f3436e6bfed23,2025-02-18,73677.453556,2654.748446969697,264,0.3371343243059798,1.0,0.0,Neutral,47
0xb1231a4a2dd02f2276fa3c5e2a2f3436e6bfed23,2025-02-19,3350.218775,2310.5601176470586,85,0.3371343243059798,0.3058823529411765,0.6941176470588235,Fear,44
0xb1231a4a2dd02f2276fa3c5e2a2f3436e6bfed23,2025-02-20,0.0,1452.1574910394265,279,0.3371343243059798,0.13978494623655913,0.8602150537634409,Neutral,49
0xb1231a4a2dd02f2276fa3c5e2a2f3436e6bfed23,2025-02-21,3056.449155,4768.487241379311,58,0.3371343243059798,0.5344827586206896,0.46551724137931033,Greed,55
0xb1231a4a2dd02f2276fa3c5e2a2f3436e6bfed23,2025-02-22,5628.488702,1574.8144094488189,127,0.3371343243059798,0.7322834645669292,0.2677165354330709,Neutral,49
0xb1231a4a2dd02f2276fa3c5e2a2f3436e6bfed23,2025-02-23,8934.09502,2278.3786363636364,88,0.3371343243059798,1.0,0.0,Neutral,50
0xb1231a4a2dd02f2276fa3c5e2a2f3436e6bfed23,2025-02-24,10841.97075,1111.8584134615385,208,0.3371343243059798,1.0,0.0,Neutral,49
0xb1231a4a2dd02f2276fa3c5e2a2f3436e6bfed23,2025-02-25,0.0,1418.0078873239436,71,0.3371343243059798,1.0,0.0,Fear,25
0xb1231a4a2dd02f2276fa3c5e2a2f3436e6bfed23,2025-02-26,0.0,66.875,26,0.3371343243059798,1.0,0.0,Extreme Fear,21
0xb1231a4a2dd02f2276fa3c5e2a2f3436e6bfed23,2025-02-27,0.0,1508.357,10,0.3371343243059798,1.0,0.0,Extreme Fear,10
0xb1231a4a2dd02f2276fa3c5e2a2f3436e6bfed23,2025-03-04,0.0,1769.9948051948052,77,0.3371343243059798,1.0,0.0,Extreme Fear,15
0xb1231a4a2dd02f2276fa3c5e2a2f3436e6bfed23,2025-03-05,4647.056049,2021.519213483146,89,0.3371343243059798,0.3595505617977528,0.6404494382022472,Extreme Fear,20
0xb1231a4a2dd02f2276fa3c5e2a2f3436e6bfed23,2025-03-06,698.036952,1905.741818181818,66,0.3371343243059798,0.5606060606060606,0.4393939393939394,Fear,25
0xb1231a4a2dd02f2276fa3c5e2a2f3436e6bfed23,2025-03-07,0.0,2891.8463265306123,49,0.3371343243059798,1.0,0.0,Fear,34
0xb1231a4a2dd02f2276fa3c5e2a2f3436e6bfed23,2025-03-08,2923.553302,1772.4605797101449,138,0.3371343243059798,0.15217391304347827,0.8478260869565217,Fear,28
0xb1231a4a2dd02f2276fa3c5e2a2f3436e6bfed23,2025-03-09,2752.480766,1777.5894594594595,296,0.3371343243059798,0.6959459459459459,0.30405405405405406,Fear,27
0xb1231a4a2dd02f2276fa3c5e2a2f3436e6bfed23,2025-03-10,0.0,2392.7903278688523,61,0.3371343243059798,1.0,0.0,Extreme Fear,20
0xb1231a4a2dd02f2276fa3c5e2a2f3436e6bfed23,2025-03-11,2349.7162,1993.2828205128203,273,0.3371343243059798,0.047619047619047616,0.9523809523809523,Extreme Fear,24
0xb1231a4a2dd02f2276fa3c5e2a2f3436e6bfed23,2025-03-12,1215.156099,1351.2349101796408,334,0.3371343243059798,0.8982035928143712,0.10179640718562874,Fear,34
0xb1231a4a2dd02f2276fa3c5e2a2f3436e6bfed23,2025-03-13,0.0,1190.9719047619049,42,0.3371343243059798,1.0,0.0,Neutral,45
0xb1231a4a2dd02f2276fa3c5e2a2f3436e6bfed23,2025-03-14,22911.093812,1309.496439628483,323,0.3371343243059798,0.0,1.0,Fear,27
0xb1231a4a2dd02f2276fa3c5e2a2f3436e6bfed23,2025-03-17,646.346496,718.1312389380531,113,0.3371343243059798,0.7345132743362832,0.26548672566371684,Fear,32
0xb1231a4a2dd02f2276fa3c5e2a2f3436e6bfed23,2025-03-20,824.5402799999999,1638.5426666666667,30,0.3371343243059798,0.3333333333333333,0.6666666666666666,Neutral,49
0xb1231a4a2dd02f2276fa3c5e2a2f3436e6bfed23,2025-03-24,0.0,1314.4001754385965,57,0.3371343243059798,0.0,1.0,Neutral,45
0xb1231a4a2dd02f2276fa3c5e2a2f3436e6bfed23,2025-03-26,2597.947325,1903.2236842105262,38,0.3371343243059798,1.0,0.0,Neutral,47
0xb1231a4a2dd02f2276fa3c5e2a2f3436e6bfed23,2025-04-03,0.0,5555.549999999999,9,0.3371343243059798,1.0,0.0,Fear,25
0xb1231a4a2dd02f2276fa3c5e2a2f3436e6bfed23,2025-04-04,2242.086667,1138.8816161616162,99,0.3371343243059798,0.3434343434343434,0.6565656565656566,Fear,28
0xb1231a4a2dd02f2276fa3c5e2a2f3436e6bfed23,2025-04-07,3601.4274,1713.7372500000001,80,0.3371343243059798,0.525,0.475,Extreme Fear,23
0xb1231a4a2dd02f2276fa3c5e2a2f3436e6bfed23,2025-04-11,0.0,1665.941,20,0.3371343243059798,0.0,1.0,Fear,25
0xb1231a4a2dd02f2276fa3c5e2a2f3436e6bfed23,2025-04-12,0.0,3918.2294117647057,17,0.3371343243059798,0.0,1.0,Fear,43
0xb1231a4a2dd02f2276fa3c5e2a2f3436e6bfed23,2025-04-13,0.0,1111.095,30,0.3371343243059798,0.0,1.0,Neutral,45
0xb1231a4a2dd02f2276fa3c5e2a2f3436e6bfed23,2025-04-15,0.0,1466.164,50,0.3371343243059798,0.0,1.0,Fear,38
0xb1231a4a2dd02f2276fa3c5e2a2f3436e6bfed23,2025-04-17,0.0,1174.1429523809522,105,0.3371343243059798,0.0,1.0,Fear,30
0xb1231a4a2dd02f2276fa3c5e2a2f3436e6bfed23,2025-04-18,0.0,1165.7812,50,0.3371343243059798,0.0,1.0,Fear,33
0xb1231a4a2dd02f2276fa3c5e2a2f3436e6bfed23,2025-04-19,0.0,1444.9214285714284,98,0.3371343243059798,0.0,1.0,Fear,32
0xb1231a4a2dd02f2276fa3c5e2a2f3436e6bfed23,2025-04-20,0.0,1140.8187671232877,73,0.3371343243059798,0.0,1.0,Fear,37
0xb1231a4a2dd02f2276fa3c5e2a2f3436e6bfed23,2025-04-22,0.0,1461.1758904109588,73,0.3371343243059798,0.0,1.0,Neutral,47
0xb1231a4a2dd02f2276fa3c5e2a2f3436e6bfed23,2025-04-23,0.0,9722.050000000001,6,0.3371343243059798,0.0,1.0,Greed,72
0xb1231a4a2dd02f2276fa3c5e2a2f3436e6bfed23,2025-05-01,102460.17164,3462.1106849315065,73,0.3371343243059798,0.7808219178082192,0.2191780821917808,Neutral,53
0xb899e522b5715391ae1d4f137653e7906c5e2115,2025-02-28,-72.202951,735.4342857142857,7,0.4386109962794543,0.2857142857142857,0.7142857142857143,Extreme Fear,16
0xb899e522b5715391ae1d4f137653e7906c5e2115,2025-03-02,34795.678173,24787.07348387097,155,0.4386109962794543,0.5161290322580645,0.4838709677419355,Fear,26
0xb899e522b5715391ae1d4f137653e7906c5e2115,2025-03-03,535.4072209999999,16874.44419354839,31,0.4386109962794543,0.5483870967741935,0.45161290322580644,Fear,33
0xb899e522b5715391ae1d4f137653e7906c5e2115,2025-03-04,4578.655427,17691.147903225807,124,0.4386109962794543,0.4112903225806452,0.5887096774193549,Extreme Fear,15
0xb899e522b5715391ae1d4f137653e7906c5e2115,2025-03-05,2036.224492,17587.334199999998,100,0.4386109962794543,0.62,0.38,Extreme Fear,20
0xb899e522b5715391ae1d4f137653e7906c5e2115,2025-03-06,5348.989502,13031.173493333332,375,0.4386109962794543,0.416,0.584,Fear,25
0xb899e522b5715391ae1d4f137653e7906c5e2115,2025-03-07,5348.62711,19006.84864946889,659,0.4386109962794543,0.45220030349013657,0.5477996965098634,Fear,34
0xb899e522b5715391ae1d4f137653e7906c5e2115,2025-03-09,10760.578324,13882.096698412699,630,0.4386109962794543,0.6015873015873016,0.3984126984126984,Fear,27
0xb899e522b5715391ae1d4f137653e7906c5e2115,2025-03-10,9163.142483,21399.0256424581,358,0.4386109962794543,0.664804469273743,0.33519553072625696,Extreme Fear,20
0xb899e522b5715391ae1d4f137653e7906c5e2115,2025-03-11,-57956.282957999996,15135.68212446352,466,0.4386109962794543,0.3562231759656652,0.6437768240343348,Extreme Fear,24
0xb899e522b5715391ae1d4f137653e7906c5e2115,2025-03-12,4544.583988,28258.839880478085,251,0.4386109962794543,0.5816733067729084,0.41832669322709165,Fear,34
0xb899e522b5715391ae1d4f137653e7906c5e2115,2025-03-13,3896.9493979999997,27309.887804878046,41,0.4386109962794543,0.5609756097560976,0.43902439024390244,Neutral,45
0xb899e522b5715391ae1d4f137653e7906c5e2115,2025-03-14,1188.74187,40522.281463414634,82,0.4386109962794543,0.5609756097560976,0.43902439024390244,Fear,27
0xb899e522b5715391ae1d4f137653e7906c5e2115,2025-03-15,594.5722,29067.860615384616,65,0.4386109962794543,0.5692307692307692,0.4307692307692308,Neutral,46
0xb899e522b5715391ae1d4f137653e7906c5e2115,2025-03-16,-16453.702941,37204.39219512195,246,0.4386109962794543,0.4105691056910569,0.5894308943089431,Fear,30
0xb899e522b5715391ae1d4f137653e7906c5e2115,2025-03-17,812.52566,31991.233333333337,51,0.4386109962794543,0.7254901960784313,0.27450980392156865,Fear,32
0xb899e522b5715391ae1d4f137653e7906c5e2115,2025-03-18,1157.213435,49549.2075,32,0.4386109962794543,0.34375,0.65625,Fear,34
0xb899e522b5715391ae1d4f137653e7906c5e2115,2025-03-20,38.9845,2217.9049999999997,2,0.4386109962794543,0.5,0.5,Neutral,49
0xb899e522b5715391ae1d4f137653e7906c5e2115,2025-03-21,829.63013,55552.7575,28,0.4386109962794543,0.5,0.5,Fear,31
0xb899e522b5715391ae1d4f137653e7906c5e2115,2025-03-23,907.21938,81858.2115,20,0.4386109962794543,0.3,0.7,Fear,30
0xb899e522b5715391ae1d4f137653e7906c5e2115,2025-03-25,-836.051084,35299.146315789476,95,0.4386109962794543,0.49473684210526314,0.5052631578947369,Neutral,46
0xb899e522b5715391ae1d4f137653e7906c5e2115,2025-03-26,-774.039828,10956.067912087912,91,0.4386109962794543,0.37362637362637363,0.6263736263736264,Neutral,47
0xb899e522b5715391ae1d4f137653e7906c5e2115,2025-03-30,685.277142,27852.182083333333,48,0.4386109962794543,0.5,0.5,Fear,32
0xb899e522b5715391ae1d4f137653e7906c5e2115,2025-04-03,361.071464,28371.712916666667,24,0.4386109962794543,0.5,0.5,Fear,25
0xb899e522b5715391ae1d4f137653e7906c5e2115,2025-04-04,0.0,16948.606666666667,6,0.4386109962794543,1.0,0.0,Fear,28
0xb899e522b5715391ae1d4f137653e7906c5e2115,2025-04-05,611.49348,20460.626,5,0.4386109962794543,0.0,1.0,Fear,30
0xb899e522b5715391ae1d4f137653e7906c5e2115,2025-04-06,254.093244,19103.7724,25,0.4386109962794543,0.32,0.68,Fear,34
0xb899e522b5715391ae1d4f137653e7906c5e2115,2025-04-07,1291.1500099999998,23639.45185840708,113,0.4386109962794543,0.6371681415929203,0.36283185840707965,Extreme Fear,23
0xb899e522b5715391ae1d4f137653e7906c5e2115,2025-04-08,936.6942779999999,27027.108770053474,187,0.4386109962794543,0.32085561497326204,0.679144385026738,Extreme Fear,24
0xb899e522b5715391ae1d4f137653e7906c5e2115,2025-04-09,6800.812401,27989.12873873874,222,0.4386109962794543,0.49099099099099097,0.509009009009009,Extreme Fear,18
0xb899e522b5715391ae1d4f137653e7906c5e2115,2025-04-10,-117.61638999999997,27220.127586206894,116,0.4386109962794543,0.43103448275862066,0.5689655172413793,Fear,39
0xb899e522b5715391ae1d4f137653e7906c5e2115,2025-04-11,-482.407981,40357.236015625,128,0.4386109962794543,0.46875,0.53125,Fear,25
0xb899e522b5715391ae1d4f137653e7906c5e2115,2025-04-12,50.56792,23303.475714285716,7,0.4386109962794543,0.5714285714285714,0.42857142857142855,Fear,43
0xb899e522b5715391ae1d4f137653e7906c5e2115,2025-04-13,1097.533742,10551.1865,20,0.4386109962794543,0.15,0.85,Neutral,45
0xb899e522b5715391ae1d4f137653e7906c5e2115,2025-04-15,554.38798,35885.474642857145,28,0.4386109962794543,0.2857142857142857,0.7142857142857143,Fear,38
0xbaaaf6571ab7d571043ff1e313a9609a10637864,2024-12-28,-0.06076,86.5075,4,0.46758210645526616,0.5,0.5,Greed,72
0xbaaaf6571ab7d571043ff1e313a9609a10637864,2025-02-19,31.42038,4940.588512396694,121,0.46758210645526616,0.9834710743801653,0.01652892561983471,Fear,44
0xbaaaf6571ab7d571043ff1e313a9609a10637864,2025-02-20,35262.804627,3421.6945405405404,185,0.46758210645526616,0.0,1.0,Neutral,49
0xbaaaf6571ab7d571043ff1e313a9609a10637864,2025-02-24,22037.667762,1645.9218834190547,4083,0.46758210645526616,0.553269654665687,0.446730345334313,Neutral,49
0xbaaaf6571ab7d571043ff1e313a9609a10637864,2025-02-25,5672.328492,3167.5804404617256,3292,0.46758210645526616,0.8125759416767923,0.18742405832320777,Fear,25
0xbaaaf6571ab7d571043ff1e313a9609a10637864,2025-02-26,23589.520054,7136.707680851064,470,0.46758210645526616,0.0,1.0,Extreme Fear,21
0xbaaaf6571ab7d571043ff1e313a9609a10637864,2025-03-04,0.0,6625.281438721137,563,0.46758210645526616,1.0,0.0,Extreme Fear,15
0xbaaaf6571ab7d571043ff1e313a9609a10637864,2025-03-05,229058.684298,4677.476866734486,983,0.46758210645526616,0.08646998982706001,0.91353001017294,Extreme Fear,20
0xbaaaf6571ab7d571043ff1e313a9609a10637864,2025-03-06,0.0,9899.837042253523,71,0.46758210645526616,1.0,0.0,Fear,25
0xbaaaf6571ab7d571043ff1e313a9609a10637864,2025-03-07,87405.926823,4768.31558504222,829,0.46758210645526616,0.31966224366706875,0.6803377563329313,Fear,34
0xbaaaf6571ab7d571043ff1e313a9609a10637864,2025-03-09,10.184488,1697.1225531914893,47,0.46758210645526616,0.8297872340425532,0.1702127659574468,Fear,27
0xbaaaf6571ab7d571043ff1e313a9609a10637864,2025-03-10,5832.316116,5033.190044977511,667,0.46758210645526616,0.6881559220389805,0.3118440779610195,Extreme Fear,20
0xbaaaf6571ab7d571043ff1e313a9609a10637864,2025-03-11,1058.58,2186.8561296184134,1651,0.46758210645526616,0.9533615990308903,0.04663840096910963,Extreme Fear,24
0xbaaaf6571ab7d571043ff1e313a9609a10637864,2025-03-12,289639.089112,3118.5291555215895,2617,0.46758210645526616,0.3473442873519297,0.6526557126480703,Fear,34
0xbaaaf6571ab7d571043ff1e313a9609a10637864,2025-03-13,66.447417,22791.99,1,0.46758210645526616,0.0,1.0,Neutral,45
0xbaaaf6571ab7d571043ff1e313a9609a10637864,2025-03-14,16591.266757,2140.244061371841,1662,0.46758210645526616,0.11070998796630566,0.8892900120336944,Fear,27
0xbaaaf6571ab7d571043ff1e313a9609a10637864,2025-03-27,18422.612928,5352.478163265307,147,0.46758210645526616,0.8027210884353742,0.19727891156462585,Fear,40
0xbaaaf6571ab7d571043ff1e313a9609a10637864,2025-03-28,0.0,1783.29622754491,167,0.46758210645526616,1.0,0.0,Fear,44
0xbaaaf6571ab7d571043ff1e313a9609a10637864,2025-03-29,720.749699,2584.3467833333334,600,0.46758210645526616,0.59,0.41,Fear,26
0xbaaaf6571ab7d571043ff1e313a9609a10637864,2025-03-30,0.0,3000.0830508474573,354,0.46758210645526616,1.0,0.0,Fear,32
0xbaaaf6571ab7d571043ff1e313a9609a10637864,2025-03-31,0.0,8569.022424242425,33,0.46758210645526616,1.0,0.0,Fear,34
0xbaaaf6571ab7d571043ff1e313a9609a10637864,2025-04-02,188114.980392,3804.6953432032305,743,0.46758210645526616,0.0,1.0,Fear,44
0xbaaaf6571ab7d571043ff1e313a9609a10637864,2025-04-03,3869.208803,4677.174855923159,937,0.46758210645526616,0.46851654215581645,0.5314834578441836,Fear,25
0xbaaaf6571ab7d571043ff1e313a9609a10637864,2025-04-04,9367.872074,2198.7353773584905,318,0.46758210645526616,0.31446540880503143,0.6855345911949685,Fear,28
0xbaaaf6571ab7d571043ff1e313a9609a10637864,2025-04-06,1026.735896,2739.437655310621,499,0.46758210645526616,0.655310621242485,0.34468937875751504,Fear,34
0xbaaaf6571ab7d571043ff1e313a9609a10637864,2025-04-07,2378.877324,8733.045479452056,146,0.46758210645526616,0.678082191780822,0.3219178082191781,Extreme Fear,23
0xbaaaf6571ab7d571043ff1e313a9609a10637864,2025-04-30,4.733218,10.14,1,0.46758210645526616,0.0,1.0,Greed,56
0xbaaaf6571ab7d571043ff1e313a9609a10637864,2025-05-01,1.86032,3.9,1,0.46758210645526616,0.0,1.0,Neutral,53
0xbd5fead7180a9c139fa51a103cb6a2ce86ddb5c3,2024-12-10,0.0,2798.660769230769,52,0.32752745172283226,0.0,1.0,Extreme Greed,78
0xbd5fead7180a9c139fa51a103cb6a2ce86ddb5c3,2024-12-11,0.0,637.4164705882353,17,0.32752745172283226,0.0,1.0,Greed,74
0xbd5fead7180a9c139fa51a103cb6a2ce86ddb5c3,2024-12-12,0.0,5158.5,1,0.32752745172283226,0.0,1.0,Extreme Greed,83
0xbd5fead7180a9c139fa51a103cb6a2ce86ddb5c3,2024-12-15,0.0,1122.5670689655171,58,0.32752745172283226,0.0,1.0,Extreme Greed,80
0xbd5fead7180a9c139fa51a103cb6a2ce86ddb5c3,2024-12-16,0.0,663.0799999999999,4,0.32752745172283226,0.0,1.0,Extreme Greed,83
0xbd5fead7180a9c139fa51a103cb6a2ce86ddb5c3,2024-12-17,0.0,1744.65,2,0.32752745172283226,0.0,1.0,Extreme Greed,87
0xbd5fead7180a9c139fa51a103cb6a2ce86ddb5c3,2024-12-18,0.0,2207.8585714285714,14,0.32752745172283226,0.0,1.0,Extreme Greed,81
0xbd5fead7180a9c139fa51a103cb6a2ce86ddb5c3,2024-12-19,-128.0,6080.864864864865,37,0.32752745172283226,0.21621621621621623,0.7837837837837838,Extreme Greed,75
0xbd5fead7180a9c139fa51a103cb6a2ce86ddb5c3,2024-12-20,11799.68,2843.038636363636,66,0.32752745172283226,0.6212121212121212,0.3787878787878788,Greed,74
0xbd5fead7180a9c139fa51a103cb6a2ce86ddb5c3,2024-12-23,0.0,3216.5875,16,0.32752745172283226,0.0,1.0,Greed,70
0xbd5fead7180a9c139fa51a103cb6a2ce86ddb5c3,2024-12-24,0.0,1070.0,10,0.32752745172283226,0.0,1.0,Greed,73
0xbd5fead7180a9c139fa51a103cb6a2ce86ddb5c3,2024-12-29,0.0,2453.2941025641026,39,0.32752745172283226,0.0,1.0,Greed,73
0xbd5fead7180a9c139fa51a103cb6a2ce86ddb5c3,2025-01-03,0.0,1834.7278688524589,61,0.32752745172283226,0.0,1.0,Greed,74
0xbd5fead7180a9c139fa51a103cb6a2ce86ddb5c3,2025-01-08,1023.27508,1200.6454545454546,22,0.32752745172283226,0.9545454545454546,0.045454545454545456,Greed,70
0xbd5fead7180a9c139fa51a103cb6a2ce86ddb5c3,2025-01-14,0.0,1589.0237499999998,8,0.32752745172283226,0.0,1.0,Greed,63
0xbd5fead7180a9c139fa51a103cb6a2ce86ddb5c3,2025-01-15,0.0,1128.8333333333333,3,0.32752745172283226,0.0,1.0,Greed,70
0xbd5fead7180a9c139fa51a103cb6a2ce86ddb5c3,2025-01-16,0.0,910.4933333333333,3,0.32752745172283226,0.0,1.0,Extreme Greed,75
0xbd5fead7180a9c139fa51a103cb6a2ce86ddb5c3,2025-01-17,0.0,1519.4399999999998,3,0.32752745172283226,0.0,1.0,Extreme Greed,75
0xbd5fead7180a9c139fa51a103cb6a2ce86ddb5c3,2025-01-18,-10750.654828,7729.219166666667,12,0.32752745172283226,0.5833333333333334,0.4166666666666667,Extreme Greed,77
0xbd5fead7180a9c139fa51a103cb6a2ce86ddb5c3,2025-01-19,-7963.5855,2508.4396666666667,30,0.32752745172283226,0.4,0.6,Extreme Greed,77
0xbd5fead7180a9c139fa51a103cb6a2ce86ddb5c3,2025-01-20,24895.400898,4336.907878787879,33,0.32752745172283226,0.7878787878787878,0.21212121212121213,Extreme Greed,76
0xbd5fead7180a9c139fa51a103cb6a2ce86ddb5c3,2025-01-27,20428.824,2342.7495652173916,23,0.32752745172283226,1.0,0.0,Greed,71
0xbd5fead7180a9c139fa51a103cb6a2ce86ddb5c3,2025-01-31,0.0,1589.025081967213,61,0.32752745172283226,0.0,1.0,Extreme Greed,76
0xbd5fead7180a9c139fa51a103cb6a2ce86ddb5c3,2025-02-03,160022.95082600001,3243.988695652174,69,0.32752745172283226,1.0,0.0,Fear,44
0xbd5fead7180a9c139fa51a103cb6a2ce86ddb5c3,2025-02-04,0.0,3777.777777777778,18,0.32752745172283226,0.0,1.0,Greed,72
0xbd5fead7180a9c139fa51a103cb6a2ce86ddb5c3,2025-02-06,-24500.0,18423.076923076922,13,0.32752745172283226,0.9230769230769231,0.07692307692307693,Neutral,49
0xbd5fead7180a9c139fa51a103cb6a2ce86ddb5c3,2025-02-09,0.0,625.8133333333334,3,0.32752745172283226,0.0,1.0,Neutral,46
0xbd5fead7180a9c139fa51a103cb6a2ce86ddb5c3,2025-02-10,0.0,591.3531818181818,22,0.32752745172283226,0.0,1.0,Fear,43
0xbd5fead7180a9c139fa51a103cb6a2ce86ddb5c3,2025-02-15,0.0,805.4399999999999,4,0.32752745172283226,0.0,1.0,Neutral,50
0xbd5fead7180a9c139fa51a103cb6a2ce86ddb5c3,2025-02-21,0.0,4675.215454545454,33,0.32752745172283226,0.18181818181818182,0.8181818181818182,Greed,55
0xbd5fead7180a9c139fa51a103cb6a2ce86ddb5c3,2025-02-22,15074.26913,7487.178405797102,138,0.32752745172283226,0.6231884057971014,0.37681159420289856,Neutral,49
0xbd5fead7180a9c139fa51a103cb6a2ce86ddb5c3,2025-02-23,0.0,2502.296301369863,73,0.32752745172283226,0.0,1.0,Neutral,50
0xbd5fead7180a9c139fa51a103cb6a2ce86ddb5c3,2025-02-24,0.0,1796.1407142857145,28,0.32752745172283226,0.03571428571428571,0.9642857142857143,Neutral,49
0xbd5fead7180a9c139fa51a103cb6a2ce86ddb5c3,2025-02-25,3859.44,2181.2564285714284,28,0.32752745172283226,0.6071428571428571,0.39285714285714285,Fear,25
0xbd5fead7180a9c139fa51a103cb6a2ce86ddb5c3,2025-02-26,-871.1949999999999,3619.3485714285716,42,0.32752745172283226,0.14285714285714285,0.8571428571428571,Extreme Fear,21
0xbd5fead7180a9c139fa51a103cb6a2ce86ddb5c3,2025-02-27,-48309.11776,8859.279777777778,90,0.32752745172283226,0.05555555555555555,0.9444444444444444,Extreme Fear,10
0xbd5fead7180a9c139fa51a103cb6a2ce86ddb5c3,2025-02-28,67673.757678,8249.914915254238,59,0.32752745172283226,1.0,0.0,Extreme Fear,16
0xbd5fead7180a9c139fa51a103cb6a2ce86ddb5c3,2025-03-02,-2632.65866,12216.244880952381,84,0.32752745172283226,1.0,0.0,Fear,26
0xbd5fead7180a9c139fa51a103cb6a2ce86ddb5c3,2025-03-03,57561.35367,8611.731764705883,136,0.32752745172283226,0.5514705882352942,0.4485294117647059,Fear,33
0xbd5fead7180a9c139fa51a103cb6a2ce86ddb5c3,2025-03-04,0.0,86000.0,2,0.32752745172283226,1.0,0.0,Extreme Fear,15
0xbd5fead7180a9c139fa51a103cb6a2ce86ddb5c3,2025-03-05,3677.4,22375.0,8,0.32752745172283226,0.0,1.0,Extreme Fear,20
0xbd5fead7180a9c139fa51a103cb6a2ce86ddb5c3,2025-03-06,0.0,2433.409375,16,0.32752745172283226,0.1875,0.8125,Fear,25
0xbd5fead7180a9c139fa51a103cb6a2ce86ddb5c3,2025-03-07,43861.966536,9958.719795918369,147,0.32752745172283226,0.7891156462585034,0.2108843537414966,Fear,34
0xbd5fead7180a9c139fa51a103cb6a2ce86ddb5c3,2025-03-08,5836.8743,1318.431388888889,36,0.32752745172283226,1.0,0.0,Fear,28
0xbd5fead7180a9c139fa51a103cb6a2ce86ddb5c3,2025-03-11,0.0,4591.028571428572,7,0.32752745172283226,0.0,1.0,Extreme Fear,24
0xbd5fead7180a9c139fa51a103cb6a2ce86ddb5c3,2025-03-12,-15387.62119,24693.342631578947,57,0.32752745172283226,0.8245614035087719,0.17543859649122806,Fear,34
0xbd5fead7180a9c139fa51a103cb6a2ce86ddb5c3,2025-03-18,-120.432,17589.48851851852,27,0.32752745172283226,0.6296296296296297,0.37037037037037035,Fear,34
0xbd5fead7180a9c139fa51a103cb6a2ce86ddb5c3,2025-03-19,0.0,4414.302692307692,26,0.32752745172283226,0.6923076923076923,0.3076923076923077,Fear,32
0xbd5fead7180a9c139fa51a103cb6a2ce86ddb5c3,2025-03-26,0.0,32793.78333333333,3,0.32752745172283226,0.6666666666666666,0.3333333333333333,Neutral,47
0xbd5fead7180a9c139fa51a103cb6a2ce86ddb5c3,2025-03-27,0.0,24814.283809523808,21,0.32752745172283226,1.0,0.0,Fear,40
0xbd5fead7180a9c139fa51a103cb6a2ce86ddb5c3,2025-03-31,-8320.5,138666.66666666666,3,0.32752745172283226,0.0,1.0,Fear,34
0xbd5fead7180a9c139fa51a103cb6a2ce86ddb5c3,2025-04-01,-9311.892185,5608.603928571429,28,0.32752745172283226,0.7142857142857143,0.2857142857142857,Fear,34
0xbd5fead7180a9c139fa51a103cb6a2ce86ddb5c3,2025-04-02,2676.6850000000004,2821.9739393939394,66,0.32752745172283226,0.0,1.0,Fear,44
0xbd5fead7180a9c139fa51a103cb6a2ce86ddb5c3,2025-04-03,-5862.0887760000005,7051.005833333334,12,0.32752745172283226,1.0,0.0,Fear,25
0xbd5fead7180a9c139fa51a103cb6a2ce86ddb5c3,2025-04-04,-43753.361578,5448.201969696969,132,0.32752745172283226,0.18181818181818182,0.8181818181818182,Fear,28
0xbd5fead7180a9c139fa51a103cb6a2ce86ddb5c3,2025-04-07,51942.142881,15608.295185185187,108,0.32752745172283226,0.5277777777777778,0.4722222222222222,Extreme Fear,23
0xbd5fead7180a9c139fa51a103cb6a2ce86ddb5c3,2025-04-09,-36400.46439,5228.704647887324,71,0.32752745172283226,1.0,0.0,Extreme Fear,18
0xbd5fead7180a9c139fa51a103cb6a2ce86ddb5c3,2025-04-10,19858.73334,2053.538692307692,130,0.32752745172283226,0.2153846153846154,0.7846153846153846,Fear,39
0xbd5fead7180a9c139fa51a103cb6a2ce86ddb5c3,2025-04-12,0.0,53073.62666666667,24,0.32752745172283226,1.0,0.0,Fear,43
0xbd5fead7180a9c139fa51a103cb6a2ce86ddb5c3,2025-04-13,32724.19729,24908.65857142857,35,0.32752745172283226,0.0,1.0,Neutral,45
0xbd5fead7180a9c139fa51a103cb6a2ce86ddb5c3,2025-04-14,0.0,985.0413725490196,51,0.32752745172283226,0.9215686274509803,0.0784313725490196,Fear,31
0xbd5fead7180a9c139fa51a103cb6a2ce86ddb5c3,2025-04-15,18951.678454,23060.654814814818,27,0.32752745172283226,0.0,1.0,Fear,38
0xbd5fead7180a9c139fa51a103cb6a2ce86ddb5c3,2025-04-16,9556.6,17059.466,15,0.32752745172283226,0.0,1.0,Fear,29
0xbd5fead7180a9c139fa51a103cb6a2ce86ddb5c3,2025-04-17,0.0,1086.4290909090907,11,0.32752745172283226,0.0,1.0,Fear,30
0xbd5fead7180a9c139fa51a103cb6a2ce86ddb5c3,2025-04-19,0.0,8027.694615384616,13,0.32752745172283226,0.0,1.0,Fear,32
0xbd5fead7180a9c139fa51a103cb6a2ce86ddb5c3,2025-04-23,-2993.575225,1538.6438235294117,34,0.32752745172283226,0.4117647058823529,0.5882352941176471,Greed,72
0xbd5fead7180a9c139fa51a103cb6a2ce86ddb5c3,2025-05-01,-113601.02013799999,16681.46775862069,116,0.32752745172283226,0.6551724137931034,0.3448275862068966,Neutral,53
0xbee1707d6b44d4d52bfe19e41f8a828645437aab,2024-12-08,15206.395076,3401.4840217391306,92,0.428230141349791,0.16304347826086957,0.8369565217391305,Extreme Greed,79
0xbee1707d6b44d4d52bfe19e41f8a828645437aab,2024-12-09,2397.068675,3120.5087412587413,143,0.428230141349791,0.9370629370629371,0.06293706293706294,Extreme Greed,78
0xbee1707d6b44d4d52bfe19e41f8a828645437aab,2024-12-10,26600.990442,1859.9979202586208,928,0.428230141349791,0.23706896551724138,0.7629310344827587,Extreme Greed,78
0xbee1707d6b44d4d52bfe19e41f8a828645437aab,2024-12-11,24663.690943,1207.490075471698,530,0.428230141349791,0.020754716981132074,0.9792452830188679,Greed,74
0xbee1707d6b44d4d52bfe19e41f8a828645437aab,2024-12-12,130826.491662,2596.416272814601,1041,0.428230141349791,0.16042267050912584,0.8395773294908742,Extreme Greed,83
0xbee1707d6b44d4d52bfe19e41f8a828645437aab,2024-12-13,9405.233313,2702.6475451263536,277,0.428230141349791,0.7509025270758123,0.2490974729241877,Extreme Greed,76
0xbee1707d6b44d4d52bfe19e41f8a828645437aab,2024-12-14,1294.450646,6203.194285714286,70,0.428230141349791,0.9428571428571428,0.05714285714285714,Extreme Greed,83
0xbee1707d6b44d4d52bfe19e41f8a828645437aab,2024-12-15,1703.2571850000002,2227.3388888888894,9,0.428230141349791,0.7777777777777778,0.2222222222222222,Extreme Greed,80
0xbee1707d6b44d4d52bfe19e41f8a828645437aab,2024-12-16,126852.290809,4090.4684897959187,245,0.428230141349791,0.5265306122448979,0.47346938775510206,Extreme Greed,83
0xbee1707d6b44d4d52bfe19e41f8a828645437aab,2024-12-17,128648.384642,3056.9325000000003,476,0.428230141349791,0.43487394957983194,0.5651260504201681,Extreme Greed,87
0xbee1707d6b44d4d52bfe19e41f8a828645437aab,2024-12-18,2139.192941,2279.296023391813,342,0.428230141349791,0.3128654970760234,0.6871345029239766,Extreme Greed,81
0xbee1707d6b44d4d52bfe19e41f8a828645437aab,2024-12-19,27888.195088,2272.286083815029,2076,0.428230141349791,0.24036608863198458,0.7596339113680154,Extreme Greed,75
0xbee1707d6b44d4d52bfe19e41f8a828645437aab,2024-12-20,139628.47633,2917.238474980143,1259,0.428230141349791,0.41223193010325654,0.5877680698967435,Greed,74
0xbee1707d6b44d4d52bfe19e41f8a828645437aab,2024-12-21,103460.844587,3172.574695652174,805,0.428230141349791,0.3130434782608696,0.6869565217391305,Greed,73
0xbee1707d6b44d4d52bfe19e41f8a828645437aab,2024-12-22,19694.301887,5072.932685185185,108,0.428230141349791,0.25,0.75,Greed,73
0xbee1707d6b44d4d52bfe19e41f8a828645437aab,2024-12-23,-76194.26162399999,3278.057968960864,1482,0.428230141349791,0.3535762483130904,0.6464237516869096,Greed,70
0xbee1707d6b44d4d52bfe19e41f8a828645437aab,2024-12-24,-5527.285214,3502.3662962962962,81,0.428230141349791,0.5061728395061729,0.49382716049382713,Greed,73
0xbee1707d6b44d4d52bfe19e41f8a828645437aab,2024-12-25,-1059.724367,5163.3108571428575,35,0.428230141349791,0.9142857142857143,0.08571428571428572,Greed,73
0xbee1707d6b44d4d52bfe19e41f8a828645437aab,2024-12-26,3103.720794,4189.758931750742,337,0.428230141349791,0.44510385756676557,0.5548961424332344,Extreme Greed,79
0xbee1707d6b44d4d52bfe19e41f8a828645437aab,2024-12-27,0.0,0.06,1,0.428230141349791,0.0,1.0,Greed,74
0xbee1707d6b44d4d52bfe19e41f8a828645437aab,2025-01-10,0.0,2999.81,2,0.428230141349791,1.0,0.0,Neutral,50
0xbee1707d6b44d4d52bfe19e41f8a828645437aab,2025-01-11,65.42769200000001,1165.4522222222222,9,0.428230141349791,0.7777777777777778,0.2222222222222222,Greed,69
0xbee1707d6b44d4d52bfe19e41f8a828645437aab,2025-01-13,0.0,1488.3963636363637,11,0.428230141349791,1.0,0.0,Greed,61
0xbee1707d6b44d4d52bfe19e41f8a828645437aab,2025-01-14,5103.198502,1344.250895522388,67,0.428230141349791,0.373134328358209,0.6268656716417911,Greed,63
0xbee1707d6b44d4d52bfe19e41f8a828645437aab,2025-01-15,66.63180299999999,908.50375,8,0.428230141349791,0.625,0.375,Greed,70
0xbee1707d6b44d4d52bfe19e41f8a828645437aab,2025-01-16,0.0,1587.855,2,0.428230141349791,1.0,0.0,Extreme Greed,75
0xbee1707d6b44d4d52bfe19e41f8a828645437aab,2025-01-17,77.26888,1463.1599999999999,7,0.428230141349791,0.5714285714285714,0.42857142857142855,Extreme Greed,75
0xbee1707d6b44d4d52bfe19e41f8a828645437aab,2025-01-18,0.0,2035.5961538461538,13,0.428230141349791,1.0,0.0,Extreme Greed,77
0xbee1707d6b44d4d52bfe19e41f8a828645437aab,2025-01-19,512.9694489999999,983.9131034482758,29,0.428230141349791,0.10344827586206896,0.896551724137931,Extreme Greed,77
0xbee1707d6b44d4d52bfe19e41f8a828645437aab,2025-01-20,-4968.452873,791.7238219895288,191,0.428230141349791,0.5549738219895288,0.44502617801047123,Extreme Greed,76
0xbee1707d6b44d4d52bfe19e41f8a828645437aab,2025-01-21,1343.189535,721.1088000000001,50,0.428230141349791,0.16,0.84,Extreme Greed,76
0xbee1707d6b44d4d52bfe19e41f8a828645437aab,2025-01-22,554.298224,767.0084615384616,13,0.428230141349791,0.3076923076923077,0.6923076923076923,Extreme Greed,84
0xbee1707d6b44d4d52bfe19e41f8a828645437aab,2025-01-23,-133.631755,989.034375,16,0.428230141349791,0.3125,0.6875,Extreme Greed,75
0xbee1707d6b44d4d52bfe19e41f8a828645437aab,2025-01-24,2109.118305,921.5711904761904,84,0.428230141349791,0.4523809523809524,0.5476190476190477,Extreme Greed,75
0xbee1707d6b44d4d52bfe19e41f8a828645437aab,2025-01-25,107.54725099999999,742.9863636363636,33,0.428230141349791,0.9090909090909091,0.09090909090909091,Extreme Greed,75
0xbee1707d6b44d4d52bfe19e41f8a828645437aab,2025-01-26,1012.208613,1029.6403703703704,27,0.428230141349791,0.5185185185185185,0.48148148148148145,Greed,73
0xbee1707d6b44d4d52bfe19e41f8a828645437aab,2025-01-27,-220.548198,1004.7960714285715,56,0.428230141349791,0.6785714285714286,0.32142857142857145,Greed,71
0xbee1707d6b44d4d52bfe19e41f8a828645437aab,2025-01-28,6959.984986,1173.1775206611571,121,0.428230141349791,0.3140495867768595,0.6859504132231405,Greed,72
0xbee1707d6b44d4d52bfe19e41f8a828645437aab,2025-01-29,1193.2639530000001,967.4096052631579,76,0.428230141349791,0.27631578947368424,0.7236842105263158,Greed,72
0xbee1707d6b44d4d52bfe19e41f8a828645437aab,2025-01-30,1072.220367,1278.6088059701492,268,0.428230141349791,0.47761194029850745,0.5223880597014925,Greed,70
0xbee1707d6b44d4d52bfe19e41f8a828645437aab,2025-01-31,3143.489896,1556.0202409638553,249,0.428230141349791,0.570281124497992,0.42971887550200805,Extreme Greed,76
0xbee1707d6b44d4d52bfe19e41f8a828645437aab,2025-02-01,2954.521713,1204.9785026737968,187,0.428230141349791,0.39037433155080214,0.6096256684491979,Greed,68
0xbee1707d6b44d4d52bfe19e41f8a828645437aab,2025-02-02,-329.680689,1839.5793129770993,131,0.428230141349791,0.5572519083969466,0.44274809160305345,Greed,60
0xbee1707d6b44d4d52bfe19e41f8a828645437aab,2025-02-03,5803.573999,1758.0771384615382,325,0.428230141349791,0.38769230769230767,0.6123076923076923,Fear,44
0xbee1707d6b44d4d52bfe19e41f8a828645437aab,2025-02-04,806.765131,1351.8856048387097,248,0.428230141349791,0.39919354838709675,0.6008064516129032,Greed,72
0xbee1707d6b44d4d52bfe19e41f8a828645437aab,2025-02-05,713.82809,3668.815,14,0.428230141349791,0.7857142857142857,0.21428571428571427,Neutral,54
0xbee1707d6b44d4d52bfe19e41f8a828645437aab,2025-02-06,1212.452697,1363.3675862068965,29,0.428230141349791,0.7586206896551724,0.2413793103448276,Neutral,49
0xbee1707d6b44d4d52bfe19e41f8a828645437aab,2025-02-07,2631.225181,2059.84464,125,0.428230141349791,0.6,0.4,Fear,44
0xbee1707d6b44d4d52bfe19e41f8a828645437aab,2025-02-08,-189.463436,2671.7584615384617,13,0.428230141349791,0.0,1.0,Fear,44
0xbee1707d6b44d4d52bfe19e41f8a828645437aab,2025-02-09,204.72190899999998,1334.912142857143,56,0.428230141349791,0.625,0.375,Neutral,46
0xbee1707d6b44d4d52bfe19e41f8a828645437aab,2025-02-10,3796.008199,1484.4517857142857,140,0.428230141349791,0.35,0.65,Fear,43
0xbee1707d6b44d4d52bfe19e41f8a828645437aab,2025-02-11,1901.6318190000002,1947.8190384615384,52,0.428230141349791,0.6538461538461539,0.34615384615384615,Neutral,47
0xbee1707d6b44d4d52bfe19e41f8a828645437aab,2025-02-12,1747.1899090000002,1623.5340845070423,71,0.428230141349791,0.36619718309859156,0.6338028169014085,Neutral,46
0xbee1707d6b44d4d52bfe19e41f8a828645437aab,2025-02-13,5096.967096,1561.7910256410255,156,0.428230141349791,0.42948717948717946,0.5705128205128205,Neutral,50
0xbee1707d6b44d4d52bfe19e41f8a828645437aab,2025-02-14,-1818.156466,1363.292951807229,166,0.428230141349791,0.3795180722891566,0.6204819277108434,Neutral,48
0xbee1707d6b44d4d52bfe19e41f8a828645437aab,2025-02-15,3822.79759,1798.402076923077,130,0.428230141349791,0.7,0.3,Neutral,50
0xbee1707d6b44d4d52bfe19e41f8a828645437aab,2025-02-16,321.733978,1193.8803703703704,54,0.428230141349791,0.2037037037037037,0.7962962962962963,Neutral,54
0xbee1707d6b44d4d52bfe19e41f8a828645437aab,2025-02-17,111.69658399999999,1591.1465562913907,151,0.428230141349791,0.4966887417218543,0.5033112582781457,Neutral,51
0xbee1707d6b44d4d52bfe19e41f8a828645437aab,2025-02-18,3935.153067,1823.6225390625,512,0.428230141349791,0.44140625,0.55859375,Neutral,47
0xbee1707d6b44d4d52bfe19e41f8a828645437aab,2025-02-19,5930.986467,1708.6227586206896,406,0.428230141349791,0.4211822660098522,0.5788177339901478,Fear,44
0xbee1707d6b44d4d52bfe19e41f8a828645437aab,2025-02-20,819.221222,1142.087962962963,162,0.428230141349791,0.4382716049382716,0.5617283950617284,Neutral,49
0xbee1707d6b44d4d52bfe19e41f8a828645437aab,2025-02-21,4483.141317,1669.3589019607844,255,0.428230141349791,0.4392156862745098,0.5607843137254902,Greed,55
0xbee1707d6b44d4d52bfe19e41f8a828645437aab,2025-02-22,1391.928432,1097.3101666666666,60,0.428230141349791,0.43333333333333335,0.5666666666666667,Neutral,49
0xbee1707d6b44d4d52bfe19e41f8a828645437aab,2025-02-23,383.135241,2283.7915555555555,45,0.428230141349791,0.7111111111111111,0.28888888888888886,Neutral,50
0xbee1707d6b44d4d52bfe19e41f8a828645437aab,2025-02-24,-10373.274402000001,1398.9927284946236,744,0.428230141349791,0.45564516129032256,0.5443548387096774,Neutral,49
0xbee1707d6b44d4d52bfe19e41f8a828645437aab,2025-02-25,-23384.358492,1441.9933982947625,1642,0.428230141349791,0.4226552984165652,0.5773447015834349,Fear,25
0xbee1707d6b44d4d52bfe19e41f8a828645437aab,2025-02-26,2617.069579,1509.370609137056,394,0.428230141349791,0.5634517766497462,0.4365482233502538,Extreme Fear,21
0xbee1707d6b44d4d52bfe19e41f8a828645437aab,2025-02-27,2886.786952,1449.1966998577525,703,0.428230141349791,0.47083926031294454,0.5291607396870555,Extreme Fear,10
0xbee1707d6b44d4d52bfe19e41f8a828645437aab,2025-02-28,2642.770468,1355.6750662251654,302,0.428230141349791,0.3841059602649007,0.6158940397350994,Extreme Fear,16
0xbee1707d6b44d4d52bfe19e41f8a828645437aab,2025-03-01,446.358633,1384.9447058823528,51,0.428230141349791,0.7058823529411765,0.29411764705882354,Extreme Fear,20
0xbee1707d6b44d4d52bfe19e41f8a828645437aab,2025-03-02,2576.6453030000002,1921.2604901960785,102,0.428230141349791,0.3137254901960784,0.6862745098039216,Fear,26
0xbee1707d6b44d4d52bfe19e41f8a828645437aab,2025-03-03,2448.046511,1970.5965753424655,73,0.428230141349791,0.7671232876712328,0.2328767123287671,Fear,33
0xbee1707d6b44d4d52bfe19e41f8a828645437aab,2025-03-04,-4934.6700519999995,1496.3304392236976,979,0.428230141349791,0.4902962206332993,0.5097037793667007,Extreme Fear,15
0xbee1707d6b44d4d52bfe19e41f8a828645437aab,2025-03-05,12814.770318,1811.146831683168,202,0.428230141349791,0.4504950495049505,0.5495049504950495,Extreme Fear,20
0xbee1707d6b44d4d52bfe19e41f8a828645437aab,2025-03-06,601.486585,1406.2047727272727,88,0.428230141349791,0.6022727272727273,0.3977272727272727,Fear,25
0xbee1707d6b44d4d52bfe19e41f8a828645437aab,2025-03-07,9142.064849,1885.9940930979135,623,0.428230141349791,0.48796147672552165,0.5120385232744783,Fear,34
0xbee1707d6b44d4d52bfe19e41f8a828645437aab,2025-03-08,2219.262399,1190.7070895522388,134,0.428230141349791,0.6119402985074627,0.3880597014925373,Fear,28
0xbee1707d6b44d4d52bfe19e41f8a828645437aab,2025-03-09,805.6551000000001,1607.242191011236,178,0.428230141349791,0.7528089887640449,0.24719101123595505,Fear,27
0xbee1707d6b44d4d52bfe19e41f8a828645437aab,2025-03-10,9791.668235,1381.5543347338937,1428,0.428230141349791,0.40826330532212884,0.5917366946778712,Extreme Fear,20
0xbee1707d6b44d4d52bfe19e41f8a828645437aab,2025-03-11,-136.41741799999994,1225.6175075075075,333,0.428230141349791,0.3843843843843844,0.6156156156156156,Extreme Fear,24
0xbee1707d6b44d4d52bfe19e41f8a828645437aab,2025-03-12,8096.937709,1791.739095840868,553,0.428230141349791,0.40325497287522605,0.596745027124774,Fear,34
0xbee1707d6b44d4d52bfe19e41f8a828645437aab,2025-03-13,5090.880874,1461.4744347826086,690,0.428230141349791,0.4144927536231884,0.5855072463768116,Neutral,45
0xbee1707d6b44d4d52bfe19e41f8a828645437aab,2025-03-14,-49.67229100000003,1729.6968478260867,92,0.428230141349791,0.5217391304347826,0.4782608695652174,Fear,27
0xbee1707d6b44d4d52bfe19e41f8a828645437aab,2025-03-15,1764.258791,1705.1933333333334,75,0.428230141349791,0.68,0.32,Neutral,46
0xbee1707d6b44d4d52bfe19e41f8a828645437aab,2025-03-16,5.068941999999993,1426.0048453608247,97,0.428230141349791,0.979381443298969,0.020618556701030927,Fear,30
0xbee1707d6b44d4d52bfe19e41f8a828645437aab,2025-03-17,390.08642000000003,1349.2339834024897,241,0.428230141349791,0.4979253112033195,0.5020746887966805,Fear,32
0xbee1707d6b44d4d52bfe19e41f8a828645437aab,2025-03-18,1930.871511,1325.5640225563911,266,0.428230141349791,0.46616541353383456,0.5338345864661654,Fear,34
0xbee1707d6b44d4d52bfe19e41f8a828645437aab,2025-03-19,5253.432742,1873.024300341297,879,0.428230141349791,0.45164960182025027,0.5483503981797497,Fear,32
0xbee1707d6b44d4d52bfe19e41f8a828645437aab,2025-03-20,-682.2653320000001,1533.3633215547704,283,0.428230141349791,0.519434628975265,0.48056537102473496,Neutral,49
0xbee1707d6b44d4d52bfe19e41f8a828645437aab,2025-03-21,4866.15672,1152.8391272727274,550,0.428230141349791,0.49636363636363634,0.5036363636363637,Fear,31
0xbee1707d6b44d4d52bfe19e41f8a828645437aab,2025-03-22,1637.832293,1502.8190988372094,344,0.428230141349791,0.4011627906976744,0.5988372093023255,Fear,32
0xbee1707d6b44d4d52bfe19e41f8a828645437aab,2025-03-23,882.848973,972.4924719101124,178,0.428230141349791,0.9044943820224719,0.09550561797752809,Fear,30
0xbee1707d6b44d4d52bfe19e41f8a828645437aab,2025-03-24,7122.965048,1389.18776,500,0.428230141349791,0.304,0.696,Neutral,45
0xbee1707d6b44d4d52bfe19e41f8a828645437aab,2025-03-25,1256.867824,1210.40545751634,306,0.428230141349791,0.5359477124183006,0.46405228758169936,Neutral,46
0xbee1707d6b44d4d52bfe19e41f8a828645437aab,2025-03-26,-6062.660109,1854.422602900823,2551,0.428230141349791,0.511172089376715,0.488827910623285,Neutral,47
0xbee1707d6b44d4d52bfe19e41f8a828645437aab,2025-03-27,1743.483217,1246.1119852941176,136,0.428230141349791,0.5588235294117647,0.4411764705882353,Fear,40
0xbee1707d6b44d4d52bfe19e41f8a828645437aab,2025-03-28,1841.802102,1143.3873983739836,246,0.428230141349791,0.6544715447154471,0.34552845528455284,Fear,44
0xbee1707d6b44d4d52bfe19e41f8a828645437aab,2025-03-29,-3661.1103980000003,1381.2940414507773,965,0.428230141349791,0.5212435233160622,0.47875647668393784,Fear,26
0xbee1707d6b44d4d52bfe19e41f8a828645437aab,2025-03-30,536.150767,1635.4145283018868,53,0.428230141349791,0.5094339622641509,0.49056603773584906,Fear,32
0xbee1707d6b44d4d52bfe19e41f8a828645437aab,2025-03-31,41.27745400000002,809.165061728395,81,0.428230141349791,0.024691358024691357,0.9753086419753086,Fear,34
0xbee1707d6b44d4d52bfe19e41f8a828645437aab,2025-04-01,147.445788,1226.783142857143,35,0.428230141349791,0.5142857142857142,0.4857142857142857,Fear,34
0xbee1707d6b44d4d52bfe19e41f8a828645437aab,2025-04-02,1842.839943,991.0424576271186,118,0.428230141349791,0.4491525423728814,0.5508474576271186,Fear,44
0xbee1707d6b44d4d52bfe19e41f8a828645437aab,2025-04-03,-3368.876326,1706.5415708812259,261,0.428230141349791,0.735632183908046,0.26436781609195403,Fear,25
0xbee1707d6b44d4d52bfe19e41f8a828645437aab,2025-04-04,-4513.160132,1419.9448159509202,326,0.428230141349791,0.37423312883435583,0.6257668711656442,Fear,28
0xbee1707d6b44d4d52bfe19e41f8a828645437aab,2025-04-05,1113.761229,1116.7745555555557,90,0.428230141349791,0.7,0.3,Fear,30
0xbee1707d6b44d4d52bfe19e41f8a828645437aab,2025-04-06,1828.77716,2081.839298245614,114,0.428230141349791,0.7105263157894737,0.2894736842105263,Fear,34
0xbee1707d6b44d4d52bfe19e41f8a828645437aab,2025-04-07,-9593.258137,1632.7632383419689,386,0.428230141349791,0.39378238341968913,0.6062176165803109,Extreme Fear,23
0xbee1707d6b44d4d52bfe19e41f8a828645437aab,2025-04-08,11735.32104,1521.912754491018,167,0.428230141349791,0.25149700598802394,0.7485029940119761,Extreme Fear,24
0xbee1707d6b44d4d52bfe19e41f8a828645437aab,2025-04-09,2503.69251,1143.0998507462687,134,0.428230141349791,0.20149253731343283,0.7985074626865671,Extreme Fear,18
0xbee1707d6b44d4d52bfe19e41f8a828645437aab,2025-04-10,35.58096,962.6380769230769,52,0.428230141349791,0.5769230769230769,0.4230769230769231,Fear,39
0xbee1707d6b44d4d52bfe19e41f8a828645437aab,2025-04-11,857.60294,1340.7579674796746,123,0.428230141349791,0.6341463414634146,0.36585365853658536,Fear,25
0xbee1707d6b44d4d52bfe19e41f8a828645437aab,2025-04-12,4358.599132,1530.1273615635178,307,0.428230141349791,0.3550488599348534,0.6449511400651465,Fear,43
0xbee1707d6b44d4d52bfe19e41f8a828645437aab,2025-04-13,2319.824156,1441.715028901734,346,0.428230141349791,0.4421965317919075,0.5578034682080925,Neutral,45
0xbee1707d6b44d4d52bfe19e41f8a828645437aab,2025-04-14,6100.692122,1437.8765263157893,380,0.428230141349791,0.4789473684210526,0.5210526315789473,Fear,31
0xbee1707d6b44d4d52bfe19e41f8a828645437aab,2025-04-15,920.056063,2489.536,40,0.428230141349791,0.375,0.625,Fear,38
0xbee1707d6b44d4d52bfe19e41f8a828645437aab,2025-04-16,1958.056487,1250.2118181818182,286,0.428230141349791,0.4405594405594406,0.5594405594405595,Fear,29
0xbee1707d6b44d4d52bfe19e41f8a828645437aab,2025-04-17,3359.966896,1417.4413265306123,588,0.428230141349791,0.39625850340136054,0.6037414965986394,Fear,30
0xbee1707d6b44d4d52bfe19e41f8a828645437aab,2025-04-18,2945.701617,1507.8099822064057,562,0.428230141349791,0.5765124555160143,0.4234875444839858,Fear,33
0xbee1707d6b44d4d52bfe19e41f8a828645437aab,2025-04-19,976.5105639999999,1419.0301441812564,971,0.428230141349791,0.4057672502574665,0.5942327497425335,Fear,32
0xbee1707d6b44d4d52bfe19e41f8a828645437aab,2025-04-20,807.262731,1074.8039682539682,63,0.428230141349791,0.6507936507936508,0.3492063492063492,Fear,37
0xbee1707d6b44d4d52bfe19e41f8a828645437aab,2025-04-21,711.68096,1553.0632727272728,55,0.428230141349791,0.5272727272727272,0.4727272727272727,Fear,39
0xbee1707d6b44d4d52bfe19e41f8a828645437aab,2025-04-22,1463.173211,1607.504824355972,427,0.428230141349791,0.5386416861826698,0.4613583138173302,Neutral,47
0xbee1707d6b44d4d52bfe19e41f8a828645437aab,2025-04-23,1700.638677,1806.9595136778116,329,0.428230141349791,0.5531914893617021,0.44680851063829785,Greed,72
0xbee1707d6b44d4d52bfe19e41f8a828645437aab,2025-04-24,-45.94597,3645.04,2,0.428230141349791,0.0,1.0,Greed,63
0xbee1707d6b44d4d52bfe19e41f8a828645437aab,2025-04-25,1101.511718,1040.8414935064934,154,0.428230141349791,0.42207792207792205,0.577922077922078,Greed,60
0xbee1707d6b44d4d52bfe19e41f8a828645437aab,2025-04-26,18.390524,1771.744827586207,29,0.428230141349791,1.0,0.0,Greed,65
0xbee1707d6b44d4d52bfe19e41f8a828645437aab,2025-04-27,1709.194807,2153.8593902439025,82,0.428230141349791,0.6097560975609756,0.3902439024390244,Greed,61
0xbee1707d6b44d4d52bfe19e41f8a828645437aab,2025-04-28,4008.588908,1495.5384186046513,430,0.428230141349791,0.3813953488372093,0.6186046511627907,Neutral,54
0xbee1707d6b44d4d52bfe19e41f8a828645437aab,2025-04-29,8561.771838,1939.7399889135254,902,0.428230141349791,0.4789356984478936,0.5210643015521065,Greed,60
0xbee1707d6b44d4d52bfe19e41f8a828645437aab,2025-04-30,2520.773814,1748.8053333333332,75,0.428230141349791,0.6666666666666666,0.3333333333333333,Greed,56
0xbee1707d6b44d4d52bfe19e41f8a828645437aab,2025-05-01,1364.022527,2448.466488549618,131,0.428230141349791,0.6641221374045801,0.33587786259541985,Neutral,53
